ID,馬名,性別,年齢,父,馬体重,オークション日,落札価格,落札時賞金,現在賞金,ROI,リンク,病歴,繁殖
2623,ツルギトイシヅチ,牡,4,リーチザクラウン,504,2026-02-26,0,2887000,0,0.0,https://auction.keiba.rakuten.co.jp/item/15716,骨折,
2545,ドリームデュネット,牝,16,ディープインパクト,,2026-02-05,0,0,0,0.0,https://auction.keiba.rakuten.co.jp/item/15637,,○
864,コタツデミカン,牡,4,キンシャサノキセキ,475,2025-04-17,990000,6895000,0,-696.5,https://auction.keiba.rakuten.co.jp/item/14012,跛行,
2036,ナムラヒマワリ,牝,1,ヴァンゴッホ,467,2024-10-24,990000,0,0,0.0,https://auction.keiba.rakuten.co.jp/item/13203,打撲,
1055,ペグー,牡,3,バゴ,495,2025-05-29,990000,0,0,0.0,https://auction.keiba.rakuten.co.jp/item/14205,,
2079,リックスター,牝,4,エピファネイア,456,2024-10-31,990000,10700000,0,-1080.8,https://auction.keiba.rakuten.co.jp/item/13246,ゆう癖 / 挫跖,
1350,タドウリョク,牝,2,シャンハイボビー,444,2024-12-19,990000,0,0,0.0,https://auction.keiba.rakuten.co.jp/item/13505,,
1870,クリノアイオライト,牡,2,アスカクリチャン,422,2024-09-19,990000,0,0,0.0,https://auction.keiba.rakuten.co.jp/item/13034,,
1392,ゴームズ,牝,2,モーニン,450,2024-12-26,980000,0,0,0.0,https://auction.keiba.rakuten.co.jp/item/13547,,
543,アルデヤーノ,牡,3,イスラボニータ,476,2025-08-14,980000,720000,0,-73.5,https://auction.keiba.rakuten.co.jp/item/14681,,
793,アクデニズ,牡,3,ミッキースワロー,470,2025-09-11,980000,720000,0,-73.5,https://auction.keiba.rakuten.co.jp/item/14940,旋回癖,
1989,ベアサクシード,牡,3,シルバーステート,468,2024-10-10,980000,9030000,0,-921.4,https://auction.keiba.rakuten.co.jp/item/13156,屈腱炎 / 脚部不安,
828,ジーティースピカ,牝,4,シャンハイボビー,470,2025-09-14,980000,2684000,0,-273.9,https://auction.keiba.rakuten.co.jp/item/14975,繋靭帯炎,
1264,グレイトレッグ,牡,3,ウインブライト,444,2025-07-10,980000,0,0,0.0,https://auction.keiba.rakuten.co.jp/item/14417,旋回癖,
2159,クリノセノーテ,牡,2,シルバーステート,563,2024-11-14,980000,0,0,0.0,https://auction.keiba.rakuten.co.jp/item/13327,,
2007,モモクリサン,牝,2,イスラボニータ,403,2024-10-17,970000,530000,0,-54.6,https://auction.keiba.rakuten.co.jp/item/13174,,
1238,ルナティックアイ,牡,3,ロジャーバローズ,430,2025-07-03,970000,1960000,0,-202.1,https://auction.keiba.rakuten.co.jp/item/14391,さく癖 / 屈腱炎,
1294,レターフロムパリ,牝,4,タリスマニック,462,2025-07-10,970000,2288000,0,-235.9,https://auction.keiba.rakuten.co.jp/item/14448,,
330,フェールブリエ,牡,4,バンブーエール,436,2025-10-02,970000,9880000,0,-1018.6,https://auction.keiba.rakuten.co.jp/item/15073,骨瘤,
1068,バウンドトゥウィン,牝,4,フェノーメノ,422,2025-05-29,960000,3895000,0,-405.7,https://auction.keiba.rakuten.co.jp/item/14219,さく癖,
1950,ミカヅキ,牝,4,ルーラーシップ,484,2024-10-03,960000,4518000,0,-470.6,https://auction.keiba.rakuten.co.jp/item/13115,,
1169,アクシノス,セ,4,ゴールドシップ,464,2025-06-19,960000,4815000,0,-501.6,https://auction.keiba.rakuten.co.jp/item/14322,,
1629,キリマンジャロ,牡,3,バンドワゴン,494,2025-03-06,960000,0,0,0.0,https://auction.keiba.rakuten.co.jp/item/13787,脚部不安 / 跛行,
358,メイショウタザワコ,牝,3,ラブリーデイ,422,2025-10-05,960000,720000,0,-75.0,https://auction.keiba.rakuten.co.jp/item/15101,,
2382,エイシンマクルーベ,牝,3,ワンアンドオンリー,410,2025-12-25,960000,840000,0,-87.5,https://auction.keiba.rakuten.co.jp/item/15476,ゆう癖 / 跛行,
2631,ウインマグノリア,牡,4,サトノダイヤモンド,455,2026-02-26,960000,2390000,0,-249.0,https://auction.keiba.rakuten.co.jp/item/15723,,
311,プレストバローズ,セ,6,ドレフォン,543,2025-09-25,960000,9364000,0,-975.4,https://auction.keiba.rakuten.co.jp/item/15054,,
1287,クリダーム,牡,5,ハーツクライ,502,2025-07-10,9520000,39667000,0,-416.7,https://auction.keiba.rakuten.co.jp/item/14441,,
1086,アイガー,牝,3,サンダースノー,465,2025-06-05,950000,0,0,0.0,https://auction.keiba.rakuten.co.jp/item/14237,,
823,プリンスドール,牡,3,レイデオロ,496,2025-09-14,950000,0,0,0.0,https://auction.keiba.rakuten.co.jp/item/14970,,
1929,クリノイコライザー,セ,7,プリサイスエンド,460,2024-09-26,950000,21965000,0,-2312.1,https://auction.keiba.rakuten.co.jp/item/13094,鼻出血,
2615,エンゼルランプ,牝,3,ダノンプレミアム,442,2026-02-26,950000,0,0,0.0,https://auction.keiba.rakuten.co.jp/item/15708,打撲,
1317,ムコリッタ,牝,3,カリフォルニアクローム,402,2025-07-17,950000,0,0,0.0,https://auction.keiba.rakuten.co.jp/item/14472,,
951,パレスアンバー,牡,2,モーニン,448,2025-05-08,950000,0,0,0.0,https://auction.keiba.rakuten.co.jp/item/14100,,
1040,ラフォンターナ,牡,4,アルアイン,538,2025-05-25,950000,3200000,0,-336.8,https://auction.keiba.rakuten.co.jp/item/14190,蟻洞 / 跛行,
2298,オッフェンバック,牡,2,ブリックスアンドモルタル,446,2024-12-12,950000,0,0,0.0,https://auction.keiba.rakuten.co.jp/item/13468,疝痛,
2365,マッティーナ,牡,5,ビッグアーサー,544,2025-12-25,950000,8305000,0,-874.2,https://auction.keiba.rakuten.co.jp/item/15451,,
2263,レガシーオブエリザ,牝,3,スワーヴリチャード,449,2024-11-28,950000,4850000,0,-510.5,https://auction.keiba.rakuten.co.jp/item/13432,骨折 / 骨片,
2610,セクシーコマンドー,牡,6,ビーチパトロール,470,2026-02-19,940000,11780000,0,-1253.2,https://auction.keiba.rakuten.co.jp/item/15698,跛行,
1836,ダイユウグラフ,牝,3,シルバーステート,478,2024-09-12,940000,0,0,0.0,https://auction.keiba.rakuten.co.jp/item/13000,,
1092,シャインモノリス,牡,3,ビーチパトロール,468,2025-06-05,940000,0,0,0.0,https://auction.keiba.rakuten.co.jp/item/14243,,
614,メイショウサノサ,牝,3,デクラレーションオブウォー,434,2025-08-21,940000,2200000,0,-234.0,https://auction.keiba.rakuten.co.jp/item/14754,骨瘤,
1832,アルマリアルト,牡,3,ヘンリーバローズ,528,2025-04-17,940000,550000,0,-58.5,https://auction.keiba.rakuten.co.jp/item/13996,挫跖 / 脚部不安,
1992,ベラジオボッキーニ,セ,5,アジアエクスプレス,511,2024-10-10,940000,16325000,0,-1736.7,https://auction.keiba.rakuten.co.jp/item/13159,脚部不安 / 骨折,
1080,ジーティージン,牡,4,ワールドエース,480,2025-06-01,940000,0,2757000,293.3,https://auction.keiba.rakuten.co.jp/item/14231,,
798,コルネイユドール,牝,3,マインドユアビスケッツ,434,2025-09-11,940000,2900000,0,-308.5,https://auction.keiba.rakuten.co.jp/item/14945,,
601,ラヴアンドホープ,牝,3,モーリス,488,2025-08-21,940000,0,0,0.0,https://auction.keiba.rakuten.co.jp/item/14740,跛行 / 骨瘤,
2378,マイネルモンテュス,牡,2,ゴールドシップ,502,2025-12-25,940000,0,0,0.0,https://auction.keiba.rakuten.co.jp/item/15472,,
1974,クリノフラッグ,牝,5,モンテロッソ,462,2024-10-10,940000,8893000,0,-946.1,https://auction.keiba.rakuten.co.jp/item/13140,,
1827,エターナルライズ,牝,3,サートゥルナーリア,418,2025-04-17,940000,0,0,0.0,https://auction.keiba.rakuten.co.jp/item/13991,旋回癖,
2573,ビアンケット,牝,5,ヘニーヒューズ,493,2026-02-12,940000,2860000,0,-304.3,https://auction.keiba.rakuten.co.jp/item/15660,,
2319,ラブミーエール,牝,3,バンブーエール,492,2024-12-12,940000,2819000,0,-299.9,https://auction.keiba.rakuten.co.jp/item/13489,屈腱炎,
26,クインズプリンセスの23,牡,2,アジアエクスプレス,471,2025-11-06,940000,0,0,0.0,https://auction.keiba.rakuten.co.jp/item/15260,,
1631,アルディマジオ,牡,3,ドゥラメンテ,536,2025-03-06,940000,0,0,0.0,https://auction.keiba.rakuten.co.jp/item/13789,,
1064,キガン,牝,5,ダイワメジャー,472,2025-05-29,930000,13165000,0,-1415.6,https://auction.keiba.rakuten.co.jp/item/14214,鼻出血,
822,ピンパンポン,牡,3,Wootton Bassett,480,2025-09-14,930000,0,0,0.0,https://auction.keiba.rakuten.co.jp/item/14969,挫跖 / 関節炎,
341,オニマル,牡,3,ビッグアーサー,505,2025-10-02,930000,5100000,0,-548.4,https://auction.keiba.rakuten.co.jp/item/15084,,
1404,エイシンゴーオン,牡,3,エイシンヒカリ,470,2024-12-26,930000,1432000,0,-154.0,https://auction.keiba.rakuten.co.jp/item/13559,,
953,サンドバンブー,牝,4,エスポワールシチー,512,2025-05-08,930000,2375000,0,-255.4,https://auction.keiba.rakuten.co.jp/item/14102,,
1409,マニエジェニー,牝,4,シャンハイボビー,480,2024-12-26,930000,4975000,0,-534.9,https://auction.keiba.rakuten.co.jp/item/13564,,
125,パンテレリア,牡,6,イスラボニータ,514,,930000,22244000,0,-2391.8,https://auction.keiba.rakuten.co.jp/item/15291,,
1594,エクセルアラジン,牡,3,サトノアラジン,478,2025-02-20,930000,90000,0,-9.7,https://auction.keiba.rakuten.co.jp/item/13750,,
1900,クリノマックイーン,牡,2,カレンブラックヒル,452,2024-09-26,930000,0,0,0.0,https://auction.keiba.rakuten.co.jp/item/13065,,
337,バフェ,牡,3,ホッコータルマエ,488,2025-10-02,930000,1005000,0,-108.1,https://auction.keiba.rakuten.co.jp/item/15080,,
1002,プレトリア,セ,10,ヨハネスブルグ,469,2025-05-15,930000,77697000,0,-8354.5,https://auction.keiba.rakuten.co.jp/item/14151,跛行,
1159,メイプルエイト,牡,3,サンダースノー,442,2025-06-19,920000,0,0,0.0,https://auction.keiba.rakuten.co.jp/item/14311,,
1790,サンズオブタイム,牡,7,ディープブリランテ,520,2025-04-03,920000,28310000,0,-3077.2,https://auction.keiba.rakuten.co.jp/item/13953,ゆう癖 / 蕁麻疹 / 跛行 / 骨折,
706,エレガントフルール,牝,4,ヴィクトワールピサ,440,2025-08-28,920000,1675000,0,-182.1,https://auction.keiba.rakuten.co.jp/item/14851,,
1884,クロップ,牡,3,マクマホン,436,2024-09-19,920000,4250000,0,-462.0,https://auction.keiba.rakuten.co.jp/item/13049,さく癖,
1380,グレンノハナ,牝,5,エスポワールシチー,505,2024-12-19,920000,14283000,0,-1552.5,https://auction.keiba.rakuten.co.jp/item/13535,フレグモーネ,
968,バッジオレディネロ,牡,5,ドゥラメンテ,525,2025-05-11,920000,2634000,0,-286.3,https://auction.keiba.rakuten.co.jp/item/14117,骨折,
15254,ブレスト,牝,3,マクマホン,447,2025-11-02,920000,4140000,4140000,0.0,https://auction.keiba.rakuten.co.jp/item/15254,,
1455,オーケーソニック,牝,4,カリフォルニアクローム,426,2025-01-16,920000,5500000,0,-597.8,https://auction.keiba.rakuten.co.jp/item/13610,,
1575,シェヴロンケリー,牝,6,イスラボニータ,463,2025-02-13,920000,7157000,0,-777.9,https://auction.keiba.rakuten.co.jp/item/13731,,
992,エイシンロッキー,牡,4,ジョーカプチーノ,487,2025-05-15,920000,3495000,0,-379.9,https://auction.keiba.rakuten.co.jp/item/14141,骨折,
2334,ルージュシークエル,牝,3,スワーヴリチャード,518,2025-12-25,920000,0,0,0.0,https://auction.keiba.rakuten.co.jp/item/15415,ゆう癖 / 肺出血 / 骨折 / 鼻出血,○
955,マイネルコモドーア,牡,4,ゴールドシップ,457,2025-05-08,920000,7011000,0,-762.1,https://auction.keiba.rakuten.co.jp/item/14104,跛行,
1032,フィリオアレグロ,セ,8,ディープインパクト,485,2025-05-22,920000,69523000,0,-7556.8,https://auction.keiba.rakuten.co.jp/item/14182,,
1718,マインドマイワーズ,牡,4,マインドユアビスケッツ,480,2025-03-23,920000,1120000,0,-121.7,https://auction.keiba.rakuten.co.jp/item/13878,,
67,トリスティ,牝,2,ディーマジェスティ,482,2025-11-13,9190000,6739000,0,-73.3,https://auction.keiba.rakuten.co.jp/item/15306,,
866,ララランド,牝,6,シニスターミニスター,480,2025-04-17,910000,12500000,0,-1373.6,https://auction.keiba.rakuten.co.jp/item/14014,,
2634,シュンレツ,牡,5,ベストウォーリア,451,2026-02-26,910000,3715000,0,-408.2,https://auction.keiba.rakuten.co.jp/item/15726,,
1319,メイショウスエヒロ,牡,3,ダンカーク,446,2025-07-17,910000,0,0,0.0,https://auction.keiba.rakuten.co.jp/item/14474,,
846,サフランクイン,牝,3,カレンブラックヒル,432,2025-09-18,910000,560000,0,-61.5,https://auction.keiba.rakuten.co.jp/item/14994,,
1376,ユイノコドウ,牡,3,ヴィクトワールピサ,469,2024-12-19,910000,8204000,0,-901.5,https://auction.keiba.rakuten.co.jp/item/13531,,
365,メイショウガイフウ,牡,4,キズナ,463,2025-10-05,910000,1110000,0,-122.0,https://auction.keiba.rakuten.co.jp/item/15108,,
1680,スリーオウギ,セ,4,ワールドエース,417,2025-03-13,910000,4275000,0,-469.8,https://auction.keiba.rakuten.co.jp/item/13840,屈腱炎,
1932,ウインダークローズ,牡,7,ロージズインメイ,503,2024-09-26,910000,57590000,0,-6328.6,https://auction.keiba.rakuten.co.jp/item/13097,,
580,ウェットストーン,牝,3,ニューイヤーズデイ,444,2025-08-17,910000,3360000,0,-369.2,https://auction.keiba.rakuten.co.jp/item/14719,,
1707,ベアウェイトゥゴー,牝,4,ルーラーシップ,480,2025-03-20,910000,3766000,0,-413.8,https://auction.keiba.rakuten.co.jp/item/13867,,
1574,アオイツキ,牝,6,トゥザワールド,517,2025-02-13,910000,3012000,0,-331.0,https://auction.keiba.rakuten.co.jp/item/13730,屈腱炎,
2392,ノーダブルディップ,牡,7,リーチザクラウン,538,2025-12-25,910000,61014000,0,-6704.8,https://auction.keiba.rakuten.co.jp/item/15486,,
205,オルソビアンコ,牝,5,ハービンジャー,410,2025-10-16,900000,6200000,0,-688.9,https://auction.keiba.rakuten.co.jp/item/15144,骨折,
325,サンドロック,牝,2,カリフォルニアクローム,436,2025-10-02,900000,0,0,0.0,https://auction.keiba.rakuten.co.jp/item/15068,,
1981,ホロキキ,牝,2,レッドファルクス,450,2024-10-10,900000,608000,0,-67.6,https://auction.keiba.rakuten.co.jp/item/13147,,
2551,サンクスグランパ,セ,8,フサイチセブン,474,2026-02-22,900000,12870000,12870000,0.0,https://auction.keiba.rakuten.co.jp/item/15706,さく癖 / 角膜炎 / 骨折,
745,ウォールローゼ,牡,2,サトノダイヤモンド,477,2025-09-04,900000,3565000,0,-396.1,https://auction.keiba.rakuten.co.jp/item/14892,,
2532,オーロプロサングエ,牡,4,モーリス,482,2026-02-05,900000,84000,84000,0.0,https://auction.keiba.rakuten.co.jp/item/15624,骨折 / 骨片,
2138,エレガントウインク,牝,3,レッドファルクス,454,2024-11-07,900000,7650000,0,-850.0,https://auction.keiba.rakuten.co.jp/item/13306,蟻洞,
1044,インゴットバード,牡,7,ディスクリートキャット,507,2025-05-25,900000,13920000,0,-1546.7,https://auction.keiba.rakuten.co.jp/item/14194,骨折,
675,ラストプリンセス,牝,3,ドゥラメンテ,418,2025-08-28,900000,560000,0,-62.2,https://auction.keiba.rakuten.co.jp/item/14820,骨折,
495,タツノドリーム,牝,3,ゴールドドリーム,467,2025-08-07,890000,1400000,0,-157.3,https://auction.keiba.rakuten.co.jp/item/14631,,
872,ソングフォーユー,牝,6,キタサンブラック,470,2025-04-20,890000,18440000,0,-2071.9,https://auction.keiba.rakuten.co.jp/item/14020,,
946,スコプルス,牝,5,ゴールドシップ,438,2025-05-08,890000,13335000,0,-1498.3,https://auction.keiba.rakuten.co.jp/item/14095,炎症,
958,エイシンセラフィム,牡,5,ジャスタウェイ,516,2025-05-08,890000,7525000,0,-845.5,https://auction.keiba.rakuten.co.jp/item/14107,喉鳴り / 蟻洞,
2290,エクスプロア,牡,5,ドゥラメンテ,507,2024-12-05,890000,4378000,0,-491.9,https://auction.keiba.rakuten.co.jp/item/13460,挫跖 / 骨折,
2168,フィッツジェラルド,牡,3,イスラボニータ,532,2024-11-14,890000,2900000,0,-325.8,https://auction.keiba.rakuten.co.jp/item/13336,跛行 / 骨折 / 骨片 / 骨瘤,
1969,シュライフェ,牝,4,リーチザクラウン,502,2024-10-10,890000,2740000,0,-307.9,https://auction.keiba.rakuten.co.jp/item/13135,蟻洞 / 骨瘤,
637,メイブロッサム,牝,3,ブリックスアンドモルタル,430,2025-08-24,890000,0,0,0.0,https://auction.keiba.rakuten.co.jp/item/14780,,
518,アップリンク,牝,3,サトノアラジン,428,2025-08-14,890000,0,496000,55.7,https://auction.keiba.rakuten.co.jp/item/14656,骨折,
1986,エイシンノヴァ,牡,3,ノヴェリスト,442,2024-10-10,890000,2463000,0,-276.7,https://auction.keiba.rakuten.co.jp/item/13153,,
1615,コスモカノア,牝,4,ゴールドシップ,372,2025-02-27,880000,3860000,0,-438.6,https://auction.keiba.rakuten.co.jp/item/13771,跛行 / 骨瘤,
1708,ティンダルナイン,牝,4,アメリカンペイトリオット,453,2025-03-20,880000,8280000,0,-940.9,https://auction.keiba.rakuten.co.jp/item/13868,,
2197,エイシンスコッティ,セ,5,ニホンピロアワーズ,551,2024-11-14,880000,8362000,0,-950.2,https://auction.keiba.rakuten.co.jp/item/13366,骨折,
771,シカレ,牝,3,American Pharoah,420,2025-09-07,880000,2500000,0,-284.1,https://auction.keiba.rakuten.co.jp/item/14918,ゆう癖,
97,マイネルメテオーラ,牡,2,ベンバトル,526,2025-11-20,870000,0,0,0.0,https://auction.keiba.rakuten.co.jp/item/15339,,
1210,バックアップアゲン,牝,3,ビッグアーサー,474,2025-06-26,870000,3200000,0,-367.8,https://auction.keiba.rakuten.co.jp/item/14363,さく癖 / 喉頭蓋エントラップメント,
2039,フクシマジンロッソ,牡,2,ロゴタイプ,442,2024-10-24,870000,0,0,0.0,https://auction.keiba.rakuten.co.jp/item/13206,骨瘤,
2085,カルストンオリビア,牝,2,フェノーメノ,412,2024-10-31,870000,35000,0,-4.0,https://auction.keiba.rakuten.co.jp/item/13252,,
725,ランドオブファイア,牡,3,ゴールスキー,492,2025-09-04,870000,0,0,0.0,https://auction.keiba.rakuten.co.jp/item/14872,骨折 / 骨片,
1829,トゥルプ,牝,3,デクラレーションオブウォー,476,2025-04-17,870000,0,0,0.0,https://auction.keiba.rakuten.co.jp/item/13993,,
2152,デュアルキャリアー,牡,8,War Front,556,2024-11-07,870000,18856000,0,-2167.4,https://auction.keiba.rakuten.co.jp/item/13320,骨折 / 骨片,
1167,エポナメロディー,牝,3,オールブラッシュ,434,2025-06-19,870000,3935000,0,-452.3,https://auction.keiba.rakuten.co.jp/item/14320,,
102,ウィルプレイス,牝,2,ヘニーヒューズ,470,2025-11-20,870000,630000,0,-72.4,https://auction.keiba.rakuten.co.jp/item/15344,跛行,
996,トレイルリッジ,牝,4,ジャスタウェイ,484,2025-05-15,870000,12500000,0,-1436.8,https://auction.keiba.rakuten.co.jp/item/14145,,
126,イテマエダセン,牡,5,キンシャサノキセキ,502,2025-10-23,870000,2927000,0,-336.4,https://auction.keiba.rakuten.co.jp/item/15188,疝痛 / 骨折,
1936,オーケーミネルバ,牝,3,リオンディーズ,472,2024-10-03,870000,700000,0,-80.5,https://auction.keiba.rakuten.co.jp/item/13101,挫跖,
979,ジーティーパール,牝,3,シュヴァルグラン,434,2025-05-15,870000,0,0,0.0,https://auction.keiba.rakuten.co.jp/item/14128,,
647,ウィナーズロジャー,牡,2,ロジャーバローズ,478,2025-08-24,870000,0,0,0.0,https://auction.keiba.rakuten.co.jp/item/14790,,
1216,ルクスデルフィー,牝,4,キタサンブラック,454,2025-06-26,870000,0,0,0.0,https://auction.keiba.rakuten.co.jp/item/14369,,
535,ファーニスクリーク,セ,3,キタサンブラック,496,2025-08-14,870000,0,2000000,229.9,https://auction.keiba.rakuten.co.jp/item/14673,DDSP / 喘鳴症,
1233,デリツィオーサ,牝,3,モーリス,464,2025-07-03,870000,0,0,0.0,https://auction.keiba.rakuten.co.jp/item/14386,カケス,
1702,スプラウティング,セ,6,ダイワメジャー,518,2025-03-20,8610000,56256000,0,-653.4,https://auction.keiba.rakuten.co.jp/item/13862,,
1843,ロデオクイーン,牝,3,ハービンジャー,392,2024-09-12,860000,1150000,0,-133.7,https://auction.keiba.rakuten.co.jp/item/13007,,
2548,ルーン,牝,3,クリソベリル,465,2026-02-22,860000,0,0,0.0,https://auction.keiba.rakuten.co.jp/item/15703,,
1096,ヒーローレジェンド,牡,3,スクリーンヒーロー,462,2025-06-05,860000,0,0,0.0,https://auction.keiba.rakuten.co.jp/item/14247,,
709,エスシーボニー,牝,3,ストロングリターン,430,2025-08-31,860000,0,0,0.0,https://auction.keiba.rakuten.co.jp/item/14854,,
786,ディプタルアスール,牡,3,フィエールマン,454,2025-09-11,860000,0,0,0.0,https://auction.keiba.rakuten.co.jp/item/14933,旋回癖,
717,アットザホップ,牝,3,サトノアラジン,422,2025-09-04,860000,0,0,0.0,https://auction.keiba.rakuten.co.jp/item/14862,,
1083,ナムラカメジロー,牡,4,サンダースノー,519,2025-06-01,860000,3370000,0,-391.9,https://auction.keiba.rakuten.co.jp/item/14234,ゆう癖 / 蟻洞,
2314,シスコスター,牝,3,モーリス,480,2024-12-12,860000,675000,0,-78.5,https://auction.keiba.rakuten.co.jp/item/13484,骨瘤,
1278,サスペンスクィーン,牝,3,サンダースノー,450,2025-07-10,860000,550000,0,-64.0,https://auction.keiba.rakuten.co.jp/item/14431,,
287,ブルームソング,牝,3,ミスターメロディ,516,2025-09-21,860000,0,0,0.0,https://auction.keiba.rakuten.co.jp/item/15028,,
1501,エイシンスキッピオ,牡,6,エイシンヒカリ,492,2025-01-23,860000,4850000,0,-564.0,https://auction.keiba.rakuten.co.jp/item/13656,OCD / 跛行 / 骨片,
856,ナムラシベラ,牝,7,ミッキーアイル,440,2025-04-17,860000,12090000,0,-1405.8,https://auction.keiba.rakuten.co.jp/item/14004,,
2359,ベッティーナ,牝,4,リオンディーズ,447,2025-12-25,860000,2600000,0,-302.3,https://auction.keiba.rakuten.co.jp/item/15444,ゆう癖 / 感冒,
1854,ヴァルトラウテ,牝,4,レッドファルクス,450,2024-09-12,860000,6550000,0,-761.6,https://auction.keiba.rakuten.co.jp/item/13018,,
391,ベルフォン,牝,3,ドレフォン,410,2025-07-24,850000,0,0,0.0,https://auction.keiba.rakuten.co.jp/item/14527,,
318,アクアリッズ,牡,3,サトノクラウン,484,2025-09-28,850000,84000,0,-9.9,https://auction.keiba.rakuten.co.jp/item/15061,骨折 / 骨片,
1590,ゼウスビスティー,牡,5,シニスターミニスター,498,2025-02-20,850000,19250000,0,-2264.7,https://auction.keiba.rakuten.co.jp/item/13746,繋靭帯炎,
1093,スマートピリカ,牝,3,カリフォルニアクローム,474,2025-06-05,840000,0,0,0.0,https://auction.keiba.rakuten.co.jp/item/14244,,
1828,サヨノスピークロウ,牡,3,タワーオブロンドン,470,2025-04-17,840000,0,0,0.0,https://auction.keiba.rakuten.co.jp/item/13992,旋回癖,
2277,プロシュ,牝,2,ドリームバレンチノ,437,2024-12-05,840000,1655000,0,-197.0,https://auction.keiba.rakuten.co.jp/item/13447,,
825,フィナルフェリス,牝,3,イスラボニータ,426,2025-09-14,840000,840000,0,-100.0,https://auction.keiba.rakuten.co.jp/item/14972,,
800,エキゾチックガール,牝,3,ダノンバラード,416,2025-09-11,840000,3080000,0,-366.7,https://auction.keiba.rakuten.co.jp/item/14947,筋肉痛,
785,グランヴァルール,牝,3,リアルスティール,474,2025-09-11,840000,0,0,0.0,https://auction.keiba.rakuten.co.jp/item/14932,脚部不安,
1542,バーミリオンクリフ,牡,6,モーリス,480,2025-02-06,840000,10600000,0,-1261.9,https://auction.keiba.rakuten.co.jp/item/13697,挫跖 / 骨瘤 / 鼻出血,
2632,エイシンタヴェルナ,牝,4,ストロングリターン,434,2026-02-26,840000,3722000,0,-443.1,https://auction.keiba.rakuten.co.jp/item/15724,,
2487,ウフルピーク,牝,3,ロードカナロア,410,,840000,0,0,0.0,https://auction.keiba.rakuten.co.jp/item/15240,,○
1457,クリノマイスター,牡,5,ラブリーデイ,500,2025-01-16,840000,520000,0,-61.9,https://auction.keiba.rakuten.co.jp/item/13612,骨折,
1567,ベアグッバイ,牝,3,スズカコーズウェイ,475,2025-02-13,840000,895000,0,-106.5,https://auction.keiba.rakuten.co.jp/item/13723,,
1624,キャリーアドリーム,牝,5,ノヴェリスト,405,2025-02-27,840000,4291000,0,-510.8,https://auction.keiba.rakuten.co.jp/item/13781,,
1512,ランワールドワン,牡,3,カリフォルニアクローム,486,2025-01-30,840000,0,0,0.0,https://auction.keiba.rakuten.co.jp/item/13667,跛行,
560,プレジャー,牝,4,リアルインパクト,499,2025-08-14,840000,5195000,0,-618.5,https://auction.keiba.rakuten.co.jp/item/14698,,
1803,アイヅワカマツ,牡,3,サトノアラジン,460,2025-04-10,830000,0,0,0.0,https://auction.keiba.rakuten.co.jp/item/13966,,
2522,ルミナスクイーン,牝,3,サトノアラジン,422,2026-02-05,830000,36500000,0,-4397.6,https://auction.keiba.rakuten.co.jp/item/15614,,
441,リンガスマイル,牡,3,ゴールデンマンデラ,504,2025-07-31,830000,0,0,0.0,https://auction.keiba.rakuten.co.jp/item/14577,ゆう癖,
2195,メリーコッカー,牝,4,ミッキーロケット,426,2024-11-14,830000,4780000,0,-575.9,https://auction.keiba.rakuten.co.jp/item/13363,さく癖,
1156,ノワスティエ,牝,3,ストロングリターン,434,2025-06-19,830000,0,0,0.0,https://auction.keiba.rakuten.co.jp/item/14308,骨瘤,
1647,ファイアスター,牡,4,ファインニードル,477,2025-03-06,830000,1950000,0,-234.9,https://auction.keiba.rakuten.co.jp/item/13806,骨瘤,
2113,レペンテ,牝,2,ダノンバラード,412,2024-11-07,830000,720000,0,-86.7,https://auction.keiba.rakuten.co.jp/item/13281,,
591,ジュンベルベット,牡,3,カレンブラックヒル,456,2025-08-21,830000,0,0,0.0,https://auction.keiba.rakuten.co.jp/item/14730,,
2101,ムーンローバー,牡,4,ロージズインメイ,518,2024-10-31,830000,9052000,0,-1090.6,https://auction.keiba.rakuten.co.jp/item/13268,,
995,エイシンチョンパ,牡,4,エーシントップ,527,2025-05-15,830000,7804000,0,-940.2,https://auction.keiba.rakuten.co.jp/item/14144,,
541,アルデココ,牝,3,スワーヴリチャード,474,2025-08-14,820000,550000,0,-67.1,https://auction.keiba.rakuten.co.jp/item/14679,ゆう癖,
1601,リバーサルバレット,牡,6,ジャスタウェイ,494,2025-02-20,820000,35552000,0,-4335.6,https://auction.keiba.rakuten.co.jp/item/13757,さく癖 / ゆう癖 / 裂蹄 / 骨折,
2002,キャッチザロマンス,牝,4,ノヴェリスト,408,2024-10-17,820000,2160000,0,-263.4,https://auction.keiba.rakuten.co.jp/item/13169,,
2248,クリノスペリオル,牡,2,コパノリッキー,458,2024-11-28,820000,0,0,0.0,https://auction.keiba.rakuten.co.jp/item/13417,,
2202,フライオールデイズ,牡,9,スペシャルウィーク,518,2024-11-14,820000,21374000,0,-2606.6,https://auction.keiba.rakuten.co.jp/item/13371,骨折,
1715,グランモール,牡,8,パイロ,520,2025-03-20,820000,14495000,0,-1767.7,https://auction.keiba.rakuten.co.jp/item/13875,打撲 / 跛行 / 骨折 / 骨片,
2549,リケアコンパンナ,牡,4,ビッグアーサー,470,2026-02-22,820000,5590000,5590000,0.0,https://auction.keiba.rakuten.co.jp/item/15704,骨折,
2171,カゲツ,牝,4,フリオーソ,448,2024-11-14,820000,1316000,0,-160.5,https://auction.keiba.rakuten.co.jp/item/13339,,
344,ファインノーブル,牝,4,マジェスティックウォリアー,474,2025-10-02,820000,1970000,0,-240.2,https://auction.keiba.rakuten.co.jp/item/15087,骨折,
1546,ミライヘノメグミ,牝,4,ディスクリートキャット,455,2025-02-06,820000,5400000,0,-658.5,https://auction.keiba.rakuten.co.jp/item/13701,,
2401,ヴォラーレ,牡,3,ハッピースプリント,434,2025-12-25,820000,6905000,0,-842.1,https://auction.keiba.rakuten.co.jp/item/15495,,
2227,ムサシ,牡,3,ラブリーデイ,446,2024-11-21,820000,6150000,0,-750.0,https://auction.keiba.rakuten.co.jp/item/13396,,
1364,エテルネル,牝,4,タリスマニック,486,2024-12-19,820000,11520000,0,-1404.9,https://auction.keiba.rakuten.co.jp/item/13519,鼻出血,
1639,ノーティアス,牡,6,ハービンジャー,518,2025-03-06,820000,8480000,0,-1034.1,https://auction.keiba.rakuten.co.jp/item/13797,フレグモーネ,
2199,フォックススリープ,セ,6,カレンブラックヒル,478,2024-11-14,810000,26095000,0,-3221.6,https://auction.keiba.rakuten.co.jp/item/13368,疝痛,
1128,シプレーノート,牝,3,ディーマジェスティ,440,2025-06-12,810000,0,0,0.0,https://auction.keiba.rakuten.co.jp/item/14280,,
2124,オオタニズスマイル,牡,3,ルーラーシップ,486,2024-11-07,810000,428000,0,-52.8,https://auction.keiba.rakuten.co.jp/item/13292,,
841,バックパック,牝,3,サートゥルナーリア,452,2025-09-18,810000,0,0,0.0,https://auction.keiba.rakuten.co.jp/item/14989,骨瘤,
2523,ウインアレグロ,牝,3,クリソベリル,478,2026-02-05,810000,0,0,0.0,https://auction.keiba.rakuten.co.jp/item/15615,,
460,サバンナモンキー,牡,6,シニスターミニスター,470,2025-07-31,810000,21015000,0,-2594.4,https://auction.keiba.rakuten.co.jp/item/14596,鼻出血,
1310,イチジョウサクラ,牝,3,シルバーステート,426,2025-07-17,810000,0,0,0.0,https://auction.keiba.rakuten.co.jp/item/14464,,
935,ピエノダモーレ,牝,3,ロゴタイプ,460,2025-05-08,810000,0,0,0.0,https://auction.keiba.rakuten.co.jp/item/14083,,
1881,エクセレントラン,セ,7,ジャングルポケット,490,2024-09-19,810000,39630000,0,-4892.6,https://auction.keiba.rakuten.co.jp/item/13046,屈腱炎,
772,ラヴァフォール,牝,3,アルアイン,418,2025-09-07,810000,3200000,0,-395.1,https://auction.keiba.rakuten.co.jp/item/14919,鼻出血,
933,バストス,牝,3,リアルスティール,486,2025-05-08,810000,0,0,0.0,https://auction.keiba.rakuten.co.jp/item/14081,脚部不安,
187,アリユールボルト,牡,3,スマートファルコン,510,2025-10-09,810000,2600000,2876000,34.1,https://auction.keiba.rakuten.co.jp/item/15126,さく癖,
975,カスミヅキ,牡,3,アドマイヤムーン,462,2025-05-15,810000,0,0,0.0,https://auction.keiba.rakuten.co.jp/item/14124,,
98,ランスオブフェイス,牝,3,ゴールドシップ,478,2025-11-20,810000,1600000,0,-197.5,https://auction.keiba.rakuten.co.jp/item/15340,,
2061,ピースフルタイム,牡,7,デクラレーションオブウォー,482,2024-10-24,810000,7985000,0,-985.8,https://auction.keiba.rakuten.co.jp/item/13228,跛行,
15255,スフレ,牝,3,ルヴァンスレーヴ,434,2025-11-02,810000,5918000,0,-730.6,https://auction.keiba.rakuten.co.jp/item/15255,,
1421,トゥラムプラッツ,牡,4,オルフェーヴル,490,2025-01-09,810000,0,0,0.0,https://auction.keiba.rakuten.co.jp/item/13576,跛行,
1219,ノースザワールド,牡,7,ディープインパクト,490,2025-06-26,810000,130925000,0,-16163.6,https://auction.keiba.rakuten.co.jp/item/14372,繋靭帯炎,
2095,ラインポーチュラカ,牝,5,アニマルキングダム,516,2026-02-26,810000,3857000,0,-476.2,https://auction.keiba.rakuten.co.jp/item/15727,裂蹄,
516,アンドゥーラ,牡,4,ドゥラメンテ,478,2025-08-10,810000,14650000,14650000,0.0,https://auction.keiba.rakuten.co.jp/item/14654,骨折,
2236,チャオベッラ,牝,5,ハービンジャー,481,2024-11-21,810000,13185000,0,-1627.8,https://auction.keiba.rakuten.co.jp/item/13405,,
110,イオシーワン,牝,3,ナダル,453,2025-11-20,810000,3445000,0,-425.3,https://auction.keiba.rakuten.co.jp/item/15354,骨折,
2640,ウイントッペン,牡,3,エーシントップ,484,2026-03-01,810000,3000000,0,-370.4,https://auction.keiba.rakuten.co.jp/item/15736,骨折,
1009,エイシンネクタル,牡,5,イスラボニータ,467,2025-05-18,810000,15115000,0,-1866.0,https://auction.keiba.rakuten.co.jp/item/14158,鼻出血,
2583,ラウダーティオ,牡,3,ワールドエース,478,2026-02-15,8010000,16085000,0,-200.8,https://auction.keiba.rakuten.co.jp/item/15670,,
2027,イチゴショート,牝,6,エイシンヒカリ,430,2024-10-17,800000,4360000,0,-545.0,https://auction.keiba.rakuten.co.jp/item/13194,,
50,スペシャルフライト,牝,9,Bel Esprit,480,2025-11-06,800000,0,0,0.0,https://auction.keiba.rakuten.co.jp/item/15284,,○
1228,インナーリソース,牡,3,サトノダイヤモンド,460,2025-07-03,800000,0,0,0.0,https://auction.keiba.rakuten.co.jp/item/14381,,
936,プルメリアリング,牝,3,シルバーステート,432,2025-05-08,800000,0,0,0.0,https://auction.keiba.rakuten.co.jp/item/14084,,
1593,メタルスパーク,セ,8,ジョーカプチーノ,488,2025-02-20,800000,45588000,0,-5698.5,https://auction.keiba.rakuten.co.jp/item/13749,繋靭帯炎 / 跛行,
1956,ミヤコノユメ,牝,8,ロードカナロア,400,2024-10-03,800000,0,0,0.0,https://auction.keiba.rakuten.co.jp/item/13121,,○
904,テクノアップル,牝,2,リアルスティール,416,2025-04-24,800000,210000,0,-26.3,https://auction.keiba.rakuten.co.jp/item/14052,脚部不安,
2105,ハッピーパーティー,牝,10,クロフネ,400,2024-10-31,800000,0,0,0.0,https://auction.keiba.rakuten.co.jp/item/13272,,○
870,マダムシーファー,牝,3,ブリックスアンドモルタル,418,2025-04-20,800000,0,0,0.0,https://auction.keiba.rakuten.co.jp/item/14018,跛行,
1397,コントリビューター,牡,4,ハービンジャー,482,2024-12-26,800000,5580000,0,-697.5,https://auction.keiba.rakuten.co.jp/item/13552,打撲 / 旋回癖,
1996,ハクシンレガロ,牝,4,エピファネイア,400,2024-10-10,800000,0,0,0.0,https://auction.keiba.rakuten.co.jp/item/13163,球節炎 / 骨瘤,○
891,カゲンノツキ,牝,4,ネオユニヴァース,432,2025-04-24,800000,1452000,0,-181.5,https://auction.keiba.rakuten.co.jp/item/14039,蟻洞,
892,ホウオウマリアン,牝,4,マツリダゴッホ,448,2025-04-24,800000,1480000,0,-185.0,https://auction.keiba.rakuten.co.jp/item/14040,,
2440,ウーニャ,牝,6,ヴィットリオドーロ,457,,800000,12800000,0,-1600.0,https://auction.keiba.rakuten.co.jp/item/13783,,
1016,ライトニングラン,牝,3,ヤマカツエース,428,2025-05-22,800000,0,0,0.0,https://auction.keiba.rakuten.co.jp/item/14165,,
710,エムズドリーム,牡,3,ゴールドドリーム,422,2025-08-31,800000,0,0,0.0,https://auction.keiba.rakuten.co.jp/item/14855,,
1632,アルフィオーレ,牝,3,マクフィ,404,2025-03-06,800000,0,0,0.0,https://auction.keiba.rakuten.co.jp/item/13790,,
1955,マイネルアンファン,牡,9,アイルハヴアナザー,518,2024-10-03,800000,63238000,0,-7904.8,https://auction.keiba.rakuten.co.jp/item/13120,DDSP / フレグモーネ / 跛行,
1894,ヴァルムチェーナの23,牝,1,ゴールドシップ,402,2024-09-26,800000,0,0,0.0,https://auction.keiba.rakuten.co.jp/item/13059,骨折 / 骨片,
2035,ブーケパルフェの23,牝,1,ワールドエース,376,2024-10-24,800000,0,0,0.0,https://auction.keiba.rakuten.co.jp/item/13202,屈腱炎,
661,メイショウイントロ,牝,3,キタサンブラック,472,2025-08-28,800000,0,0,0.0,https://auction.keiba.rakuten.co.jp/item/14805,,
2023,エコロジョイアー,牡,4,サトノアラジン,499,2024-10-17,800000,1350000,0,-168.8,https://auction.keiba.rakuten.co.jp/item/13190,,
1320,メイショウミスイチ,牝,3,フィエールマン,444,2025-07-17,800000,0,0,0.0,https://auction.keiba.rakuten.co.jp/item/14475,,
1730,ブラゾンロワイヤル,牡,3,ハービンジャー,504,2025-03-27,800000,0,0,0.0,https://auction.keiba.rakuten.co.jp/item/13892,,
1480,コックリサン,牝,3,レインボーライン,414,2025-01-23,800000,0,0,0.0,https://auction.keiba.rakuten.co.jp/item/13635,,
905,エイシンシャルマン,牡,3,シュヴァルグラン,511,2025-04-24,790000,2507000,0,-317.3,https://auction.keiba.rakuten.co.jp/item/14053,,
1663,グリンダ,牝,3,ウインブライト,434,2025-03-13,790000,0,0,0.0,https://auction.keiba.rakuten.co.jp/item/13823,,
1000,スイングステート,牡,6,シルバーステート,572,2025-05-15,790000,18322000,0,-2319.2,https://auction.keiba.rakuten.co.jp/item/14149,,
1785,サブノフクムスメ,牝,4,ロージズインメイ,495,2025-04-03,790000,4025000,0,-509.5,https://auction.keiba.rakuten.co.jp/item/13948,骨折,
1024,グランツリッター,牡,3,シュヴァルグラン,447,2025-05-22,790000,1333000,0,-168.7,https://auction.keiba.rakuten.co.jp/item/14174,,
1077,チャンドラマハル,牝,3,ブリックスアンドモルタル,498,2025-06-01,790000,0,0,0.0,https://auction.keiba.rakuten.co.jp/item/14228,,
531,チャットケリー,牝,3,アルアイン,420,2025-08-14,780000,0,1322000,169.5,https://auction.keiba.rakuten.co.jp/item/14669,,
2534,ゴールドシリカ,牝,4,ゴールドドリーム,453,2026-02-05,780000,3888000,3887000,-0.1,https://auction.keiba.rakuten.co.jp/item/15626,,
1321,メイズ,牝,3,ロジャーバローズ,468,2025-07-17,780000,0,0,0.0,https://auction.keiba.rakuten.co.jp/item/14476,屈腱炎 / 打撲,
653,クオレプリマドンナ,牝,3,モーリス,462,2025-08-28,780000,0,0,0.0,https://auction.keiba.rakuten.co.jp/item/14796,骨折,
1484,デュエルイメル,牡,4,ヘニーヒューズ,510,2025-01-23,780000,0,0,0.0,https://auction.keiba.rakuten.co.jp/item/13639,蟻洞,
758,ハクアイゴジロー,牡,7,パイロ,550,2025-09-04,780000,21120000,0,-2707.7,https://auction.keiba.rakuten.co.jp/item/14905,ゆう癖,
1100,コスモメモラブル,牝,3,ダノンバラード,396,2025-06-05,780000,560000,0,-71.8,https://auction.keiba.rakuten.co.jp/item/14251,,
1563,クラウドクラスター,牡,6,アドマイヤムーン,478,2025-02-13,780000,4890000,0,-626.9,https://auction.keiba.rakuten.co.jp/item/13719,,
878,アカイツキ,牝,3,アメリカンペイトリオット,482,2025-04-24,780000,0,0,0.0,https://auction.keiba.rakuten.co.jp/item/14026,ゆう癖,
1984,クリノフロンティア,牡,3,フリオーソ,440,2024-10-10,780000,550000,0,-70.5,https://auction.keiba.rakuten.co.jp/item/13150,,
1582,カレンスカーレル,牝,3,ジャスタウェイ,466,2025-02-20,780000,0,0,0.0,https://auction.keiba.rakuten.co.jp/item/13738,,
2559,ミヤビエクセレント,牝,5,オルフェーヴル,483,2026-02-08,780000,2562000,0,-328.5,https://auction.keiba.rakuten.co.jp/item/15646,,
512,アーリドラータ,牡,3,エポカドーロ,468,2025-08-10,780000,840000,0,-107.7,https://auction.keiba.rakuten.co.jp/item/14649,骨折,
2561,アツンケル,牝,3,タニノフランケル,560,2026-02-12,780000,0,0,0.0,https://auction.keiba.rakuten.co.jp/item/15648,,
93,アンラコル,牝,2,ゴールドシップ,446,2025-11-20,780000,0,0,0.0,https://auction.keiba.rakuten.co.jp/item/15335,DDSP,
476,サンパギータチャン,牝,3,ダノンレジェンド,386,2025-08-07,780000,0,0,0.0,https://auction.keiba.rakuten.co.jp/item/14612,,
1603,ロンギングドルチェ,牝,4,ドゥラメンテ,400,2025-02-20,780000,0,0,0.0,https://auction.keiba.rakuten.co.jp/item/13759,繋靭帯炎 / 骨折,○
459,メイショウミチロク,牡,5,ゴールドシップ,495,2025-07-31,780000,4980000,0,-638.5,https://auction.keiba.rakuten.co.jp/item/14595,,
1799,ビッグリュウオー,セ,5,ビッグアーサー,503,2025-04-06,780000,10080000,0,-1292.3,https://auction.keiba.rakuten.co.jp/item/13962,ゆう癖,
1506,ロットゥーラ,牡,5,バゴ,472,2025-01-23,780000,3850000,0,-493.6,https://auction.keiba.rakuten.co.jp/item/13661,裂蹄,
1756,ジュンツーポイント,牡,6,アドマイヤムーン,495,2025-03-27,780000,5570000,0,-714.1,https://auction.keiba.rakuten.co.jp/item/13918,さく癖 / 感冒,
829,ワタシイノッテマス,牡,2,ガルボ,456,2025-09-14,7710000,2500000,0,-32.4,https://auction.keiba.rakuten.co.jp/item/14976,,
1706,ハクアイドリーム,牡,4,タリスマニック,455,2025-03-20,770000,2727000,0,-354.2,https://auction.keiba.rakuten.co.jp/item/13866,,
949,ビヨンドザタイム,牡,6,ダイワメジャー,466,2025-05-08,770000,9850000,0,-1279.2,https://auction.keiba.rakuten.co.jp/item/14098,,
1017,ロングトーン,牝,3,ダノンバラード,380,2025-05-22,770000,0,0,0.0,https://auction.keiba.rakuten.co.jp/item/14166,,
1417,ベアショット,牝,3,ダノンバラード,462,2025-01-09,770000,0,0,0.0,https://auction.keiba.rakuten.co.jp/item/13572,,
380,キョウエイレッド,牝,3,レッドファルクス,406,2025-07-24,770000,0,0,0.0,https://auction.keiba.rakuten.co.jp/item/14515,,
1816,シュライバー,牡,3,バーディバーディ,474,2025-04-10,770000,2360000,0,-306.5,https://auction.keiba.rakuten.co.jp/item/13980,さく癖,
499,ヒノタマボーイ,牡,5,ヴィクトワールピサ,470,2025-08-07,770000,5460000,0,-709.1,https://auction.keiba.rakuten.co.jp/item/14635,,
1740,エメラルドビーチ(IRE),牡,5,Gleneagles,532,2025-03-27,7660000,37780000,0,-493.2,https://auction.keiba.rakuten.co.jp/item/13902,,
1564,ヴェルトライゼンデ,牡,8,ドリームジャーニー,500,2025-02-13,7600000,378047000,0,-4974.3,https://auction.keiba.rakuten.co.jp/item/13720,屈腱炎 / 脚部不安 / 骨折,
1719,コスモタラゴン,牡,4,ロージズインメイ,459,2025-03-23,760000,7280000,0,-957.9,https://auction.keiba.rakuten.co.jp/item/13879,感冒 / 骨瘤,
472,エファルジェント,牝,3,サングレーザー,442,2025-08-07,760000,0,547000,72.0,https://auction.keiba.rakuten.co.jp/item/14608,,
285,ジェイエルタイド,牝,3,ノーブルミッション,433,2025-09-21,760000,0,0,0.0,https://auction.keiba.rakuten.co.jp/item/15026,,
941,コスモコロネット,牝,3,サトノクラウン,404,2025-05-08,760000,4280000,0,-563.2,https://auction.keiba.rakuten.co.jp/item/14090,打撲,
2020,リルフロスト,牡,3,スノードラゴン,496,2024-10-17,760000,3060000,0,-402.6,https://auction.keiba.rakuten.co.jp/item/13187,感冒,
1766,シャラク,牡,4,ホッコータルマエ,523,2025-03-30,760000,1985000,0,-261.2,https://auction.keiba.rakuten.co.jp/item/13928,,
393,マーシフルルーラー,牡,3,ルーラーシップ,534,2025-07-24,760000,0,0,0.0,https://auction.keiba.rakuten.co.jp/item/14529,,
711,ジークヴァルツァー,牡,3,デクラレーションオブウォー,550,2025-08-31,760000,0,0,0.0,https://auction.keiba.rakuten.co.jp/item/14856,DDSP,
1218,エイシンデュエラー,牡,6,ドゥラメンテ,497,2025-06-26,760000,14101000,0,-1855.4,https://auction.keiba.rakuten.co.jp/item/14371,さく癖 / 大腸炎 / 骨折,
2338,サウンドコネクト,セ,2,サートゥルナーリア,434,2025-12-25,760000,0,0,0.0,https://auction.keiba.rakuten.co.jp/item/15419,,
1360,テイクノーティス,牡,3,ハービンジャー,448,2024-12-19,760000,3010000,0,-396.1,https://auction.keiba.rakuten.co.jp/item/13515,骨折,
1859,キョウエイバジル,牝,2,アポロケンタッキー,421,2024-09-12,760000,800000,0,-105.3,https://auction.keiba.rakuten.co.jp/item/13023,,
840,ノブノリオウ,牡,3,サトノダイヤモンド,434,2025-09-18,760000,0,0,0.0,https://auction.keiba.rakuten.co.jp/item/14988,,
2619,ミツカネマルテ,牝,3,シルバーステート,440,2026-02-26,760000,0,0,0.0,https://auction.keiba.rakuten.co.jp/item/15712,ゆう癖 / 屈腱炎,
1176,マイアイガー,牡,6,コパノリッキー,522,2025-06-19,760000,6405000,0,-842.8,https://auction.keiba.rakuten.co.jp/item/14329,骨折 / 骨膜炎,
2225,フェイズオブムーン,牝,3,パイロ,448,2024-11-21,750000,4405000,0,-587.3,https://auction.keiba.rakuten.co.jp/item/13394,,
138,オッハッピー,牝,2,ハッピースプリント,424,2025-11-27,750000,0,0,0.0,https://auction.keiba.rakuten.co.jp/item/15366,,
1250,マイネルイリャルギ,牡,8,ベーカバド,517,2025-07-03,750000,46170000,0,-6156.0,https://auction.keiba.rakuten.co.jp/item/14403,ゆう癖 / 挫跖 / 旋回癖,
2358,カルミネイション,牝,3,ビッグアーサー,458,2025-12-25,750000,6240000,0,-832.0,https://auction.keiba.rakuten.co.jp/item/15443,,
429,アイドルフェスタ,牝,3,カリフォルニアクローム,460,2025-07-31,750000,0,1468000,195.7,https://auction.keiba.rakuten.co.jp/item/14565,OCD / 骨折 / 骨片,
1899,クリノホムラ,牡,2,トゥザワールド,466,2024-09-26,750000,0,0,0.0,https://auction.keiba.rakuten.co.jp/item/13064,,
2299,クリノレガシー,牡,2,アスカクリチャン,430,2024-12-12,750000,0,0,0.0,https://auction.keiba.rakuten.co.jp/item/13469,,
425,ミリオンヒット,牝,3,アジアエクスプレス,398,2025-07-27,750000,1800000,0,-240.0,https://auction.keiba.rakuten.co.jp/item/14561,,
1765,サーマル,セ,4,ロジャーバローズ,440,2026-01-08,750000,3500000,0,-466.7,https://auction.keiba.rakuten.co.jp/item/15549,屈腱炎 / 繋靭帯炎,
814,ミニストリー,牝,5,シニスターミニスター,452,2025-09-11,750000,5109000,0,-681.2,https://auction.keiba.rakuten.co.jp/item/14961,喘鳴症,
41,ジャストハンマー,牝,3,ミスターメロディ,482,2025-11-06,750000,4610000,4610000,0.0,https://auction.keiba.rakuten.co.jp/item/15274,,
1277,ロコモーション,セ,3,サトノクラウン,474,2025-07-10,750000,0,0,0.0,https://auction.keiba.rakuten.co.jp/item/14430,,
2527,ディオスデルマール,牝,3,ミスチヴィアスアレックス,446,2026-02-05,750000,0,0,0.0,https://auction.keiba.rakuten.co.jp/item/15619,,
514,ウィズホープ,牝,4,ゴールドシップ,444,2025-08-10,750000,1620000,1698000,10.4,https://auction.keiba.rakuten.co.jp/item/14651,骨折,
1622,ホウオウシーザー,牡,4,スクリーンヒーロー,485,2025-02-27,750000,220000,0,-29.3,https://auction.keiba.rakuten.co.jp/item/13778,骨折,
1917,エイシンオナーズ,牝,3,マジェスティックウォリアー,488,2024-09-26,750000,1000000,0,-133.3,https://auction.keiba.rakuten.co.jp/item/13082,骨折 / 骨片,
869,フミマーズ,牝,3,アドマイヤマーズ,422,2025-04-20,740000,0,0,0.0,https://auction.keiba.rakuten.co.jp/item/14017,,
442,ルークピオーネ,牝,3,ウインバリアシオン,456,2025-07-31,740000,0,0,0.0,https://auction.keiba.rakuten.co.jp/item/14578,筋肉痛,
1207,ナムラブルータス,牡,3,アドミラブル,478,2025-06-26,740000,720000,0,-97.3,https://auction.keiba.rakuten.co.jp/item/14360,喘鳴症 / 脚部不安 / 骨折,
1054,ヒンメル,牡,3,レイデオロ,430,2025-05-29,740000,0,0,0.0,https://auction.keiba.rakuten.co.jp/item/14204,,
1291,ワイドレギオー,牝,3,ルヴァンスレーヴ,426,2025-07-10,740000,1120000,0,-151.4,https://auction.keiba.rakuten.co.jp/item/14445,球節炎 / 脚部不安,
911,ヒロシゲアトム,牡,6,シニスターミニスター,475,2025-04-24,740000,8315000,0,-1123.6,https://auction.keiba.rakuten.co.jp/item/14059,感冒 / 跛行 / 鼻出血,
2528,リッチリーエコー,牝,3,スワーヴリチャード,396,2026-02-05,740000,0,0,0.0,https://auction.keiba.rakuten.co.jp/item/15620,,
2374,トレジャーブルー,牡,3,シニスターミニスター,422,2025-12-25,740000,2225000,0,-300.7,https://auction.keiba.rakuten.co.jp/item/15462,,
1617,ウインエタンセル,牡,5,ビーチパトロール,492,2025-02-27,740000,16630000,0,-2247.3,https://auction.keiba.rakuten.co.jp/item/13773,骨折,
2501,ワイルドカモミール,牝,3,ベンバトル,426,2026-01-15,740000,0,0,0.0,https://auction.keiba.rakuten.co.jp/item/15566,,
1021,ウィルダネス,牝,4,シルバーステート,448,2025-05-22,740000,6200000,0,-837.8,https://auction.keiba.rakuten.co.jp/item/14170,鼻出血,
1672,ナンヨーヴィヨレ,牡,7,ルーラーシップ,474,2025-03-13,740000,31735000,0,-4288.5,https://auction.keiba.rakuten.co.jp/item/13832,骨折,
207,ドラミモン,牡,7,ドゥラメンテ,458,2025-10-16,740000,34130000,0,-4612.2,https://auction.keiba.rakuten.co.jp/item/15146,骨折,
2295,アークレアル,牝,3,キズナ,496,2024-12-05,740000,1650000,0,-223.0,https://auction.keiba.rakuten.co.jp/item/13465,,
524,エンジェルトリガー,牝,3,リアルスティール,454,2025-08-14,730000,0,0,0.0,https://auction.keiba.rakuten.co.jp/item/14662,脚部不安,
556,ミッションハリアー,牝,2,ノーブルミッション,466,2025-08-14,730000,105000,0,-14.4,https://auction.keiba.rakuten.co.jp/item/14694,,
1724,ウインティターニア,牝,3,リオンディーズ,454,2025-03-27,730000,0,0,0.0,https://auction.keiba.rakuten.co.jp/item/13886,,
30,ユイノディスタンス,牡,2,クリソベリル,462,2025-11-06,730000,0,87000,11.9,https://auction.keiba.rakuten.co.jp/item/15264,,
1662,ウイングラフトン,牡,3,マツリダゴッホ,414,2025-03-13,730000,0,0,0.0,https://auction.keiba.rakuten.co.jp/item/13822,,
1109,コモドアーズ,牡,5,タリスマニック,551,2025-06-05,730000,10280000,0,-1408.2,https://auction.keiba.rakuten.co.jp/item/14260,跛行,
1295,クリノスピネル,牝,4,イスラボニータ,471,2025-07-10,730000,4778000,0,-654.5,https://auction.keiba.rakuten.co.jp/item/14449,,
158,ビップレオン,牡,2,サンダースノー,486,2025-11-30,730000,0,0,0.0,https://auction.keiba.rakuten.co.jp/item/15386,,
307,ラインフェルネ,牝,3,ビッグアーサー,462,2025-09-25,730000,1630000,2420000,108.2,https://auction.keiba.rakuten.co.jp/item/15050,,
2337,クロムハーツガール,牝,2,カリフォルニアクローム,432,2025-12-25,730000,0,0,0.0,https://auction.keiba.rakuten.co.jp/item/15418,ゆう癖,
712,ナムラエミー,牝,3,タワーオブロンドン,454,2025-08-31,730000,0,0,0.0,https://auction.keiba.rakuten.co.jp/item/14857,関節炎,
381,クリノアラジン,牡,3,サトノアラジン,436,2025-07-24,730000,0,0,0.0,https://auction.keiba.rakuten.co.jp/item/14516,,
1091,サンクリュウ,牝,3,ドレフォン,482,2025-06-05,730000,0,0,0.0,https://auction.keiba.rakuten.co.jp/item/14242,,
431,カーボナード,牡,3,サトノダイヤモンド,478,2025-07-31,730000,0,363000,49.7,https://auction.keiba.rakuten.co.jp/item/14567,,
2207,アクウィエス,牡,2,グレーターロンドン,430,2024-11-21,730000,0,0,0.0,https://auction.keiba.rakuten.co.jp/item/13376,骨片,
2539,チェアリングソング ン,セ,9,マツリダゴッホ,464,2026-02-05,730000,89234000,0,-12223.8,https://auction.keiba.rakuten.co.jp/item/15631,,
2212,ユイノクニマレ,牡,2,メイショウボーラー,426,2024-11-21,730000,0,0,0.0,https://auction.keiba.rakuten.co.jp/item/13381,旋回癖,
364,ロジャーソレイユ,牡,2,ロジャーバローズ,440,2025-10-05,730000,0,0,0.0,https://auction.keiba.rakuten.co.jp/item/15107,屈腱炎,
1497,プレイフルネス,牝,4,アジアエクスプレス,445,2025-01-23,730000,3580000,0,-490.4,https://auction.keiba.rakuten.co.jp/item/13652,ゆう癖 / 脚部不安 / 骨折,
997,エイシンゼータ,牝,5,エイシンヒカリ,482,2025-05-15,720000,4723000,0,-656.0,https://auction.keiba.rakuten.co.jp/item/14146,OCD / 鼻出血,
899,ガルムキャット,牡,5,ハーツクライ,420,2025-04-24,720000,8400000,0,-1166.7,https://auction.keiba.rakuten.co.jp/item/14047,,
1830,ビップモアナ,牝,3,アドマイヤマーズ,476,2025-04-17,720000,0,0,0.0,https://auction.keiba.rakuten.co.jp/item/13994,骨折 / 骨瘤,
1530,ヴァシーオ,牝,3,ゴールドシップ,466,2025-02-06,720000,0,0,0.0,https://auction.keiba.rakuten.co.jp/item/13685,骨折 / 骨瘤,
242,ライトアズフェザー,牝,2,アルアイン,442,2025-12-25,720000,0,0,0.0,https://auction.keiba.rakuten.co.jp/item/15393,,
2414,ボンスヴニール,牝,2,ウインブライト,436,2025-12-25,720000,0,0,0.0,https://auction.keiba.rakuten.co.jp/item/15512,挫跖,
305,アルヴェッター,牡,3,フォーウィールドライブ,487,2025-09-25,720000,165000,0,-22.9,https://auction.keiba.rakuten.co.jp/item/15048,骨瘤,
320,メイショウベル,牝,4,デクラレーションオブウォー,487,2025-09-28,720000,3162000,0,-439.2,https://auction.keiba.rakuten.co.jp/item/15063,筋肉痛 / 跛行 / 鼻出血,
1686,ウインアルバローズ,牡,7,ロージズインメイ,488,2025-03-13,720000,14950000,0,-2076.4,https://auction.keiba.rakuten.co.jp/item/13846,繋靭帯炎 / 骨折,
1923,ノリノリ,牡,4,ウインバリアシオン,507,2024-09-26,720000,2130000,0,-295.8,https://auction.keiba.rakuten.co.jp/item/13088,屈腱炎,
1466,ゴルトヴェーレ,牝,4,ゴールドシップ,490,2025-01-16,720000,2600000,0,-361.1,https://auction.keiba.rakuten.co.jp/item/13621,,
2323,コースタルタウン,牝,6,ドレフォン,437,2026-02-26,720000,5302000,0,-736.4,https://auction.keiba.rakuten.co.jp/item/15729,,
1667,プレシャスアセット,牝,3,オルフェーヴル,424,2025-03-13,720000,0,0,0.0,https://auction.keiba.rakuten.co.jp/item/13827,,
1479,クリノアルフォンス,牡,3,アスカクリチャン,462,2025-01-23,720000,0,0,0.0,https://auction.keiba.rakuten.co.jp/item/13634,,
1051,セラヴィーナス,牝,3,ブリックスアンドモルタル,466,2025-05-29,720000,0,0,0.0,https://auction.keiba.rakuten.co.jp/item/14201,,
1678,ヘデンバージャイト,牝,4,ドレフォン,485,2025-03-13,720000,1825000,0,-253.5,https://auction.keiba.rakuten.co.jp/item/13838,,
1804,ウィッシュソング,牝,3,アルアイン,484,2025-04-10,720000,0,0,0.0,https://auction.keiba.rakuten.co.jp/item/13967,さく癖,
1135,オーバードライブ,牝,3,ゴールドドリーム,445,2025-06-12,720000,980000,0,-136.1,https://auction.keiba.rakuten.co.jp/item/14287,,
1947,ミソ,牡,3,ミッキーアイル,462,2024-10-03,7120000,8380000,0,-117.7,https://auction.keiba.rakuten.co.jp/item/13112,旋回癖,
624,ジョードプル,牡,4,ワールドエース,465,2025-08-21,710000,2090000,0,-294.4,https://auction.keiba.rakuten.co.jp/item/14765,屈腱炎 / 跛行,
2594,ベアカッコウ,牝,3,シャンハイボビー,440,2026-02-19,710000,0,0,0.0,https://auction.keiba.rakuten.co.jp/item/15682,打撲,
702,パレスレガシー,牡,4,モーニン,514,2025-08-28,710000,25175000,0,-3545.8,https://auction.keiba.rakuten.co.jp/item/14847,屈腱炎 / 繋靭帯炎,
1679,ベストポスト,牡,4,ホッコータルマエ,521,2025-03-13,710000,3355000,0,-472.5,https://auction.keiba.rakuten.co.jp/item/13839,ゆう癖 / 骨折,
2181,ピークカラー,牝,3,Constitution,436,2024-11-14,710000,396000,0,-55.8,https://auction.keiba.rakuten.co.jp/item/13349,,
1313,トレベルフィーユ,牝,3,トーセンラー,394,2025-07-17,710000,0,621000,87.5,https://auction.keiba.rakuten.co.jp/item/14468,,
70,マークオブゾロ,牡,3,マスクゾロ,500,2025-11-13,710000,266000,0,-37.5,https://auction.keiba.rakuten.co.jp/item/15309,ゆう癖 / 挫跖,
1189,ヌンウーヌス,牡,3,トゥザグローリー,521,2025-06-26,710000,0,0,0.0,https://auction.keiba.rakuten.co.jp/item/14342,疝痛 / 骨折,
1075,レッドインタクト,牡,3,サートゥルナーリア,462,2025-05-29,710000,0,0,0.0,https://auction.keiba.rakuten.co.jp/item/14226,OCD,
1668,ベストヒューマ,牡,3,ディーマジェスティ,428,2025-03-13,710000,0,0,0.0,https://auction.keiba.rakuten.co.jp/item/13828,,
1709,ラブコ,牝,5,ロードカナロア,430,2025-03-20,710000,756000,0,-106.5,https://auction.keiba.rakuten.co.jp/item/13869,骨瘤,
903,テクノマンゴー,牡,2,ビッグアーサー,370,2025-04-24,710000,0,0,0.0,https://auction.keiba.rakuten.co.jp/item/14051,,
1928,ノブ,牡,6,ドゥラメンテ,498,2024-09-26,710000,7874000,0,-1109.0,https://auction.keiba.rakuten.co.jp/item/13093,感冒 / 旋回癖 / 骨折,
1633,フタリセゾン,牝,3,ロゴタイプ,438,2025-03-06,710000,550000,0,-77.5,https://auction.keiba.rakuten.co.jp/item/13791,喘鳴症,
730,パリモード,牝,3,ワールドエース,424,2025-09-04,710000,830000,0,-116.9,https://auction.keiba.rakuten.co.jp/item/14877,,
571,マリアブーケ,牝,3,リアルスティール,440,2025-08-17,710000,0,0,0.0,https://auction.keiba.rakuten.co.jp/item/14709,,
379,カナメイシ,牝,3,モズアスコット,454,2025-07-24,710000,0,0,0.0,https://auction.keiba.rakuten.co.jp/item/14514,,
1570,メイショウウミカゼ,牡,4,ワールドエース,460,2025-02-13,710000,0,0,0.0,https://auction.keiba.rakuten.co.jp/item/13726,屈腱炎,
53,イヌボウノユウヒ,牝,2,アドマイヤマーズ,456,2025-11-13,710000,0,0,0.0,https://auction.keiba.rakuten.co.jp/item/15293,,
2076,ハートループ,牝,4,モーリス,482,2024-10-31,710000,6200000,0,-873.2,https://auction.keiba.rakuten.co.jp/item/13243,骨瘤,
620,ジャスティラック,牡,3,ワールドエース,442,2025-08-21,710000,1320000,0,-185.9,https://auction.keiba.rakuten.co.jp/item/14761,,
385,テーオーニルソン,牝,3,McKinzie,446,2025-07-24,700000,0,0,0.0,https://auction.keiba.rakuten.co.jp/item/14521,,
450,イロハニホ,牝,4,ヘニーヒューズ,422,2025-07-31,700000,3700000,3700000,0.0,https://auction.keiba.rakuten.co.jp/item/14586,喉頭蓋エントラップメント,
1651,アルティメット,牝,4,ドレフォン,427,2025-03-06,700000,5540000,0,-791.4,https://auction.keiba.rakuten.co.jp/item/13810,,
2281,ティキー,牝,3,ロゴタイプ,442,2024-12-05,700000,1262000,0,-180.3,https://auction.keiba.rakuten.co.jp/item/13451,,
1778,ロジジェンス,牡,3,キズナ,512,2025-04-03,700000,0,0,0.0,https://auction.keiba.rakuten.co.jp/item/13940,,
887,バルトゥール,牝,3,イスラボニータ,478,2025-04-24,700000,0,0,0.0,https://auction.keiba.rakuten.co.jp/item/14035,,
1728,ドクターストップ,牝,3,ジャスタウェイ,422,2025-03-27,700000,0,0,0.0,https://auction.keiba.rakuten.co.jp/item/13890,,
1039,ツウカイミッキー,牝,2,ミッキーアイル,388,2025-05-25,700000,0,0,0.0,https://auction.keiba.rakuten.co.jp/item/14189,,
304,オリエンタルキング,牡,6,アジアエクスプレス,488,2025-09-25,700000,9810000,0,-1401.4,https://auction.keiba.rakuten.co.jp/item/15047,鼻出血,
1793,オータムライラック,牝,3,ドゥラメンテ,480,2025-04-03,700000,0,0,0.0,https://auction.keiba.rakuten.co.jp/item/13956,骨折,○
128,キークラシック,牡,5,コパノリチャード,451,2025-10-23,700000,6395000,0,-913.6,https://auction.keiba.rakuten.co.jp/item/15190,,
312,エイシングリュック,牡,6,ビッグアーサー,485,2025-09-25,700000,12983000,0,-1854.7,https://auction.keiba.rakuten.co.jp/item/15055,,
1517,グローブフェイム,牝,5,ジャスタウェイ,456,2025-01-30,700000,895000,0,-127.9,https://auction.keiba.rakuten.co.jp/item/13672,疝痛 / 骨折 / 骨片,
356,サフィニア,牝,2,ミラアイトーン,440,2025-10-05,700000,0,0,0.0,https://auction.keiba.rakuten.co.jp/item/15099,,
2108,コスモベラエステラ,牡,4,キタサンブラック,479,2024-10-31,700000,5360000,0,-765.7,https://auction.keiba.rakuten.co.jp/item/13276,裂傷,
680,ヒオウギ,牝,3,スクリーンヒーロー,412,2025-08-28,700000,1100000,0,-157.1,https://auction.keiba.rakuten.co.jp/item/14825,,
1556,ポルテソレイユ,牝,3,タワーオブロンドン,436,2025-02-13,690000,0,0,0.0,https://auction.keiba.rakuten.co.jp/item/13712,,
1808,パトリオティズム,牝,3,アメリカンペイトリオット,422,2025-04-10,690000,0,0,0.0,https://auction.keiba.rakuten.co.jp/item/13971,,
1789,ラインポラリス,牡,7,ルーラーシップ,492,2025-04-03,690000,18101000,0,-2623.3,https://auction.keiba.rakuten.co.jp/item/13952,,
2593,プレシャスノワール,牝,3,ダノンキングリー,430,2026-02-19,690000,0,0,0.0,https://auction.keiba.rakuten.co.jp/item/15681,,
1609,ビップクララ,牝,3,マクフィ,460,2025-02-27,690000,0,0,0.0,https://auction.keiba.rakuten.co.jp/item/13765,骨瘤,
434,スマイルインザサン,牝,3,フォーウィールドライブ,500,2025-07-31,690000,0,0,0.0,https://auction.keiba.rakuten.co.jp/item/14570,,
477,ストームリッシュ,牡,3,マクフィ,516,2025-08-07,690000,0,0,0.0,https://auction.keiba.rakuten.co.jp/item/14613,,
482,メイショウユウボシ,牡,3,キズナ,480,2025-08-07,690000,0,0,0.0,https://auction.keiba.rakuten.co.jp/item/14618,ゆう癖,
1695,エアイナーン,牝,3,ゴールドシップ,452,2025-03-20,690000,0,0,0.0,https://auction.keiba.rakuten.co.jp/item/13855,裂傷,
1646,エイシンモトゥール,牡,4,スクリーンヒーロー,492,2025-03-06,690000,630000,0,-91.3,https://auction.keiba.rakuten.co.jp/item/13805,DDSP / 喉鳴り,
2630,ミコノオンガエシ,牝,4,ゴールドシップ,437,2026-02-26,690000,1690000,0,-244.9,https://auction.keiba.rakuten.co.jp/item/15722,,
2352,ボナンザ,牡,5,シニスターミニスター,506,2025-12-25,6810000,105272000,0,-1545.8,https://auction.keiba.rakuten.co.jp/item/15432,骨折 / 骨瘤,
1771,ウインフォーユー,牝,3,サトノアラジン,422,2025-04-03,680000,0,0,0.0,https://auction.keiba.rakuten.co.jp/item/13933,,
2579,ベラケンタウロス,牡,3,ゴールドドリーム,496,2026-02-15,680000,0,0,0.0,https://auction.keiba.rakuten.co.jp/item/15666,骨折,
2231,プレシャスストーン,牝,4,ダノンバラード,418,2024-11-21,680000,4603000,0,-676.9,https://auction.keiba.rakuten.co.jp/item/13400,,
1767,テートモダン,セ,4,グレーターロンドン,447,2025-03-30,680000,4830000,0,-710.3,https://auction.keiba.rakuten.co.jp/item/13929,蹄葉炎 / 骨折,
2049,ボンウィークエンド,セ,3,Dundeel,450,2024-10-24,680000,125000,0,-18.4,https://auction.keiba.rakuten.co.jp/item/13216,,
1375,グッドエクスプレス,牡,3,アジアエクスプレス,539,2024-12-19,680000,5150000,0,-757.4,https://auction.keiba.rakuten.co.jp/item/13530,脚部不安 / 骨折 / 骨膜炎,
167,ハイウィルヘーズ,牝,4,リアルインパクト,447,2025-10-23,680000,1920000,0,-282.4,https://auction.keiba.rakuten.co.jp/item/15185,,
374,エールブラーヴ,牡,8,エスポワールシチー,483,2025-07-20,680000,44818000,0,-6590.9,https://auction.keiba.rakuten.co.jp/item/14509,フレグモーネ / 旋回癖,
835,オラリオン,牡,3,ラブリーデイ,468,2025-09-18,680000,0,0,0.0,https://auction.keiba.rakuten.co.jp/item/14982,,
2226,コパマエチャン,牝,3,コパノリッキー,485,2024-11-21,680000,5335000,0,-784.6,https://auction.keiba.rakuten.co.jp/item/13395,,
1010,ルリオウ,牡,7,ゴールドシップ,534,2025-05-18,680000,3229000,0,-474.9,https://auction.keiba.rakuten.co.jp/item/14159,,
1418,オオイリブクロ,牡,3,ディスクリートキャット,420,2025-01-09,670000,0,1968000,293.7,https://auction.keiba.rakuten.co.jp/item/13573,,
1145,アスクサヴァイバル,牡,3,シルバーステート,432,2025-06-15,670000,0,0,0.0,https://auction.keiba.rakuten.co.jp/item/14297,,
1050,サトゥーア,牝,3,サートゥルナーリア,470,2025-05-29,670000,0,0,0.0,https://auction.keiba.rakuten.co.jp/item/14200,,
2376,ヘイセイラストの23,牡,2,モズアスコット,538,2025-12-25,670000,0,0,0.0,https://auction.keiba.rakuten.co.jp/item/15470,屈腱炎 / 骨瘤,
691,ディフューズ,牝,3,ウインブライト,406,2025-08-28,670000,4430000,0,-661.2,https://auction.keiba.rakuten.co.jp/item/14836,,
297,グレースチャクラ,牝,2,オルフェーヴル,458,2025-09-25,670000,0,0,0.0,https://auction.keiba.rakuten.co.jp/item/15040,,
1182,タマモハヤブサ,牡,3,アニマルキングダム,460,2025-06-22,670000,0,0,0.0,https://auction.keiba.rakuten.co.jp/item/14335,骨瘤,
1817,ワイドマルガリータ,牝,4,ルーラーシップ,468,2025-04-10,670000,1590000,0,-237.3,https://auction.keiba.rakuten.co.jp/item/13981,骨折,
1954,リベリアスハート,牡,7,フェノーメノ,453,2024-10-03,670000,14077000,0,-2101.0,https://auction.keiba.rakuten.co.jp/item/13119,旋回癖,
25,イッセーノーデ,牝,4,ニシケンモノノフ,434,2025-10-26,670000,14995000,0,-2238.1,https://auction.keiba.rakuten.co.jp/item/15207,疝痛,
2617,ブリーゼプリマベラ,牝,3,ニューイヤーズデイ,474,2026-02-26,670000,0,0,0.0,https://auction.keiba.rakuten.co.jp/item/15710,,
372,レンダリング,牡,5,タリスマニック,514,2025-07-20,670000,10245000,0,-1529.1,https://auction.keiba.rakuten.co.jp/item/14507,,
2405,ガウロン,牡,5,リアルスティール,530,2025-12-25,670000,22530000,0,-3362.7,https://auction.keiba.rakuten.co.jp/item/15499,脚部不安 / 骨膜炎,
1192,エレガンスドパリ,牝,3,ブリックスアンドモルタル,378,2025-06-26,670000,0,0,0.0,https://auction.keiba.rakuten.co.jp/item/14345,,
1143,プレシャライジングの22,牝,3,サートゥルナーリア,507,2025-06-12,660000,0,0,0.0,https://auction.keiba.rakuten.co.jp/item/14295,脚部不安,○
2457,ブライトリーダーズ,牡,4,ホッコータルマエ,483,2026-01-08,660000,2200000,0,-333.3,https://auction.keiba.rakuten.co.jp/item/15547,,
2118,スマートエラブル,牝,2,マジェスティックウォリアー,428,2024-11-07,660000,0,0,0.0,https://auction.keiba.rakuten.co.jp/item/13286,さく癖,
929,ジーティーウララ,牝,3,ゴールドドリーム,436,2025-05-08,660000,0,0,0.0,https://auction.keiba.rakuten.co.jp/item/14077,,
1985,シュヴァイゲン,牡,3,ドゥラメンテ,488,2024-10-10,660000,558000,0,-84.5,https://auction.keiba.rakuten.co.jp/item/13151,骨折,
778,ディアマンドロップ,牝,4,ブラックタイド,487,2025-09-07,660000,3031000,0,-459.2,https://auction.keiba.rakuten.co.jp/item/14925,,
1119,ステイラッキー,牝,3,フォーウィールドライブ,448,2025-06-08,660000,0,0,0.0,https://auction.keiba.rakuten.co.jp/item/14271,,
1136,エイシンダリア,牝,3,ダノンシャーク,454,2025-06-12,660000,2000000,0,-303.0,https://auction.keiba.rakuten.co.jp/item/14288,鼻出血,
1154,トリクシー,牝,3,ビッグアーサー,524,2025-06-19,660000,0,0,0.0,https://auction.keiba.rakuten.co.jp/item/14306,骨瘤 / 鼻出血,
350,ジャストチャックル,牝,4,スノードラゴン,467,2025-10-02,660000,5297000,0,-802.6,https://auction.keiba.rakuten.co.jp/item/15093,,
24,アフリカンリリー,牡,4,キンシャサノキセキ,466,2025-10-26,660000,1374000,0,-208.2,https://auction.keiba.rakuten.co.jp/item/15206,ゆう癖,
1048,オアシスブリーズ,牝,3,アルアイン,474,2025-05-29,660000,0,0,0.0,https://auction.keiba.rakuten.co.jp/item/14198,,
600,メイショウナナカゼ,牝,3,ダノンレジェンド,410,2025-08-21,660000,0,0,0.0,https://auction.keiba.rakuten.co.jp/item/14739,,
1020,イチナイス,牝,4,カレンブラックヒル,428,2025-05-22,660000,0,0,0.0,https://auction.keiba.rakuten.co.jp/item/14169,,
724,ヨルハ,牝,3,サトノクラウン,436,2025-09-04,660000,0,0,0.0,https://auction.keiba.rakuten.co.jp/item/14871,,
1106,エイシンハトホル,牡,3,フェノーメノ,442,2025-06-05,660000,1783000,0,-270.2,https://auction.keiba.rakuten.co.jp/item/14257,,
415,ゴーゴーゴウト,牡,3,バゴ,478,2025-07-24,660000,3577000,0,-542.0,https://auction.keiba.rakuten.co.jp/item/14551,,
1011,ヴレーデ,牡,3,ダノンレジェンド,480,2025-05-22,660000,0,0,0.0,https://auction.keiba.rakuten.co.jp/item/14160,,
1246,マーケットメイク,牝,4,ダノンレジェンド,402,2025-07-03,660000,2770000,0,-419.7,https://auction.keiba.rakuten.co.jp/item/14399,,
1200,ナムラパール,牝,3,フィエールマン,426,2025-06-26,660000,0,0,0.0,https://auction.keiba.rakuten.co.jp/item/14353,,
1880,アジアノジュンシン,牝,6,アジアエクスプレス,472,2024-09-19,6500000,42299000,0,-650.8,https://auction.keiba.rakuten.co.jp/item/13045,脚部不安 / 骨折,
1464,ナムラスカー,牡,4,バゴ,508,2025-01-16,650000,1400000,0,-215.4,https://auction.keiba.rakuten.co.jp/item/13619,,
284,アリーワーク,牝,3,ベストウォーリア,450,2025-09-21,650000,0,0,0.0,https://auction.keiba.rakuten.co.jp/item/15025,,
636,マイネルエヴレン,牡,3,ニューイヤーズデイ,488,2025-08-24,650000,0,0,0.0,https://auction.keiba.rakuten.co.jp/item/14779,筋肉痛 / 関節炎,
2633,オイチノカタ,牝,4,インカンテーション,417,2026-02-26,650000,4120000,0,-633.8,https://auction.keiba.rakuten.co.jp/item/15725,骨折,
976,グラースオショコラ,牝,3,リオンディーズ,462,2025-05-15,650000,0,0,0.0,https://auction.keiba.rakuten.co.jp/item/14125,骨折,
2412,ソーシャルコード,牝,2,ダノンバラード,436,2025-12-25,650000,0,0,0.0,https://auction.keiba.rakuten.co.jp/item/15510,,
334,ミソラ,牝,2,ゴールドドリーム,430,2025-10-02,650000,0,1160000,178.5,https://auction.keiba.rakuten.co.jp/item/15077,DDSP,
439,ブラックエトワール,牝,3,シルバーステート,456,2025-07-31,650000,0,0,0.0,https://auction.keiba.rakuten.co.jp/item/14575,,
1196,ジョーテルプジ,牝,3,アドミラブル,454,2025-06-26,650000,0,0,0.0,https://auction.keiba.rakuten.co.jp/item/14349,,
1108,アグニレディアンス,牝,5,アグニシャイン,492,2025-06-05,650000,6680000,0,-1027.7,https://auction.keiba.rakuten.co.jp/item/14259,ゆう癖 / 屈腱炎,
1123,アイアムルンルン,牝,3,マインドユアビスケッツ,378,2025-06-12,650000,0,0,0.0,https://auction.keiba.rakuten.co.jp/item/14275,,
1078,ミンストレルソング,牝,3,ロードカナロア,442,2025-06-01,6490000,1550000,0,-23.9,https://auction.keiba.rakuten.co.jp/item/14229,,
1087,アイルシャンス,牝,3,レッドベルジュール,434,2025-06-05,640000,0,0,0.0,https://auction.keiba.rakuten.co.jp/item/14238,,
2518,テンケイ ン,セ,5,トビーズコーナー,516,2026-02-01,640000,3410000,0,-532.8,https://auction.keiba.rakuten.co.jp/item/15610,さく癖 / 旋回癖 / 鼻出血,
914,クイーンパレス,牝,3,ブリックスアンドモルタル,384,2025-04-27,640000,0,0,0.0,https://auction.keiba.rakuten.co.jp/item/14062,,
1825,アシレ,牝,3,サートゥルナーリア,426,2025-04-17,640000,0,0,0.0,https://auction.keiba.rakuten.co.jp/item/13989,,
2577,ウインモアナ,牝,3,ブリックスアンドモルタル,392,2026-02-15,640000,0,0,0.0,https://auction.keiba.rakuten.co.jp/item/15664,,
497,マルクドクール,牝,3,リアルインパクト,446,2025-08-07,640000,3105000,0,-485.2,https://auction.keiba.rakuten.co.jp/item/14633,,
1262,エンデューロ,牡,3,キズナ,564,2025-07-10,640000,0,0,0.0,https://auction.keiba.rakuten.co.jp/item/14415,,
867,デュアルレインボー,牡,6,ルーラーシップ,517,2025-04-17,640000,22176000,0,-3465.0,https://auction.keiba.rakuten.co.jp/item/14015,,
573,ルージュミネルバ,牝,3,マインドユアビスケッツ,438,2025-08-17,640000,0,0,0.0,https://auction.keiba.rakuten.co.jp/item/14711,骨瘤,
2420,エスグラシア,牝,6,ストロングリターン,478,2025-12-25,640000,12182000,0,-1903.4,https://auction.keiba.rakuten.co.jp/item/15519,蟻洞,
534,バチェラーパーティ,牡,3,バゴ,490,2025-08-14,640000,0,217000,33.9,https://auction.keiba.rakuten.co.jp/item/14672,,
1545,マイネルウォーリア,牡,4,ベストウォーリア,476,2025-02-06,640000,4350000,0,-679.7,https://auction.keiba.rakuten.co.jp/item/13700,さく癖 / フレグモーネ / 炎症 / 骨折 / 骨片 / 骨膜炎,
1508,コスモフィネス,牝,3,ウインブライト,432,2025-01-30,640000,0,0,0.0,https://auction.keiba.rakuten.co.jp/item/13663,,
2256,ターゲサンブルック,牡,5,シニスターミニスター,482,2024-11-28,640000,20000000,0,-3125.0,https://auction.keiba.rakuten.co.jp/item/13425,DDSP / ゆう癖 / 喘鳴症 / 骨折,
1229,ウィズマイマミー,牝,3,ワールドエース,430,2025-07-03,640000,0,196000,30.6,https://auction.keiba.rakuten.co.jp/item/14382,,
1911,ホウオウベリテ,セ,5,ロードカナロア,450,2024-09-26,640000,12409000,0,-1938.9,https://auction.keiba.rakuten.co.jp/item/13076,骨瘤,
267,ブルーブレイブ,牝,3,キタサンブラック,492,2025-09-18,6320000,6230000,0,-98.6,https://auction.keiba.rakuten.co.jp/item/15008,骨折,
2530,ディキシーガンナー,牡,6,Gun Runner,498,2026-02-05,6320000,50556000,50556000,0.0,https://auction.keiba.rakuten.co.jp/item/15622,,
1431,エイシンソロモン,牡,4,アルアイン,465,2025-01-09,630000,860000,0,-136.5,https://auction.keiba.rakuten.co.jp/item/13586,,
863,マラカイト,牝,4,モーニン,455,2025-04-17,630000,3828000,0,-607.6,https://auction.keiba.rakuten.co.jp/item/14011,骨瘤,
2315,マダムファンタジア,牝,3,エピカリス,467,2024-12-12,630000,1045000,0,-165.9,https://auction.keiba.rakuten.co.jp/item/13485,,
2332,ヴィアトル,牝,3,サトノアラジン,420,2025-12-25,630000,6116000,0,-970.8,https://auction.keiba.rakuten.co.jp/item/15412,皮膚炎,
1758,ワンラヴ,牝,7,タニノギムレット,439,2025-03-27,630000,9270000,0,-1471.4,https://auction.keiba.rakuten.co.jp/item/13920,屈腱炎 / 感冒 / 骨瘤,
1757,トノカンショウ,牡,7,モンテロッソ,544,2025-03-27,630000,8983000,0,-1425.9,https://auction.keiba.rakuten.co.jp/item/13919,,
1173,プレリオン,セ,5,ミッキーアイル,433,2025-06-19,630000,1319000,0,-209.4,https://auction.keiba.rakuten.co.jp/item/14326,,
1302,ジンガブリッツ,牡,3,オルフェーヴル,440,2025-07-13,630000,720000,0,-114.3,https://auction.keiba.rakuten.co.jp/item/14456,,
952,ゼットサンダー,セ,4,サンダースノー,484,2025-05-08,630000,296000,0,-47.0,https://auction.keiba.rakuten.co.jp/item/14101,,
930,シンクロボンバイエ,牡,3,アドマイヤマーズ,407,2025-05-08,630000,0,0,0.0,https://auction.keiba.rakuten.co.jp/item/14078,,
1773,カリヨンベル,牝,3,ウインブライト,430,2025-04-03,630000,0,0,0.0,https://auction.keiba.rakuten.co.jp/item/13935,,
2363,ビップピュアエース,牝,5,エピファネイア,461,2025-12-25,630000,6183000,0,-981.4,https://auction.keiba.rakuten.co.jp/item/15449,鼻出血,
414,ブルドッグガール,牝,3,ブルドッグボス,435,2025-07-24,630000,2914000,0,-462.5,https://auction.keiba.rakuten.co.jp/item/14550,さく癖 / 蟻洞,
2032,ジャストアスミッジの23,牝,1,サートゥルナーリア,372,2024-10-24,630000,0,0,0.0,https://auction.keiba.rakuten.co.jp/item/13199,脚部不安,
148,ウインクメイド,牝,4,カリフォルニアクローム,463,2025-11-27,630000,1340000,0,-212.7,https://auction.keiba.rakuten.co.jp/item/15385,,
1227,アールオブケント,セ,3,マジェスティックウォリアー,452,2025-07-03,630000,0,0,0.0,https://auction.keiba.rakuten.co.jp/item/14380,蟻洞,
2550,フローティンローズ,牝,5,ロージズインメイ,484,2026-02-22,620000,6170000,6170000,0.0,https://auction.keiba.rakuten.co.jp/item/15705,球節炎 / 筋肉痛 / 骨瘤,
932,ナムラロビン,牡,3,アルアイン,498,2025-05-08,620000,0,0,0.0,https://auction.keiba.rakuten.co.jp/item/14080,骨瘤,
2240,アポロリリー,牝,7,ディープブリランテ,439,2024-11-21,620000,17872000,0,-2882.6,https://auction.keiba.rakuten.co.jp/item/13409,,
51,トルマリーナ,牝,2,アメリカンペイトリオット,462,2025-11-13,620000,0,0,0.0,https://auction.keiba.rakuten.co.jp/item/15292,ゆう癖,
1259,セリア,牝,3,カリフォルニアクローム,482,2025-07-06,620000,420000,0,-67.7,https://auction.keiba.rakuten.co.jp/item/14412,,
1543,リフトオフ,牡,3,サトノアラジン,533,2025-02-06,620000,108000,0,-17.4,https://auction.keiba.rakuten.co.jp/item/13698,喘鳴症,
859,センチュリクィーン,牝,4,Saxon Warrior,464,2025-04-17,620000,1320000,0,-212.9,https://auction.keiba.rakuten.co.jp/item/14007,,
2052,プリンセスパリー,牝,3,サンダースノー,432,2024-10-24,620000,1693000,0,-273.1,https://auction.keiba.rakuten.co.jp/item/13219,,
2164,コスモサンブライト,牝,2,ウインブライト,440,2024-11-14,620000,0,0,0.0,https://auction.keiba.rakuten.co.jp/item/13332,蟻洞,
1378,バージャンフォース,セ,4,ロードカナロア,511,2024-12-19,620000,3019000,0,-486.9,https://auction.keiba.rakuten.co.jp/item/13533,,
1381,スマートコマンダー,牡,7,ワイルドラッシュ,487,2024-12-19,620000,18461000,0,-2977.6,https://auction.keiba.rakuten.co.jp/item/13536,さく癖,
579,シャンパンイン,牡,3,モンドキャンノ,482,2025-08-17,620000,2959000,0,-477.3,https://auction.keiba.rakuten.co.jp/item/14718,,
436,ソロフィオーレ,牝,3,エポカドーロ,420,2025-07-31,620000,0,0,0.0,https://auction.keiba.rakuten.co.jp/item/14572,挫跖,
1373,タイヘイノヨ,セ,3,ディスクリートキャット,517,2024-12-19,620000,2900000,0,-467.7,https://auction.keiba.rakuten.co.jp/item/13528,,
1268,ナイトエラント,牡,3,ロードカナロア,502,2025-07-10,620000,0,0,0.0,https://auction.keiba.rakuten.co.jp/item/14421,喘鳴症 / 蟻洞,
2446,ナムラマフィン,牝,3,インディチャンプ,418,2026-01-08,620000,0,0,0.0,https://auction.keiba.rakuten.co.jp/item/15535,,
544,エニグマティーク,牝,3,モーリス,464,2025-08-14,620000,720000,0,-116.1,https://auction.keiba.rakuten.co.jp/item/14682,,
1935,ピサノグラフの22,牝,2,サトノクラウン,430,2024-10-03,6170000,0,0,0.0,https://auction.keiba.rakuten.co.jp/item/13100,,
244,ドゥムーラン,牝,5,サトノダイヤモンド,470,2025-12-25,6150000,11500000,0,-187.0,https://auction.keiba.rakuten.co.jp/item/15395,さく癖 / 骨折 / 骨片 / 骨瘤,
510,マリエンプラッツ,牝,3,ハービンジャー,450,2025-08-10,610000,0,0,0.0,https://auction.keiba.rakuten.co.jp/item/14647,DDSP,
1449,ステレオプシス,牝,3,レッドファルクス,476,2025-01-16,610000,0,0,0.0,https://auction.keiba.rakuten.co.jp/item/13604,ゆう癖,
369,ポップスター,セ,4,シャンハイボビー,496,2025-07-20,610000,9800000,0,-1606.6,https://auction.keiba.rakuten.co.jp/item/14504,骨折,
555,レジスタ,牡,3,City of Light,545,2025-08-14,610000,400000,0,-65.6,https://auction.keiba.rakuten.co.jp/item/14693,跛行,
39,モアハピネス,牡,3,ホッコータルマエ,500,2025-11-06,610000,469000,469000,0.0,https://auction.keiba.rakuten.co.jp/item/15272,,
57,コールミーメイビー,牝,4,リオンディーズ,448,2025-11-13,610000,9725000,0,-1594.3,https://auction.keiba.rakuten.co.jp/item/15297,旋回癖,
1067,ラトラディシオン,牝,3,サートゥルナーリア,482,2025-05-29,610000,506000,0,-83.0,https://auction.keiba.rakuten.co.jp/item/14217,,
2065,アイルキャッチユーの23,牝,1,ウインブライト,427,2024-10-31,610000,0,0,0.0,https://auction.keiba.rakuten.co.jp/item/13232,脚元不安,
2134,ギブミーユアラブ,牝,3,ビッグアーサー,475,2024-11-07,610000,2915000,0,-477.9,https://auction.keiba.rakuten.co.jp/item/13302,,
961,ヘキクウ,牡,6,ラブリーデイ,581,2025-05-08,610000,21840000,0,-3580.3,https://auction.keiba.rakuten.co.jp/item/14110,フレグモーネ / 屈腱炎 / 骨折,
2149,ブラッドワイルド,牡,5,ダイワメジャー,530,2024-11-07,610000,8700000,0,-1426.2,https://auction.keiba.rakuten.co.jp/item/13317,さく癖,
1307,レモンアイカー,牝,5,サトノクラウン,493,2025-07-13,610000,6887000,0,-1129.0,https://auction.keiba.rakuten.co.jp/item/14461,,
708,チャーミーアイズ,牝,6,リヤンドファミユ,435,2025-08-28,610000,6603000,0,-1082.5,https://auction.keiba.rakuten.co.jp/item/14853,骨折,
2410,チューウィー,牝,6,スクリーンヒーロー,480,2025-12-25,610000,19523000,0,-3200.5,https://auction.keiba.rakuten.co.jp/item/15507,球節炎 / 蕁麻疹 / 骨折,
456,アショカ,牡,4,ドゥラメンテ,486,2025-07-31,610000,4650000,0,-762.3,https://auction.keiba.rakuten.co.jp/item/14592,骨折,
1127,ジーティーネージュ,牝,3,アルアイン,474,2025-06-12,610000,0,0,0.0,https://auction.keiba.rakuten.co.jp/item/14279,,
2009,エッセイ(IRE),牝,3,Invincible Spirit,485,2024-10-17,600000,0,0,0.0,https://auction.keiba.rakuten.co.jp/item/13176,骨折 / 骨片,
2415,リュシエル,牝,2,ミスターメロディ,404,2025-12-25,600000,0,0,0.0,https://auction.keiba.rakuten.co.jp/item/15513,,
1015,モズフェスティバル,牡,3,スワーヴリチャード,496,2025-05-22,600000,0,0,0.0,https://auction.keiba.rakuten.co.jp/item/14164,屈腱炎,
1522,エクステンシヴリー,牡,4,フサイチセブン,550,2025-01-30,600000,4580000,0,-763.3,https://auction.keiba.rakuten.co.jp/item/13677,屈腱炎 / 疝痛,
782,ウーバーミッション,牝,3,ノーブルミッション,433,2025-09-11,600000,0,0,0.0,https://auction.keiba.rakuten.co.jp/item/14929,,
1272,ベールドゥフィーユ,牝,3,レッドファルクス,398,2025-07-10,600000,0,0,0.0,https://auction.keiba.rakuten.co.jp/item/14425,,
1186,ブレイブルイーズ,セ,3,ダノンレジェンド,462,2025-06-22,600000,3720000,0,-620.0,https://auction.keiba.rakuten.co.jp/item/14339,,
2582,マイネルトラオム,牡,4,ノヴェリスト,490,2026-02-15,600000,8460000,0,-1410.0,https://auction.keiba.rakuten.co.jp/item/15669,骨瘤 / 鼻出血,
46,ミッションレール,牡,7,ジャスタウェイ,496,2025-11-06,600000,27873000,0,-4645.5,https://auction.keiba.rakuten.co.jp/item/15280,,
559,バイアスペクター,牝,4,ダノンバラード,439,2025-08-14,600000,1234000,0,-205.7,https://auction.keiba.rakuten.co.jp/item/14697,脚部不安,
756,アビレ,牝,7,ノボジャック,470,2025-09-04,600000,10560000,0,-1760.0,https://auction.keiba.rakuten.co.jp/item/14903,,
2186,バストリカ,牝,3,トーセンラー,446,2024-11-14,600000,1595000,0,-265.8,https://auction.keiba.rakuten.co.jp/item/13354,,
1889,スノーショコラ,牝,5,クロフネ,551,2024-09-19,600000,3780000,0,-630.0,https://auction.keiba.rakuten.co.jp/item/13054,繋靭帯炎 / 跛行 / 骨瘤,
873,シルバーブリッジ,牝,4,シルバーステート,408,2025-04-20,600000,1130000,0,-188.3,https://auction.keiba.rakuten.co.jp/item/14021,,
2150,ミスターサファリ,牡,6,ハーツクライ,520,2024-11-07,600000,13940000,0,-2323.3,https://auction.keiba.rakuten.co.jp/item/13318,さく癖 / 喉鳴り / 旋回癖,
2399,リケアダージリン,牝,3,ヴァンセンヌ,438,2025-12-25,600000,2025000,0,-337.5,https://auction.keiba.rakuten.co.jp/item/15493,球節炎 / 骨折,
1468,スミシュー,牝,6,ヘニーヒューズ,498,2025-01-16,600000,2170000,0,-361.7,https://auction.keiba.rakuten.co.jp/item/13623,,
509,ビザンティーノ,牡,3,Masar,484,2025-08-10,600000,0,0,0.0,https://auction.keiba.rakuten.co.jp/item/14646,屈腱炎,
120,ノイヤーヘルト,セ,4,ニューイヤーズデイ,516,2025-11-23,600000,15070000,0,-2511.7,https://auction.keiba.rakuten.co.jp/item/15364,,
2166,マカセナハレ,牡,2,マジェスティックウォリアー,472,2024-11-14,5960000,550000,0,-9.2,https://auction.keiba.rakuten.co.jp/item/13334,蟻洞,
321,アファン,牝,6,ヘニーヒューズ,514,2025-09-28,590000,18860000,0,-3196.6,https://auction.keiba.rakuten.co.jp/item/15064,ゆう癖 / 球節炎 / 骨折 / 骨片,
2441,アレピアード,セ,6,トーセンラー,454,,590000,3724000,0,-631.2,https://auction.keiba.rakuten.co.jp/item/13916,跛行,
1393,ゴールデンサンダー,牡,2,サンダースノー,436,2024-12-26,590000,0,0,0.0,https://auction.keiba.rakuten.co.jp/item/13548,,
371,リュウノシャモニー,牝,3,ホッコータルマエ,462,2025-07-20,590000,175000,0,-29.7,https://auction.keiba.rakuten.co.jp/item/14506,,
696,マンテン,牡,2,イスラボニータ,435,2025-08-28,590000,0,0,0.0,https://auction.keiba.rakuten.co.jp/item/14841,,
538,モズミコシ,牡,3,モズアスコット,454,2025-08-14,590000,0,0,0.0,https://auction.keiba.rakuten.co.jp/item/14676,DDSP,
1201,フォルスマジック,牡,3,ミッキーロケット,484,2025-06-26,590000,0,0,0.0,https://auction.keiba.rakuten.co.jp/item/14354,,
2089,ベゼルファセット,牡,3,サトノダイヤモンド,514,2024-10-31,590000,792000,0,-134.2,https://auction.keiba.rakuten.co.jp/item/13256,喘鳴症 / 裂傷 / 角膜炎,
351,カシスオレンジ,牡,4,エスポワールシチー,476,2025-10-02,590000,6430000,0,-1089.8,https://auction.keiba.rakuten.co.jp/item/15094,,
1561,ケイパブル,牝,5,グランデッツァ,470,2025-02-13,590000,6199000,0,-1050.7,https://auction.keiba.rakuten.co.jp/item/13717,屈腱炎 / 挫跖,
440,モダンレディ,牝,3,ノーブルミッション,452,2025-07-31,590000,0,0,0.0,https://auction.keiba.rakuten.co.jp/item/14576,,
2425,ボル,牡,3,バゴ,449,2025-12-25,590000,2200000,0,-372.9,https://auction.keiba.rakuten.co.jp/item/15524,さく癖,
1970,ナンヨーウイング,牝,4,オルフェーヴル,450,2024-10-10,590000,2911000,0,-493.4,https://auction.keiba.rakuten.co.jp/item/13136,,
1356,ブルジョア,牝,2,ブルドッグボス,424,2024-12-19,580000,0,0,0.0,https://auction.keiba.rakuten.co.jp/item/13511,,
816,スターキー,牡,5,メイショウボーラー,436,2025-09-11,580000,11300000,0,-1948.3,https://auction.keiba.rakuten.co.jp/item/14963,,
2165,コスモチャンティ,牝,2,スクリーンヒーロー,424,2024-11-14,580000,0,0,0.0,https://auction.keiba.rakuten.co.jp/item/13333,,
1648,セロリ,牝,4,サトノダイヤモンド,473,2025-03-06,580000,2150000,0,-370.7,https://auction.keiba.rakuten.co.jp/item/13807,跛行,
589,シャイニーセーラー,牝,3,ゴールドシップ,456,2025-08-21,580000,0,0,0.0,https://auction.keiba.rakuten.co.jp/item/14728,骨瘤,
1374,カプリシャスラブ,牝,3,ブラックタイド,446,2024-12-19,580000,3899000,0,-672.2,https://auction.keiba.rakuten.co.jp/item/13529,,
2463,オスマン,牡,6,ベストウォーリア,485,2026-01-08,580000,4074000,0,-702.4,https://auction.keiba.rakuten.co.jp/item/15554,さく癖 / 骨折,
533,ノイエムジーク,牡,3,ジャスタウェイ,484,2025-08-14,580000,0,0,0.0,https://auction.keiba.rakuten.co.jp/item/14671,ゆう癖 / 疝痛,
1666,ヒダサワヤカ,牝,3,リアルスティール,446,2025-03-13,580000,0,0,0.0,https://auction.keiba.rakuten.co.jp/item/13826,骨瘤,
1964,セカンドトゥノン,牝,2,ドレフォン,424,2024-10-10,570000,0,0,0.0,https://auction.keiba.rakuten.co.jp/item/13130,蟻洞,
1198,セットオンユー,牝,3,スワーヴリチャード,398,2025-06-26,570000,0,0,0.0,https://auction.keiba.rakuten.co.jp/item/14351,さく癖 / 跛行,
1933,アチェロイス,牝,7,リアルインパクト,458,2024-09-26,570000,14153000,0,-2483.0,https://auction.keiba.rakuten.co.jp/item/13098,さく癖 / ゆう癖 / 繋靭帯炎 / 骨瘤,
765,ユキノホワイト,牝,3,ウインブライト,430,2025-09-07,570000,0,0,0.0,https://auction.keiba.rakuten.co.jp/item/14912,ゆう癖,
2091,ランオブザワールド,牡,3,ヤマカツエース,506,2024-10-31,570000,1230000,0,-215.8,https://auction.keiba.rakuten.co.jp/item/13258,,
1432,キナリ,牝,4,ダンカーク,520,2025-01-09,570000,1280000,0,-224.6,https://auction.keiba.rakuten.co.jp/item/13587,,
2562,アルクノワール,牝,3,シルバーステート,414,2026-02-12,570000,0,0,0.0,https://auction.keiba.rakuten.co.jp/item/15649,さく癖,
1909,トロピカルタウン,牡,4,カレンブラックヒル,478,2024-09-26,570000,15850000,0,-2780.7,https://auction.keiba.rakuten.co.jp/item/13074,屈腱炎,
2038,カミーチェ,牝,2,マクフィ,394,2024-10-24,570000,0,0,0.0,https://auction.keiba.rakuten.co.jp/item/13205,,
1653,シズカノウミ,牝,5,アポロキングダム,476,2025-03-06,570000,12193000,0,-2139.1,https://auction.keiba.rakuten.co.jp/item/13813,,
2355,ウイニングショット,牡,3,カリフォルニアクローム,470,2025-12-25,570000,3000000,0,-526.3,https://auction.keiba.rakuten.co.jp/item/15440,,
2301,ソラトブツバメ,牡,2,ゴールドシップ,442,2024-12-12,570000,0,0,0.0,https://auction.keiba.rakuten.co.jp/item/13471,,
909,ドゴン,牡,6,ディーマジェスティ,460,2025-04-24,570000,4285000,0,-751.8,https://auction.keiba.rakuten.co.jp/item/14057,骨瘤,
1942,アダムスアップル,牝,2,ディスクリートキャット,442,2024-10-03,5690000,1025000,0,-18.0,https://auction.keiba.rakuten.co.jp/item/13107,,
551,スピリットサージ,牝,3,ブリックスアンドモルタル,446,2025-08-14,5690000,2910000,0,-51.1,https://auction.keiba.rakuten.co.jp/item/14689,旋回癖 / 骨瘤,
61,ボルザコフスキー,牡,6,キズナ,514,2025-11-13,5650000,108211000,0,-1915.2,https://auction.keiba.rakuten.co.jp/item/15300,骨折,
1979,ブリハーツ,牡,2,ディープブリランテ,412,2024-10-10,560000,0,0,0.0,https://auction.keiba.rakuten.co.jp/item/13145,,
2161,アルビス,牡,2,ルーラーシップ,480,2024-11-14,560000,0,0,0.0,https://auction.keiba.rakuten.co.jp/item/13329,,
1760,シャイニングキセキ,牝,4,キンシャサノキセキ,406,2025-03-27,560000,1470000,0,-262.5,https://auction.keiba.rakuten.co.jp/item/13922,骨瘤 / 鼻出血,
28,カイトアザリー,牝,2,エイシンフラッシュ,408,2025-11-06,560000,0,128000,22.9,https://auction.keiba.rakuten.co.jp/item/15262,,
2213,ユメウラナイ,牝,2,ロジャーバローズ,456,2024-11-21,560000,0,0,0.0,https://auction.keiba.rakuten.co.jp/item/13382,,
345,ワープエンジン,牝,4,アドミラブル,494,2025-10-02,560000,2429000,0,-433.8,https://auction.keiba.rakuten.co.jp/item/15088,喘鳴症 / 脚部不安 / 骨折,
2591,グレーターグレイ,牝,3,グレーターロンドン,412,2026-02-19,560000,0,0,0.0,https://auction.keiba.rakuten.co.jp/item/15679,さく癖,
1469,ローゼシュティア,牝,6,トーセンラー,483,2025-01-16,560000,7415000,0,-1324.1,https://auction.keiba.rakuten.co.jp/item/13624,球節炎,
967,アルマケルブ,牝,5,コパノリッキー,471,2025-05-11,560000,2549000,0,-455.2,https://auction.keiba.rakuten.co.jp/item/14116,骨折,
1753,シントーチャチャ,牝,5,キタサンブラック,432,2025-03-27,560000,4415000,0,-788.4,https://auction.keiba.rakuten.co.jp/item/13915,鼻出血,
2580,アンファール,牝,3,レッドファルクス,416,2026-02-15,560000,375000,0,-67.0,https://auction.keiba.rakuten.co.jp/item/15667,骨折 / 骨片,
1661,アジアート,牝,3,アジアエクスプレス,436,2025-03-13,560000,0,0,0.0,https://auction.keiba.rakuten.co.jp/item/13821,さく癖,
1490,エクスペダイト,牡,3,スピルバーグ,475,2025-01-23,560000,0,0,0.0,https://auction.keiba.rakuten.co.jp/item/13645,,
662,メイショウクレピス,牝,3,アルアイン,502,2025-08-28,560000,0,0,0.0,https://auction.keiba.rakuten.co.jp/item/14806,,
201,ソンブレロ,牡,2,タワーオブロンドン,510,2025-10-16,560000,0,324000,57.9,https://auction.keiba.rakuten.co.jp/item/15140,跛行,
200,クイーンズステート,牝,2,シルバーステート,376,2025-10-16,560000,0,1056000,188.6,https://auction.keiba.rakuten.co.jp/item/15139,,
501,クリノニキータ,牝,8,ヴァンセンヌ,481,2025-08-07,560000,33291000,0,-5944.8,https://auction.keiba.rakuten.co.jp/item/14637,,
974,エールヴェガ,牝,3,サトノクラウン,424,2025-05-15,560000,0,0,0.0,https://auction.keiba.rakuten.co.jp/item/14123,さく癖,
2565,サリー,牝,3,ロゴタイプ,396,2026-02-12,560000,0,0,0.0,https://auction.keiba.rakuten.co.jp/item/15652,,
728,スマイルデイズ,牝,3,スワーヴリチャード,414,2025-09-04,560000,240000,0,-42.9,https://auction.keiba.rakuten.co.jp/item/14875,ゆう癖 / 喉頭蓋エントラップメント,
19,ナンヨーラーク,牝,2,ブリックスアンドモルタル,392,2025-10-26,560000,0,0,0.0,https://auction.keiba.rakuten.co.jp/item/15201,,
875,レイデルマール,セ,7,ヘニーヒューズ,500,2025-04-20,560000,25400000,0,-4535.7,https://auction.keiba.rakuten.co.jp/item/14023,,
2136,ヨシュア,牡,3,アジアエクスプレス,476,2024-11-07,560000,3260000,0,-582.1,https://auction.keiba.rakuten.co.jp/item/13304,脚部不安 / 骨折,
2426,ガマダス,牡,3,サトノアラジン,495,2025-12-25,560000,4768000,0,-851.4,https://auction.keiba.rakuten.co.jp/item/15525,,
2542,ナイスプリンス,牝,10,フサイチセブン,,2026-02-05,5580000,20000000,0,-358.4,https://auction.keiba.rakuten.co.jp/item/15634,,○
2567,フラップシグナス,牡,7,ローエングリン,510,2026-02-12,5580000,66166000,0,-1185.8,https://auction.keiba.rakuten.co.jp/item/15654,カケス,
1742,ラジエル,牝,6,ミッキーアイル,440,2025-03-27,5520000,17890000,0,-324.1,https://auction.keiba.rakuten.co.jp/item/13904,骨折,
1910,エールミネルヴァ,牝,4,アメリカンペイトリオット,476,2024-09-26,5520000,21400000,0,-387.7,https://auction.keiba.rakuten.co.jp/item/13075,,
169,ゲルタ,牡,4,モーリス,518,2025-10-23,550000,8180000,0,-1487.3,https://auction.keiba.rakuten.co.jp/item/15187,,
1871,クリノノヴァエ,牡,2,アドミラブル,492,2024-09-19,550000,0,0,0.0,https://auction.keiba.rakuten.co.jp/item/13035,,
1071,スターチャーム,牝,5,バトルプラン,482,2025-05-29,550000,2425000,0,-440.9,https://auction.keiba.rakuten.co.jp/item/14222,ゆう癖 / 炎症 / 跛行 / 骨折 / 骨片 / 骨膜炎,
78,コーントップス,牝,4,マインドユアビスケッツ,422,2025-11-13,550000,3380000,0,-614.5,https://auction.keiba.rakuten.co.jp/item/15317,感冒,
2094,ラズワルドラピス,牝,3,ジャスタウェイ,422,2024-10-31,550000,2250000,0,-409.1,https://auction.keiba.rakuten.co.jp/item/13261,,
1311,イベンチュアリー,牡,3,リアルスティール,510,2025-07-17,550000,0,0,0.0,https://auction.keiba.rakuten.co.jp/item/14465,骨瘤,
1755,オレノスゴワザ,牡,6,メジロダイボサツ,492,2025-03-27,550000,3815000,0,-693.6,https://auction.keiba.rakuten.co.jp/item/13917,,
349,ララモンストル,牡,4,Mitole,502,2025-10-02,550000,4228000,0,-768.7,https://auction.keiba.rakuten.co.jp/item/15092,,
1139,ユメカウツツカ,牝,4,モーリス,421,2025-06-12,550000,3232000,0,-587.6,https://auction.keiba.rakuten.co.jp/item/14291,さく癖,
1665,ダイユウルージュ,牝,3,サンダースノー,410,2025-03-13,550000,0,0,0.0,https://auction.keiba.rakuten.co.jp/item/13825,ゆう癖,
1337,ミスファントム,牝,4,スワーヴリチャード,437,2025-07-17,550000,9150000,0,-1663.6,https://auction.keiba.rakuten.co.jp/item/14492,屈腱炎 / 骨折,
861,シシャモノタルマエ,牝,4,ホッコータルマエ,443,2025-04-17,550000,3045000,0,-553.6,https://auction.keiba.rakuten.co.jp/item/14009,さく癖 / ゆう癖,
91,プリスマティカ,牝,3,ファインニードル,470,2025-11-16,550000,2754000,0,-500.7,https://auction.keiba.rakuten.co.jp/item/15332,,
1750,エイシンモシリ,牡,4,エーシントップ,513,2025-03-27,550000,4449000,0,-808.9,https://auction.keiba.rakuten.co.jp/item/13912,挫跖,
860,レタコード,牡,4,ベストウォーリア,483,2025-04-17,550000,2880000,0,-523.6,https://auction.keiba.rakuten.co.jp/item/14008,跛行,
2208,コスモベルツリー,牝,2,ダノンバラード,424,2024-11-21,550000,0,0,0.0,https://auction.keiba.rakuten.co.jp/item/13377,,
1782,エイシンガーベラ,牝,3,エイシンヒカリ,422,2025-04-03,550000,60000,0,-10.9,https://auction.keiba.rakuten.co.jp/item/13945,,
1172,ルクスパラディ,牝,4,オルフェーヴル,418,2025-06-19,550000,10736000,0,-1952.0,https://auction.keiba.rakuten.co.jp/item/14325,フレグモーネ,
1090,エントロピー,牝,3,ダノンバラード,390,2025-06-05,550000,0,0,0.0,https://auction.keiba.rakuten.co.jp/item/14241,,
1604,テールオブストーン,牝,3,キズナ,509,2025-02-27,5460000,0,0,0.0,https://auction.keiba.rakuten.co.jp/item/13760,,
455,ヴィーゲイツ,牝,4,ヘンリーバローズ,460,2025-07-31,540000,4305000,0,-797.2,https://auction.keiba.rakuten.co.jp/item/14591,脚部不安,
1660,マイネルイージス,牡,6,ゴールドシップ,484,2025-03-06,540000,13580000,0,-2514.8,https://auction.keiba.rakuten.co.jp/item/13820,フレグモーネ / 挫跖 / 骨瘤,
2389,ディアマイサン,牡,5,ハービンジャー,548,2025-12-25,540000,13350000,0,-2472.2,https://auction.keiba.rakuten.co.jp/item/15483,OCD / 打撲 / 挫跖 / 疝痛 / 跛行,
1739,エクトゥシュタール,牡,5,リアルスティール,450,2025-03-27,540000,10263000,0,-1900.6,https://auction.keiba.rakuten.co.jp/item/13901,炎症 / 蟻洞 / 裂蹄 / 跛行,
1158,ミヤイグアス,牝,3,Dark Angel,422,2025-06-19,540000,0,0,0.0,https://auction.keiba.rakuten.co.jp/item/14310,,
2125,オーヴェルトゥーレ,牝,3,サンダースノー,416,2024-11-07,540000,512000,0,-94.8,https://auction.keiba.rakuten.co.jp/item/13293,,
2321,レディーズナイト,牝,3,ダイワメジャー,463,2024-12-12,540000,3890000,0,-720.4,https://auction.keiba.rakuten.co.jp/item/13491,感冒,
748,リオンノワール,牡,3,エピカリス,440,2025-09-04,540000,1140000,0,-211.1,https://auction.keiba.rakuten.co.jp/item/14895,,
1081,キャメロン,牝,2,ホークビル,410,2025-06-01,540000,0,0,0.0,https://auction.keiba.rakuten.co.jp/item/14232,,
2084,ミスフォルテ,牝,2,ミスターメロディ,472,2024-10-31,5350000,2236000,0,-41.8,https://auction.keiba.rakuten.co.jp/item/13251,,
554,ロレンツォ,牡,7,ロードカナロア,482,2025-08-14,5300000,34432000,0,-649.7,https://auction.keiba.rakuten.co.jp/item/14692,骨折,
2246,アカデミズム,牝,2,ダノンバラード,440,2024-11-28,530000,0,0,0.0,https://auction.keiba.rakuten.co.jp/item/13415,裂傷,
1052,バイアーナ,牝,3,シャンハイボビー,500,2025-05-29,530000,0,0,0.0,https://auction.keiba.rakuten.co.jp/item/14202,旋回癖 / 骨折 / 骨瘤,
1387,コングラツィア,牝,8,ノボジャック,452,2024-12-19,530000,12743000,0,-2404.3,https://auction.keiba.rakuten.co.jp/item/13542,ゆう癖 / フレグモーネ / 跛行 / 関節炎 / 骨折,
1292,シンデレラリバー,牝,3,ホークビル,445,2025-07-10,530000,1460000,0,-275.5,https://auction.keiba.rakuten.co.jp/item/14446,,
2428,ウィウィルウィン,牡,4,ダノンシャーク,555,2025-12-25,530000,6960000,0,-1313.2,https://auction.keiba.rakuten.co.jp/item/15532,跛行,
394,メイショウハント,牡,3,メイショウサムソン,436,2025-07-24,530000,0,0,0.0,https://auction.keiba.rakuten.co.jp/item/14530,,
1857,エイシンパンゲア,牡,2,リアルインパクト,502,2024-09-12,530000,0,0,0.0,https://auction.keiba.rakuten.co.jp/item/13021,OCD / 骨片,
924,フェルカド,セ,8,ハーツクライ,470,2025-04-27,530000,11695000,0,-2206.6,https://auction.keiba.rakuten.co.jp/item/14072,さく癖 / 疝痛,
530,ストラティファイド,牝,3,ロードカナロア,444,2025-08-14,530000,0,0,0.0,https://auction.keiba.rakuten.co.jp/item/14668,OCD,
216,セルリアンロケット,牡,5,ミッキーロケット,468,2025-10-16,530000,1749000,0,-330.0,https://auction.keiba.rakuten.co.jp/item/15155,鼻出血,
1089,ヴェリーヌ,牝,3,ウインブライト,398,2025-06-05,530000,0,0,0.0,https://auction.keiba.rakuten.co.jp/item/14240,裂傷,
1133,ラブカヒルー,牝,6,カレンブラックヒル,456,2025-06-12,530000,6476000,0,-1221.9,https://auction.keiba.rakuten.co.jp/item/14285,骨折,
1516,コスモヴィーコ,牡,4,スクリーンヒーロー,490,2025-01-30,530000,6330000,0,-1194.3,https://auction.keiba.rakuten.co.jp/item/13671,打撲 / 跛行 / 骨折,
857,ブルーシンフォニー,牡,7,スクリーンヒーロー,474,2025-04-17,5230000,74218000,0,-1419.1,https://auction.keiba.rakuten.co.jp/item/14005,,
1749,キラン,牝,4,ワールドエース,392,2025-03-27,520000,3525000,0,-677.9,https://auction.keiba.rakuten.co.jp/item/13911,屈腱炎,
1976,シタン,牝,5,エピファネイア,434,2024-10-10,520000,13817000,0,-2657.1,https://auction.keiba.rakuten.co.jp/item/13142,,
1416,エコロオーディン,牡,3,ファインニードル,519,2025-01-09,520000,0,0,0.0,https://auction.keiba.rakuten.co.jp/item/13571,鼻出血,
438,ビップアリエル,牝,3,サンダースノー,462,2025-07-31,520000,0,0,0.0,https://auction.keiba.rakuten.co.jp/item/14574,,
2133,バイオレットローズ,牝,3,モンテロッソ,474,2024-11-07,520000,2485000,0,-477.9,https://auction.keiba.rakuten.co.jp/item/13301,,
2581,レーヴレジェンド,牡,4,ゴールドドリーム,488,2026-02-15,520000,8170000,0,-1571.2,https://auction.keiba.rakuten.co.jp/item/15668,疝痛,
2215,キッシングセーラー,牝,2,ウインブライト,408,2024-11-21,520000,720000,0,-138.5,https://auction.keiba.rakuten.co.jp/item/13384,ゆう癖,
1433,ヴォードノエル,牝,4,ストロングリターン,446,2025-01-09,520000,3405000,0,-654.8,https://auction.keiba.rakuten.co.jp/item/13588,,
2190,マンマミーア,牡,3,アドマイヤムーン,475,2024-11-14,520000,3300000,0,-634.6,https://auction.keiba.rakuten.co.jp/item/13358,,
723,ミヤビバエル,牡,3,レイデオロ,462,2025-09-04,520000,0,0,0.0,https://auction.keiba.rakuten.co.jp/item/14869,,
498,コルティリオ,牡,4,サトノクラウン,456,2025-08-07,520000,3680000,3680000,0.0,https://auction.keiba.rakuten.co.jp/item/14634,,
2396,リケアエスプレッソ,牡,3,カレンブラックヒル,454,2025-12-25,520000,815000,0,-156.7,https://auction.keiba.rakuten.co.jp/item/15490,骨折,
396,モズラッキー,牝,3,ゴールドシップ,426,2025-07-24,520000,0,0,0.0,https://auction.keiba.rakuten.co.jp/item/14532,,
395,メイショウワタユキ,牝,3,ビーチパトロール,438,2025-07-24,520000,0,0,0.0,https://auction.keiba.rakuten.co.jp/item/14531,,
295,バスターウルフ,牡,4,オルフェーヴル,522,2025-09-21,520000,10525000,10525000,0.0,https://auction.keiba.rakuten.co.jp/item/15038,,
1511,ラスベガスホワイト,牡,3,ウインブライト,484,2025-01-30,520000,0,0,0.0,https://auction.keiba.rakuten.co.jp/item/13666,,
2381,ヴルールドロワ,牡,2,ヘンリーバローズ,504,2025-12-25,520000,2500000,0,-480.8,https://auction.keiba.rakuten.co.jp/item/15475,屈腱炎,
1146,ミコノユメ,牝,4,シニスターミニスター,459,2025-06-15,520000,800000,0,-153.8,https://auction.keiba.rakuten.co.jp/item/14298,骨瘤,
2247,エスパノーラ,牝,2,トーセンレーヴ,468,2024-11-28,520000,0,0,0.0,https://auction.keiba.rakuten.co.jp/item/13416,,
2525,ジーティーミュウ,牝,3,ノーブルミッション,392,2026-02-05,520000,0,0,0.0,https://auction.keiba.rakuten.co.jp/item/15617,,
1507,アートラヴァーの23,牡,2,マテラスカイ,492,2025-01-30,5100000,0,0,0.0,https://auction.keiba.rakuten.co.jp/item/13662,,
874,サンハナノアメ,牝,4,ホッコータルマエ,458,2025-04-20,510000,1352000,0,-265.1,https://auction.keiba.rakuten.co.jp/item/14022,裂蹄,
2097,ネバーシュリンク,牝,3,アポロケンタッキー,485,2024-10-31,510000,4320000,0,-847.1,https://auction.keiba.rakuten.co.jp/item/13264,,
2343,トップパワー,牡,3,ゴールドシップ,448,2025-12-25,510000,0,0,0.0,https://auction.keiba.rakuten.co.jp/item/15434,骨折,
2135,ロアー,牝,3,オルフェーヴル,453,2024-11-07,510000,3055000,0,-599.0,https://auction.keiba.rakuten.co.jp/item/13303,,
884,デルマセシボン,牝,3,ストロングリターン,438,2025-04-24,510000,0,0,0.0,https://auction.keiba.rakuten.co.jp/item/14032,,
1438,センチュリヒーロー,牡,5,サトノクラウン,426,2025-01-09,510000,4363000,0,-855.5,https://auction.keiba.rakuten.co.jp/item/13593,繋靭帯炎,
1111,サンライズナイト,牡,10,クロフネ,500,2025-06-05,510000,69944000,0,-13714.5,https://auction.keiba.rakuten.co.jp/item/14262,球節炎,
2435,アンボワテ,牝,3,ミッキーアイル,418,,510000,85000,0,-16.7,https://auction.keiba.rakuten.co.jp/item/14967,,
897,アルファインディ,牡,5,モーリス,442,2025-04-24,510000,5930000,0,-1162.7,https://auction.keiba.rakuten.co.jp/item/14045,骨折 / 鼻出血,
1888,アーティスティック,牡,4,パイロ,518,2024-09-19,510000,3966000,0,-777.6,https://auction.keiba.rakuten.co.jp/item/13053,,
834,オッスイレブン,牝,3,トーセンラー,414,2025-09-18,510000,0,0,0.0,https://auction.keiba.rakuten.co.jp/item/14981,,
1028,サンドクルーザー,牡,4,ヴィクトワールピサ,499,2025-05-22,510000,2829000,0,-554.7,https://auction.keiba.rakuten.co.jp/item/14178,,
2051,クリノカグヤ,牝,3,アルアイン,449,2024-10-24,510000,1542000,0,-302.4,https://auction.keiba.rakuten.co.jp/item/13218,,
2503,ファーマムーン,牝,4,ミッキーロケット,448,2026-01-15,510000,3706000,0,-726.7,https://auction.keiba.rakuten.co.jp/item/15568,,
833,ウインフルゴラ,牝,3,サンダースノー,416,2025-09-18,510000,0,0,0.0,https://auction.keiba.rakuten.co.jp/item/14980,,
520,イズジョーレイナス,牝,3,ハービンジャー,382,2025-08-14,510000,0,0,0.0,https://auction.keiba.rakuten.co.jp/item/14658,,
2183,ビッグヤシチルーフ,牡,3,コパノリッキー,468,2024-11-14,510000,1350000,0,-264.7,https://auction.keiba.rakuten.co.jp/item/13351,骨折,
971,シュテルンヴァーテ,セ,3,リアルスティール,465,2025-05-15,510000,0,0,0.0,https://auction.keiba.rakuten.co.jp/item/14120,,
430,ウィッティングハム,牝,3,サートゥルナーリア,526,2025-07-31,510000,0,0,0.0,https://auction.keiba.rakuten.co.jp/item/14566,,
129,バクレツマホウ,牝,5,ニシケンモノノフ,469,2025-10-23,510000,7465000,0,-1463.7,https://auction.keiba.rakuten.co.jp/item/15191,,
1621,メモリーメイラード,牝,3,スマートファルコン,395,2025-02-27,510000,4462000,0,-874.9,https://auction.keiba.rakuten.co.jp/item/13777,,
2288,ビーティングハート,牝,4,シニスターミニスター,461,2024-12-05,510000,9920000,0,-1945.1,https://auction.keiba.rakuten.co.jp/item/13458,繋靭帯炎 / 骨折,
783,エムズオルフェ,牝,3,オルフェーヴル,430,2025-09-11,510000,0,0,0.0,https://auction.keiba.rakuten.co.jp/item/14930,,
15256,ディーノサンライズ,牝,4,シルバーステート,466,2025-11-02,510000,8970000,9492000,102.4,https://auction.keiba.rakuten.co.jp/item/15256,,
563,バルドルブレイン,牡,7,ロードカナロア,501,2025-08-14,510000,21025000,0,-4122.5,https://auction.keiba.rakuten.co.jp/item/14701,,
690,ルージュメアート,牝,3,American Pharoah,524,2025-08-28,5060000,3600000,0,-71.1,https://auction.keiba.rakuten.co.jp/item/14835,,
1714,サブルドール,牝,7,カジノドライヴ,509,2025-03-20,5050000,27725000,0,-549.0,https://auction.keiba.rakuten.co.jp/item/13874,,
2604,エコロマーズ,牡,5,シルバーステート,502,2026-02-19,5040000,66840000,0,-1326.2,https://auction.keiba.rakuten.co.jp/item/15692,屈腱炎 / 骨瘤,
236,カムランベイ,牡,5,タリスマニック,512,2025-10-23,5020000,27370000,0,-545.2,https://auction.keiba.rakuten.co.jp/item/15176,,
942,エノラブエナ,セ,4,ニューイヤーズデイ,546,2025-05-08,5020000,5500000,0,-109.6,https://auction.keiba.rakuten.co.jp/item/14091,,
940,サンリットアワーズ,牡,3,Earthlight,492,2025-05-08,5020000,2640000,0,-52.6,https://auction.keiba.rakuten.co.jp/item/14089,さく癖,
490,アルハイルフォート,牡,3,Frankel,506,2025-08-07,5010000,6680000,7550000,17.4,https://auction.keiba.rakuten.co.jp/item/14626,,
1872,ミスレモン,牝,2,ミュゼスルタン,514,2024-09-19,500000,0,0,0.0,https://auction.keiba.rakuten.co.jp/item/13036,骨折,
419,タイムレスブルーム,牡,4,イスラボニータ,478,2025-07-24,500000,570000,0,-114.0,https://auction.keiba.rakuten.co.jp/item/14555,骨折,
2369,ラチカベッラ,牝,11,エンパイアメーカー,530,2025-12-25,500000,0,0,0.0,https://auction.keiba.rakuten.co.jp/item/15457,,○
2110,アサアール,牝,2,ウインブライト,408,2024-11-07,500000,0,0,0.0,https://auction.keiba.rakuten.co.jp/item/13278,骨瘤,
92,ジョーソーレ,牝,4,エスポワールシチー,454,2025-11-16,500000,4270000,0,-854.0,https://auction.keiba.rakuten.co.jp/item/15333,,
199,アドマイヤウイングの24,牝,1,セイウンコウセイ,395,2025-10-16,500000,0,0,0.0,https://auction.keiba.rakuten.co.jp/item/15138,,
1696,クァタルティ,牝,3,ダノンバラード,380,2025-03-20,500000,0,0,0.0,https://auction.keiba.rakuten.co.jp/item/13856,跛行 / 骨瘤,
71,ニンマリ,牝,3,ノーブルミッション,428,2025-11-13,500000,455000,0,-91.0,https://auction.keiba.rakuten.co.jp/item/15310,,
570,ドゥフトブリューテ,牡,3,エポカドーロ,430,2025-08-17,500000,0,0,0.0,https://auction.keiba.rakuten.co.jp/item/14708,,
743,サスケリアン,牝,2,ミッキーアイル,418,2025-09-04,500000,0,0,0.0,https://auction.keiba.rakuten.co.jp/item/14890,,
1451,ビーラブドウィッチ,牝,3,マジェスティックウォリアー,424,2025-01-16,500000,0,0,0.0,https://auction.keiba.rakuten.co.jp/item/13606,ゆう癖,
1586,ビップリアム,牡,3,エイシンフラッシュ,430,2025-02-20,500000,1400000,0,-280.0,https://auction.keiba.rakuten.co.jp/item/13742,,
74,エムティピース,牡,3,ホークビル,457,2025-11-13,500000,4257000,0,-851.4,https://auction.keiba.rakuten.co.jp/item/15313,さく癖 / 感冒,
2541,シュンイ,牝,8,ロードカナロア,,2026-02-05,500000,50760000,0,-10152.0,https://auction.keiba.rakuten.co.jp/item/15633,鼻出血,○
521,イモータリティ,牡,3,ハービンジャー,450,2025-08-14,500000,0,0,0.0,https://auction.keiba.rakuten.co.jp/item/14659,繋靭帯炎,
16,シップスログの24,牝,1,エピカリス,477,2025-11-06,500000,0,0,0.0,https://auction.keiba.rakuten.co.jp/item/15286,OCD,
592,スノーバンティング,牡,3,Teofilo,410,2025-08-21,500000,0,0,0.0,https://auction.keiba.rakuten.co.jp/item/14731,OCD,
2490,オールウェズキズナ,牝,4,キズナ,450,,500000,0,0,0.0,https://auction.keiba.rakuten.co.jp/item/15243,,○
2196,ペルトラン,牝,4,アンライバルド,451,2024-11-14,500000,10397000,0,-2079.4,https://auction.keiba.rakuten.co.jp/item/13365,,
1029,キラリメイラード,牝,4,シニスターミニスター,436,2025-05-22,500000,6160000,0,-1232.0,https://auction.keiba.rakuten.co.jp/item/14179,繋靭帯炎 / 骨折 / 骨瘤,
824,ブルンツヴィーク,牡,3,スワーヴリチャード,456,2025-09-14,500000,0,0,0.0,https://auction.keiba.rakuten.co.jp/item/14971,喘鳴症 / 繋靭帯炎,
2592,ティーナ,牝,3,Earthlight,444,2026-02-19,500000,0,0,0.0,https://auction.keiba.rakuten.co.jp/item/15680,,
1470,ヘイシリン,牡,6,メイショウボーラー,521,2025-01-16,500000,13299000,0,-2659.8,https://auction.keiba.rakuten.co.jp/item/13625,喉鳴り / 喘鳴症 / 炎症,
739,ヴィジブルライト,牡,3,ヘニーヒューズ,484,2025-09-04,4960000,6960000,0,-140.3,https://auction.keiba.rakuten.co.jp/item/14886,蟻洞,
1482,ジョウショーポプリ,牝,3,バゴ,430,2025-01-23,490000,0,0,0.0,https://auction.keiba.rakuten.co.jp/item/13637,,
2556,ブレイズボーイ,牡,4,エポカドーロ,470,2026-02-08,490000,1660000,0,-338.8,https://auction.keiba.rakuten.co.jp/item/15643,骨折,
1990,ナムラダニー,牡,4,ヴィクトワールピサ,445,2024-10-10,490000,2957000,0,-603.5,https://auction.keiba.rakuten.co.jp/item/13157,,
163,エイシンバイアルド,牡,3,ミッキーロケット,477,2025-10-23,490000,300000,0,-61.2,https://auction.keiba.rakuten.co.jp/item/15181,さく癖,
1886,エイシンポロシリ,牡,3,エイシンヒカリ,470,2024-09-19,490000,6462000,0,-1318.8,https://auction.keiba.rakuten.co.jp/item/13051,,
1053,パルファム,牝,3,ウインブライト,434,2025-05-29,490000,0,0,0.0,https://auction.keiba.rakuten.co.jp/item/14203,旋回癖,
1377,ウインアザレア,牝,3,マインドユアビスケッツ,456,2024-12-19,490000,8625000,0,-1760.2,https://auction.keiba.rakuten.co.jp/item/13532,,
2496,マイネルレグルス,牡,5,スクリーンヒーロー,498,2026-01-11,490000,6050000,0,-1234.7,https://auction.keiba.rakuten.co.jp/item/15561,腱鞘炎 / 跛行 / 骨片,
1610,ボンマティ,牝,3,サトノクラウン,476,2025-02-27,490000,0,0,0.0,https://auction.keiba.rakuten.co.jp/item/13766,,
1565,ドクターレノン,牡,3,ロンドンタウン,447,2025-02-13,490000,0,0,0.0,https://auction.keiba.rakuten.co.jp/item/13721,,
204,バルミーウェザー,セ,4,パイロ,470,2025-10-16,4820000,15870000,0,-329.3,https://auction.keiba.rakuten.co.jp/item/15143,,
648,グリューネベルグ,牝,3,ヘニーヒューズ,445,2025-08-24,4810000,3490000,0,-72.6,https://auction.keiba.rakuten.co.jp/item/14791,,
85,ギャラクシーナイト,牡,6,ドゥラメンテ,510,2025-11-16,4800000,64722000,0,-1348.4,https://auction.keiba.rakuten.co.jp/item/15326,,
1082,サンルーナ,牝,3,ゴールドアクター,452,2025-06-01,480000,0,0,0.0,https://auction.keiba.rakuten.co.jp/item/14233,,
1023,アイノシュエット,牝,3,ダノンレジェンド,447,2025-05-22,480000,460000,0,-95.8,https://auction.keiba.rakuten.co.jp/item/14173,,
1630,アイカチャン,牝,3,マインドユアビスケッツ,390,2025-03-06,480000,0,342000,71.3,https://auction.keiba.rakuten.co.jp/item/13788,,
89,ジーティーケリー,牝,3,ゴールドドリーム,410,2025-11-16,480000,920000,0,-191.7,https://auction.keiba.rakuten.co.jp/item/15330,,
2400,デンリッレハウエル,牝,3,レイデオロ,422,2025-12-25,480000,2815000,0,-586.5,https://auction.keiba.rakuten.co.jp/item/15494,,
1305,デーレーアネラ,牝,3,モーニン,430,2025-07-13,480000,3600000,0,-750.0,https://auction.keiba.rakuten.co.jp/item/14459,,
1659,サンドジョーカー,牡,8,スマートファルコン,525,2025-03-06,480000,15315000,0,-3190.6,https://auction.keiba.rakuten.co.jp/item/13819,鼻出血,
1027,アドベントクラウン,牡,4,ラブリーデイ,472,2025-05-22,480000,2360000,0,-491.7,https://auction.keiba.rakuten.co.jp/item/14177,骨片,
1620,フィールドトリップ,牡,3,エポカドーロ,436,2025-02-27,480000,250000,0,-52.1,https://auction.keiba.rakuten.co.jp/item/13776,,
1744,シーサー,牡,3,ホッコータルマエ,506,2025-03-27,480000,800000,0,-166.7,https://auction.keiba.rakuten.co.jp/item/13906,さく癖,
2286,アスタリウス,牡,4,ルーラーシップ,489,2024-12-05,480000,3179000,0,-662.3,https://auction.keiba.rakuten.co.jp/item/13456,擦過傷,
1953,フィールドモーリス,牡,6,モーリス,465,2024-10-03,470000,15655000,0,-3330.9,https://auction.keiba.rakuten.co.jp/item/13118,さく癖,
276,メイショウカジキ,牡,5,メイショウボーラー,483,2025-09-18,470000,5220000,0,-1110.6,https://auction.keiba.rakuten.co.jp/item/15017,旋回癖,
1949,インペトゥオーソ,牡,4,フリオーソ,447,2024-10-03,470000,2910000,0,-619.1,https://auction.keiba.rakuten.co.jp/item/13114,,
1703,ジュエリーオブラヴ,牝,3,コパノリッキー,407,2025-03-20,470000,0,0,0.0,https://auction.keiba.rakuten.co.jp/item/13863,,
557,リケアドアーズ,牝,3,レッドベルジュール,468,2025-08-14,470000,0,210000,44.7,https://auction.keiba.rakuten.co.jp/item/14695,,
1521,テイルスピナー,牝,4,ホッコータルマエ,412,2025-01-30,470000,4025000,0,-856.4,https://auction.keiba.rakuten.co.jp/item/13676,,
790,ムンディ,牝,3,サトノクラウン,414,2025-09-11,470000,300000,0,-63.8,https://auction.keiba.rakuten.co.jp/item/14937,,
1566,カルドゥッチョ,牝,3,ヘンリーバローズ,427,2025-02-13,470000,200000,0,-42.6,https://auction.keiba.rakuten.co.jp/item/13722,脚部不安,
1580,ベルタント,牡,6,ベルシャザール,524,2025-02-13,470000,10495000,0,-2233.0,https://auction.keiba.rakuten.co.jp/item/13736,,
2379,ミヤムーブメント,牝,2,イスラボニータ,400,2025-12-25,470000,0,0,0.0,https://auction.keiba.rakuten.co.jp/item/15514,,
1729,フェアリオンアイス,牝,3,バンブーエール,458,2025-03-27,470000,0,0,0.0,https://auction.keiba.rakuten.co.jp/item/13891,,
1150,ヴェントドーロ,牝,3,ゴールドドリーム,408,2025-06-19,470000,0,0,0.0,https://auction.keiba.rakuten.co.jp/item/14302,,
1266,ココリアマテル,牝,3,マジェスティックウォリアー,474,2025-07-10,470000,0,0,0.0,https://auction.keiba.rakuten.co.jp/item/14419,骨折,
2054,ハヌマーンビーチ,牡,4,ビーチパトロール,467,2024-10-24,470000,1495000,0,-318.1,https://auction.keiba.rakuten.co.jp/item/13221,挫跖 / 骨折,
578,ヘイルメリーラン,セ,2,ミスチヴィアスアレックス,424,2025-08-17,4630000,2500000,0,-54.0,https://auction.keiba.rakuten.co.jp/item/14717,,
60,スペキオサレジーナ,牝,5,ルーラーシップ,488,2025-11-13,4620000,34070000,0,-737.4,https://auction.keiba.rakuten.co.jp/item/15299,,
715,ハラマキ,牝,2,サトノダイヤモンド,394,2025-08-31,460000,200000,0,-43.5,https://auction.keiba.rakuten.co.jp/item/14860,,
2588,ハッピーイエロー,牝,6,ダブルスター,480,2026-02-15,460000,11555000,0,-2512.0,https://auction.keiba.rakuten.co.jp/item/15675,骨折 / 骨片,
2102,フウゲツムヘン,牝,5,ドレフォン,450,2024-10-31,460000,7333000,0,-1594.1,https://auction.keiba.rakuten.co.jp/item/13269,,
1595,スキャタードライト,牝,4,リアルスティール,452,2025-02-20,460000,2030000,0,-441.3,https://auction.keiba.rakuten.co.jp/item/13751,喘鳴症 / 骨折 / 骨瘤,
1585,ロマンティー,牝,3,ルーラーシップ,462,2025-02-20,460000,0,0,0.0,https://auction.keiba.rakuten.co.jp/item/13741,,
1547,シエルリーナ,牝,5,バゴ,410,2025-02-06,460000,2706000,0,-588.3,https://auction.keiba.rakuten.co.jp/item/13702,,
454,ライスライス,牝,4,アドマイヤムーン,412,2025-07-31,460000,2480000,0,-539.1,https://auction.keiba.rakuten.co.jp/item/14590,,
2169,ベレンガリア,牝,3,スワーヴリチャード,420,2024-11-14,460000,3466000,0,-753.5,https://auction.keiba.rakuten.co.jp/item/13337,鼻出血,
2012,ネバシーンビフォー,牝,3,ディーマジェスティ,480,2024-10-17,460000,258000,0,-56.1,https://auction.keiba.rakuten.co.jp/item/13179,骨折,
353,ブルクラシコ,セ,5,キンシャサノキセキ,454,2025-10-02,460000,4191000,0,-911.1,https://auction.keiba.rakuten.co.jp/item/15096,,
327,モンサンジャスミン,牝,2,ノヴェリスト,380,2025-10-02,460000,0,0,0.0,https://auction.keiba.rakuten.co.jp/item/15070,,
1184,バルミュゼット,牡,6,フリオーソ,522,2025-06-22,460000,58574000,0,-12733.5,https://auction.keiba.rakuten.co.jp/item/14337,屈腱炎,
151,ジャスティンユウジ,牡,5,キタサンブラック,513,2025-11-27,460000,10584000,0,-2300.9,https://auction.keiba.rakuten.co.jp/item/15378,気管支炎,
1863,アメリカンライト,牝,4,アメリカンペイトリオット,426,2024-09-12,460000,4495000,0,-977.2,https://auction.keiba.rakuten.co.jp/item/13027,骨瘤,
2320,リケアヴィオレ,牡,3,ロゴタイプ,476,2024-12-12,460000,2891000,0,-628.5,https://auction.keiba.rakuten.co.jp/item/13490,さく癖,
1318,メイショウゲッカ,牡,3,ワールドエース,444,2025-07-17,460000,0,0,0.0,https://auction.keiba.rakuten.co.jp/item/14473,旋回癖,
195,エンゲル,牝,2,ロードカナロア,434,2025-10-12,460000,175000,396000,48.0,https://auction.keiba.rakuten.co.jp/item/15134,フレグモーネ,
1784,メトロポリターナ(GB),牝,4,Masar,485,2025-04-03,4590000,3330000,0,-72.5,https://auction.keiba.rakuten.co.jp/item/13947,骨折,
1037,ゲイムスパンの23,牝,2,ダノンプレミアム,432,2025-05-22,4560000,0,0,0.0,https://auction.keiba.rakuten.co.jp/item/14187,,
2070,オールザットジャズの22,牡,2,カリフォルニアクローム,498,2024-10-31,4560000,0,0,0.0,https://auction.keiba.rakuten.co.jp/item/13237,,
2158,クリノカンピオーネ,牡,2,リアルインパクト,524,2024-11-14,4560000,0,0,0.0,https://auction.keiba.rakuten.co.jp/item/13326,,
1343,ルコルセール,牡,7,ロードカナロア,520,2025-07-17,4560000,102606000,0,-2250.1,https://auction.keiba.rakuten.co.jp/item/14498,DDSP,
2589,ローウェル,セ,8,キズナ,536,2026-02-15,4540000,80676000,0,-1777.0,https://auction.keiba.rakuten.co.jp/item/15676,擦過傷 / 骨折,
2641,アリステア,牡,4,キタサンブラック,488,2026-03-01,4520000,6160000,0,-136.3,https://auction.keiba.rakuten.co.jp/item/15737,骨瘤,
377,ナツキアンレーヴ,牡,2,サートゥルナーリア,405,2025-07-24,4500000,0,0,0.0,https://auction.keiba.rakuten.co.jp/item/14512,,
1664,スマートジュディ,牝,3,ラブリーデイ,412,2025-03-13,450000,0,0,0.0,https://auction.keiba.rakuten.co.jp/item/13824,,
2214,ロアゾンパルク,牝,2,フィエールマン,446,2024-11-21,450000,0,0,0.0,https://auction.keiba.rakuten.co.jp/item/13383,,
231,バリオーレの24,牝,1,タイセイレジェンド,398,2025-10-23,450000,0,0,0.0,https://auction.keiba.rakuten.co.jp/item/15171,,
2436,ウインボニータ,牝,3,イスラボニータ,478,,450000,0,0,0.0,https://auction.keiba.rakuten.co.jp/item/14968,骨瘤,
1107,ファルコンベガ,牡,4,スマートファルコン,480,2025-06-05,450000,920000,0,-204.4,https://auction.keiba.rakuten.co.jp/item/14258,,
149,シユウブラック,牡,4,キタサンブラック,482,2025-11-27,450000,2224000,0,-494.2,https://auction.keiba.rakuten.co.jp/item/15376,,
1597,マルカフロンターレ,牡,6,ハービンジャー,496,2025-02-20,450000,3909000,0,-868.7,https://auction.keiba.rakuten.co.jp/item/13753,,
1334,コルニーシュ,牝,3,アポロケンタッキー,490,2025-07-17,450000,300000,0,-66.7,https://auction.keiba.rakuten.co.jp/item/14489,骨折,
2160,アリスノヒトミ,牝,2,ゴールドドリーム,418,2024-11-14,450000,0,0,0.0,https://auction.keiba.rakuten.co.jp/item/13328,,
2507,アークブレイカー,牝,3,アスクピーターパン,406,2026-01-15,450000,0,0,0.0,https://auction.keiba.rakuten.co.jp/item/15572,,
1650,サンシスイメイ,牝,4,レッドファルクス,394,2025-03-06,450000,4425000,0,-983.3,https://auction.keiba.rakuten.co.jp/item/13809,,
2424,プロデッツァ,セ,3,ヘニーヒューズ,493,2025-12-25,450000,1700000,0,-377.8,https://auction.keiba.rakuten.co.jp/item/15523,,
1113,クリノクイーン,牝,3,リアルスティール,432,2025-06-08,450000,0,0,0.0,https://auction.keiba.rakuten.co.jp/item/14265,,
1892,ブラックパンサー,牡,6,エピファネイア,492,2024-09-19,4440000,55755000,0,-1255.7,https://auction.keiba.rakuten.co.jp/item/13057,,
2520,ヴェルテックス,牡,9,ジャスタウェイ,536,2026-02-01,4420000,135558000,135558000,0.0,https://auction.keiba.rakuten.co.jp/item/15612,骨折,
2349,ニフェーデービル,セ,5,ルーラーシップ,474,2025-12-25,4400000,17900000,0,-406.8,https://auction.keiba.rakuten.co.jp/item/15429,,
622,シェリーフィーユ,牝,3,エスポワールシチー,450,2025-08-21,440000,2838000,0,-645.0,https://auction.keiba.rakuten.co.jp/item/14763,,
1851,ガラシュ,牡,3,パドトロワ,508,2024-09-12,440000,4432000,0,-1007.3,https://auction.keiba.rakuten.co.jp/item/13015,屈腱炎,
1199,デルマイオ,牡,3,ミッキーグローリー,466,2025-06-26,440000,0,0,0.0,https://auction.keiba.rakuten.co.jp/item/14352,筋肉痛 / 跛行,
1746,ルヴォンサンライズ,牝,4,ニューイヤーズデイ,452,2025-03-27,440000,1522000,0,-345.9,https://auction.keiba.rakuten.co.jp/item/13908,,
799,マスターライセンス,牡,3,サートゥルナーリア,506,2025-09-11,440000,3040000,0,-690.9,https://auction.keiba.rakuten.co.jp/item/14946,繋靭帯炎 / 骨折 / 骨片,
1442,ゴープラチナム,牝,8,マツリダゴッホ,454,2025-01-09,440000,15275000,0,-3471.6,https://auction.keiba.rakuten.co.jp/item/13597,さく癖,
1478,カルストンブランド,牝,3,ノーブルミッション,430,2025-01-23,440000,0,0,0.0,https://auction.keiba.rakuten.co.jp/item/13633,,
978,ジーティーキュート,牝,3,バゴ,390,2025-05-15,440000,0,0,0.0,https://auction.keiba.rakuten.co.jp/item/14127,,
137,イントゥディープ,牡,2,サトノジェネシス,422,2025-11-27,440000,0,0,0.0,https://auction.keiba.rakuten.co.jp/item/15365,ゆう癖 / 脚部不安 / 骨片,
1628,オンザウインドの23,牝,2,ロゴタイプ,420,2025-03-06,440000,0,0,0.0,https://auction.keiba.rakuten.co.jp/item/13786,擦過傷 / 裂傷,
757,ヴェニーレ,牡,7,メイショウボーラー,466,2025-09-04,440000,13040000,0,-2963.6,https://auction.keiba.rakuten.co.jp/item/14904,鼻出血,
1225,トウヨウノマジョ,牝,5,ディーマジェスティ,460,2025-06-29,440000,6684000,0,-1519.1,https://auction.keiba.rakuten.co.jp/item/14378,鼻出血,
347,ライネスヘルツ,牝,4,マインドユアビスケッツ,443,2025-10-02,440000,3456000,0,-785.5,https://auction.keiba.rakuten.co.jp/item/15090,,
1541,トウシンカーリン,牝,5,マクフィ,480,2025-02-06,4330000,19600000,0,-452.7,https://auction.keiba.rakuten.co.jp/item/13696,骨瘤,
685,ストラーダレアーレ,牡,3,サートゥルナーリア,484,2025-08-28,4310000,2240000,0,-52.0,https://auction.keiba.rakuten.co.jp/item/14830,,
2521,ポエティックデール,牝,3,ポエティックフレア,,2026-02-01,4300000,0,0,0.0,https://auction.keiba.rakuten.co.jp/item/15613,DDSP / 跛行 / 骨折,○
1434,ミリオンライブ,牝,4,オルフェーヴル,429,2025-01-09,430000,3485000,0,-810.5,https://auction.keiba.rakuten.co.jp/item/13589,ゆう癖,
811,ランドチャーター,牡,3,サートゥルナーリア,490,2025-09-11,430000,1027000,0,-238.8,https://auction.keiba.rakuten.co.jp/item/14958,繋靭帯炎 / 跛行 / 骨片,
133,ブラウオリゾン,牡,7,ナムラタイタン,527,2025-10-23,430000,9773000,0,-2272.8,https://auction.keiba.rakuten.co.jp/item/15195,,
1689,アイノメバエ,牝,5,メイショウボーラー,406,2025-03-16,430000,1093000,0,-254.2,https://auction.keiba.rakuten.co.jp/item/13849,,
522,エストソール,牝,3,フィエールマン,424,2025-08-14,430000,0,0,0.0,https://auction.keiba.rakuten.co.jp/item/14660,,
2279,フレアビート,牝,3,アポロケンタッキー,524,2024-12-05,430000,72000,0,-16.7,https://auction.keiba.rakuten.co.jp/item/13449,骨折 / 骨片,
409,ウインラグラス,牝,4,ストロングリターン,432,2025-07-24,430000,8000000,0,-1860.5,https://auction.keiba.rakuten.co.jp/item/14545,屈腱炎 / 骨瘤,
1481,コスモインディ,牡,3,スクリーンヒーロー,420,2025-01-23,430000,0,0,0.0,https://auction.keiba.rakuten.co.jp/item/13636,,
1256,ハイパーアリュール,セ,2,コパノリッキー,464,2025-07-06,430000,0,0,0.0,https://auction.keiba.rakuten.co.jp/item/14409,,
278,ラント,牝,7,ダイワメジャー,504,2025-09-18,420000,10580000,0,-2519.0,https://auction.keiba.rakuten.co.jp/item/15019,さく癖 / 喉鳴り / 跛行,
173,メイショウイッシン,牡,5,キズナ,454,2025-10-05,420000,5385000,0,-1282.1,https://auction.keiba.rakuten.co.jp/item/15112,挫跖,
2060,バイコーン,牡,5,ドゥラメンテ,478,2024-10-24,420000,4520000,0,-1076.2,https://auction.keiba.rakuten.co.jp/item/13227,骨折,
1429,ミトノダイヤモンド,牝,3,サトノダイヤモンド,418,2025-01-09,420000,635000,0,-151.2,https://auction.keiba.rakuten.co.jp/item/13584,,
1140,トントンプー,牡,4,アルデバランⅡ,467,2025-06-12,420000,3798000,0,-904.3,https://auction.keiba.rakuten.co.jp/item/14292,,
985,ラブスノー,牝,3,サンダースノー,446,2025-05-15,420000,0,0,0.0,https://auction.keiba.rakuten.co.jp/item/14134,,
2233,アウトサイドベット,セ,4,レッドファルクス,538,2024-11-21,420000,5260000,0,-1252.4,https://auction.keiba.rakuten.co.jp/item/13402,,
2499,アルティオーラ,牝,3,ダノンプレミアム,408,2026-01-15,420000,0,0,0.0,https://auction.keiba.rakuten.co.jp/item/15564,,
1860,タカトラ,牡,3,マインドユアビスケッツ,555,2024-09-12,420000,0,0,0.0,https://auction.keiba.rakuten.co.jp/item/13024,,
1008,ファイアクラッカー,牝,4,スワーヴリチャード,542,2025-05-18,420000,1908000,0,-454.3,https://auction.keiba.rakuten.co.jp/item/14157,,
1458,アイソラシー,牝,5,ハービンジャー,440,2025-01-16,420000,9900000,0,-2357.1,https://auction.keiba.rakuten.co.jp/item/13613,ゆう癖 / 骨折,
108,ベラジオチャンプ,牡,3,サンダースノー,486,2025-11-20,420000,2095000,0,-498.8,https://auction.keiba.rakuten.co.jp/item/15351,,
2453,エナモラーダ,牝,4,シャンハイボビー,543,2026-01-08,420000,1540000,0,-366.7,https://auction.keiba.rakuten.co.jp/item/15543,屈腱炎,
564,ノックオンウッド,セ,7,Frankel,497,2025-08-14,420000,28293000,0,-6736.4,https://auction.keiba.rakuten.co.jp/item/14702,骨折 / 骨片,
2454,ピースオブライツ,牝,4,ラブリーデイ,426,2026-01-08,420000,1800000,0,-428.6,https://auction.keiba.rakuten.co.jp/item/15544,,
753,ピヤージュ,牡,4,トランセンド,471,2025-09-04,420000,4226000,0,-1006.2,https://auction.keiba.rakuten.co.jp/item/14900,,
1105,トーセンオリジン,牡,8,ディープインパクト,460,2025-06-05,420000,41720000,0,-9933.3,https://auction.keiba.rakuten.co.jp/item/14256,腫脹,
2191,カナアミデスマッチ,牝,3,ビッグアーサー,408,2024-11-14,420000,5760000,0,-1371.4,https://auction.keiba.rakuten.co.jp/item/13359,,
2449,ラブミーヘンリー,牝,3,ルヴァンスレーヴ,421,2026-01-08,420000,105000,0,-25.0,https://auction.keiba.rakuten.co.jp/item/15538,,
2317,リケアオランジュ,牝,3,グレーターロンドン,393,2024-12-12,420000,2264000,0,-539.0,https://auction.keiba.rakuten.co.jp/item/13487,ゆう癖 / 感冒 / 蹄葉炎,
362,コスモエスメラルダ,牝,4,ゴールドシップ,516,2025-10-05,420000,9300000,0,-2214.3,https://auction.keiba.rakuten.co.jp/item/15105,繋靭帯炎 / 跛行,
183,スターオブスカイ,牡,2,ビッグアーサー,390,2025-10-09,420000,280000,616000,80.0,https://auction.keiba.rakuten.co.jp/item/15122,さく癖 / 骨瘤,
1577,マンガン,牡,8,アイルハヴアナザー,474,2025-02-13,4190000,123175000,0,-2939.7,https://auction.keiba.rakuten.co.jp/item/13733,,
412,ディオスバリエンテ,セ,7,ロードカナロア,480,2025-07-24,4140000,90779000,90779000,0.0,https://auction.keiba.rakuten.co.jp/item/14548,,
2390,カイザーブリッツ,セ,5,ロードカナロア,486,2025-12-25,4120000,21300000,0,-517.0,https://auction.keiba.rakuten.co.jp/item/15484,,
1283,ビッキーファースト,牡,3,アドマイヤマーズ,488,2025-07-10,4100000,7300000,0,-178.0,https://auction.keiba.rakuten.co.jp/item/14436,,
2393,シュテルン,牝,2,ヘニーヒューズ,468,2025-12-25,410000,5120000,0,-1248.8,https://auction.keiba.rakuten.co.jp/item/15487,鼻出血,
1684,テーオートルネード,牡,6,エイシンフラッシュ,497,2025-03-13,410000,5790000,0,-1412.2,https://auction.keiba.rakuten.co.jp/item/13844,蕁麻疹 / 鼻出血,
1796,ジャヴァンナ,牝,4,サトノアラジン,441,2025-04-06,410000,1410000,0,-343.9,https://auction.keiba.rakuten.co.jp/item/13959,,
1862,メイショウマニス,牝,4,ヘニーヒューズ,421,2024-09-12,410000,2580000,0,-629.3,https://auction.keiba.rakuten.co.jp/item/13026,跛行,
1903,トクシーカイゼリン,牝,3,アジアエクスプレス,478,2024-09-26,410000,0,0,0.0,https://auction.keiba.rakuten.co.jp/item/13068,挫跖,
2209,スマートラウンド,牝,2,ジャスタウェイ,454,2024-11-21,410000,0,0,0.0,https://auction.keiba.rakuten.co.jp/item/13378,,
1912,ビップソリオ,牡,5,キンシャサノキセキ,536,2024-09-26,410000,17470000,0,-4261.0,https://auction.keiba.rakuten.co.jp/item/13077,屈腱炎,
1248,シウラグランデ,牝,6,トーセンジョーダン,485,2025-07-03,410000,15976000,0,-3896.6,https://auction.keiba.rakuten.co.jp/item/14401,跛行 / 骨折,
1991,ナムラミシェル,牝,4,マクフィ,462,2024-10-10,410000,4883000,0,-1191.0,https://auction.keiba.rakuten.co.jp/item/13158,フレグモーネ / 骨片,
1774,キャッチーラン,牝,3,サトノアラジン,458,2025-04-03,410000,0,0,0.0,https://auction.keiba.rakuten.co.jp/item/13936,旋回癖,
667,ショウナンアイバ,牝,3,ショウナンバッハ,452,2025-08-28,410000,156000,0,-38.0,https://auction.keiba.rakuten.co.jp/item/14811,骨折,
2553,ホウオウアーネスト,牡,4,キズナ,486,2026-02-08,410000,3900000,3900000,0.0,https://auction.keiba.rakuten.co.jp/item/15640,繋靭帯炎,
865,アニマルボス,牡,4,アニマルキングダム,489,2025-04-17,410000,7135000,0,-1740.2,https://auction.keiba.rakuten.co.jp/item/14013,喉鳴り / 骨折 / 骨片,
2016,リュウノヤンブー,牡,3,ラニ,565,2024-10-17,410000,1725000,0,-420.7,https://auction.keiba.rakuten.co.jp/item/13183,感冒,
2302,ダストボウル,牡,2,ディープブリランテ,450,2024-12-12,410000,0,0,0.0,https://auction.keiba.rakuten.co.jp/item/13472,,
1390,ウタカタ,牝,2,ストロングリターン,448,2024-12-26,410000,0,0,0.0,https://auction.keiba.rakuten.co.jp/item/13545,,
1722,ディモールト,牡,8,ヘニーヒューズ,511,2025-03-23,410000,45051000,0,-10988.0,https://auction.keiba.rakuten.co.jp/item/13883,さく癖 / 球節炎 / 脚部不安 / 裂蹄 / 角膜炎 / 跛行 / 骨折 / 骨片,
1948,ヴァークスティ,牡,4,ジャスタウェイ,462,2024-10-03,410000,2380000,0,-580.5,https://auction.keiba.rakuten.co.jp/item/13113,,
176,メイショウヨウホウ,牡,6,アイルハヴアナザー,445,2025-10-05,410000,5902000,6562000,161.0,https://auction.keiba.rakuten.co.jp/item/15115,,
2354,レクエルド,牡,3,ドリームバレンチノ,470,2025-12-25,410000,600000,0,-146.3,https://auction.keiba.rakuten.co.jp/item/15438,挫跖,
310,メイクアストーリー,牡,5,バゴ,528,2025-09-25,410000,7345000,0,-1791.5,https://auction.keiba.rakuten.co.jp/item/15053,喘鳴症 / 跛行,
1406,エイシンノクターン,牝,3,グレーターロンドン,382,2024-12-26,410000,5125000,0,-1250.0,https://auction.keiba.rakuten.co.jp/item/13561,跛行,
1354,ブラックウェル,牝,2,ブルドッグボス,440,2024-12-19,410000,0,0,0.0,https://auction.keiba.rakuten.co.jp/item/13509,,
2222,ファセリア,牡,3,スクリーンヒーロー,466,2024-11-21,410000,1540000,0,-375.6,https://auction.keiba.rakuten.co.jp/item/13391,裂蹄,
1407,ユイノシノビアシ,牡,4,グレーターロンドン,524,2024-12-26,410000,3639000,0,-887.6,https://auction.keiba.rakuten.co.jp/item/13562,,
65,タイトノット,牡,2,マジェスティックウォリアー,440,2025-11-13,410000,915000,0,-223.2,https://auction.keiba.rakuten.co.jp/item/15304,,
2395,ジーティーカメリア,牝,3,ダンカーク,548,2025-12-25,410000,641000,0,-156.3,https://auction.keiba.rakuten.co.jp/item/15489,,
920,ジャンドル,牡,4,エピファネイア,512,2025-04-27,410000,3200000,0,-780.5,https://auction.keiba.rakuten.co.jp/item/14068,さく癖 / 繋靭帯炎 / 骨折,
2244,カルストンジョイナの23,牝,1,ノーブルミッション,400,2024-11-28,410000,0,0,0.0,https://auction.keiba.rakuten.co.jp/item/13413,,
1897,エイシンパペーテ,牝,2,イスラボニータ,446,2024-09-26,410000,0,0,0.0,https://auction.keiba.rakuten.co.jp/item/13062,骨瘤,
1904,フクシマジョワイユ,牝,3,アメリカンペイトリオット,490,2024-09-26,410000,0,0,0.0,https://auction.keiba.rakuten.co.jp/item/13069,鼻出血,
697,エイシンピット,牡,2,エポカドーロ,446,2025-08-28,410000,0,0,0.0,https://auction.keiba.rakuten.co.jp/item/14842,骨瘤,
224,ナタール,牝,2,Saxon Warrior,496,2025-10-19,410000,0,0,0.0,https://auction.keiba.rakuten.co.jp/item/15163,,
170,メイショウアラジン,牡,4,サトノアラジン,518,2025-10-05,410000,1575000,0,-384.1,https://auction.keiba.rakuten.co.jp/item/15109,,
1883,ソウテンノヒカリ,牡,3,ヘニーヒューズ,481,2024-09-19,410000,910000,0,-222.0,https://auction.keiba.rakuten.co.jp/item/13048,骨折,
902,メイショウイジゲン,牡,7,クリエイターⅡ,468,2025-04-24,4070000,35982000,0,-884.1,https://auction.keiba.rakuten.co.jp/item/14050,,
1618,ボブズヤアンクル,セ,6,Bobby's Kitten,530,2025-02-27,4060000,23842000,0,-587.2,https://auction.keiba.rakuten.co.jp/item/13774,骨瘤,
1162,チアフルヴォイス,牝,4,タリスマニック,456,2025-06-19,4050000,6700000,0,-165.4,https://auction.keiba.rakuten.co.jp/item/14315,,
448,ブラックレーション,牡,3,デクラレーションオブウォー,522,2025-07-31,4030000,2400000,0,-59.6,https://auction.keiba.rakuten.co.jp/item/14584,蕁麻疹 / 骨折,
1549,マイブレイブ,牡,6,アジアエクスプレス,513,2025-02-06,4030000,32845000,0,-815.0,https://auction.keiba.rakuten.co.jp/item/13704,脚部不安 / 骨折,
1848,シノノメ,牝,3,サンダースノー,436,2024-09-12,4020000,3600000,0,-89.6,https://auction.keiba.rakuten.co.jp/item/13012,,
950,トラモント,セ,8,アイルハヴアナザー,504,2025-05-08,4020000,54668000,0,-1359.9,https://auction.keiba.rakuten.co.jp/item/14099,屈腱炎 / 骨折 / 骨膜炎,
66,リバーサルトップ,牡,2,ミスチヴィアスアレックス(,414,2025-11-13,4010000,3830000,0,-95.5,https://auction.keiba.rakuten.co.jp/item/15305,さく癖,
2265,アーテルナイト,牡,4,エイシンフラッシュ,510,2024-11-28,400000,5336000,0,-1334.0,https://auction.keiba.rakuten.co.jp/item/13434,フレグモーネ,
2122,ホウオウバラード,牡,3,ダノンバラード,418,2024-11-07,400000,28000,0,-7.0,https://auction.keiba.rakuten.co.jp/item/13290,,
1519,イトシナ,牝,3,ディープブリランテ,416,2025-01-30,400000,238000,0,-59.5,https://auction.keiba.rakuten.co.jp/item/13674,,
602,ルージュパラディ,牝,3,ブリックスアンドモルタル,418,2025-08-21,400000,0,0,0.0,https://auction.keiba.rakuten.co.jp/item/14741,,
1761,エイシンサントリナ,牝,3,ラブリーデイ,436,2025-03-27,400000,240000,0,-60.0,https://auction.keiba.rakuten.co.jp/item/13923,,
1645,ダイボサツトウゲ,牡,4,メジロダイボサツ,471,2025-03-06,400000,175000,0,-43.8,https://auction.keiba.rakuten.co.jp/item/13804,跛行,
2224,イナズマライン,牝,3,レインボーライン,423,2024-11-21,400000,4260000,0,-1065.0,https://auction.keiba.rakuten.co.jp/item/13393,喉鳴り / 脚部不安,
418,ベラジオホープ,セ,7,パイロ,454,2025-07-24,400000,12725000,15085000,590.0,https://auction.keiba.rakuten.co.jp/item/14554,挫跖,
2260,キュリエール,牝,3,ヘニーヒューズ,458,2024-11-28,400000,2436000,0,-609.0,https://auction.keiba.rakuten.co.jp/item/13429,喉鳴り / 喘鳴症 / 鼻出血,
2294,グランソシエ,牝,3,マインドユアビスケッツ,400,2024-12-05,400000,0,0,0.0,https://auction.keiba.rakuten.co.jp/item/13464,骨折,○
2257,クリノアカツキ,牝,2,アメリカンペイトリオット,452,2024-11-28,400000,580000,0,-145.0,https://auction.keiba.rakuten.co.jp/item/13426,,
309,ユナブライト,牡,4,ヴィクトワールピサ,475,2025-09-25,400000,2500000,0,-625.0,https://auction.keiba.rakuten.co.jp/item/15052,,
229,フォルベルール,セ,7,ベルシャザール,523,2025-10-19,400000,36330000,0,-9082.5,https://auction.keiba.rakuten.co.jp/item/15169,,
586,ヴォレンティエーリ,牝,3,ダイワメジャー,450,2025-08-21,400000,0,552000,138.0,https://auction.keiba.rakuten.co.jp/item/14725,OCD,
87,マンダレーヒル,牡,3,ロジャーバローズ,524,2025-11-16,400000,578000,0,-144.5,https://auction.keiba.rakuten.co.jp/item/15328,屈腱炎 / 跛行 / 骨折,
1467,キョウエイルーマー,牡,5,キョウエイギア,478,2025-01-16,400000,3160000,0,-790.0,https://auction.keiba.rakuten.co.jp/item/13622,骨折,
1534,ラヴリーチェリー,牝,3,ビーチパトロール,384,2025-02-06,400000,550000,0,-137.5,https://auction.keiba.rakuten.co.jp/item/13689,,
1179,デルマガーネット,牝,8,ベルシャザール,471,2025-06-19,400000,14005000,0,-3501.3,https://auction.keiba.rakuten.co.jp/item/14332,骨折,
646,コスタヴェルデ,牝,3,サートゥルナーリア,386,2025-08-24,400000,0,0,0.0,https://auction.keiba.rakuten.co.jp/item/14789,,
1316,ミシャベル,牝,3,サトノクラウン,370,2025-07-17,400000,0,0,0.0,https://auction.keiba.rakuten.co.jp/item/14471,,
153,ラブソングサガシテ,牝,3,マジェスティックウォリアー,400,2025-11-27,400000,0,0,0.0,https://auction.keiba.rakuten.co.jp/item/15380,屈腱炎,○
2114,スクイッドラン,セ,3,ラニ,522,2024-11-07,400000,0,0,0.0,https://auction.keiba.rakuten.co.jp/item/13282,さく癖,
741,スピリットガイド,セ,4,Invincible Spirit,516,2025-09-04,3990000,28199000,0,-706.7,https://auction.keiba.rakuten.co.jp/item/14888,,
2008,エイシンソブリン,牡,3,ハービンジャー,448,2024-10-17,390000,0,0,0.0,https://auction.keiba.rakuten.co.jp/item/13175,,
49,ポンポンルージュ,牝,8,Kitten's Joy,400,2025-11-06,390000,0,0,0.0,https://auction.keiba.rakuten.co.jp/item/15283,骨折,○
1853,オウケンデューク,セ,4,ハーツクライ,420,2024-09-12,390000,0,0,0.0,https://auction.keiba.rakuten.co.jp/item/13017,,
1363,ウエスタンシーズン,牡,3,アメリカンペイトリオット,542,2024-12-19,390000,8100000,0,-2076.9,https://auction.keiba.rakuten.co.jp/item/13518,屈腱炎,
213,カレンメラメーラ,牝,4,カレンブラックヒル,463,2025-10-16,390000,5966000,0,-1529.7,https://auction.keiba.rakuten.co.jp/item/15152,跛行,
1544,カノウセイノケモノ,セ,4,トビーズコーナー,480,2025-02-06,390000,2507000,0,-642.8,https://auction.keiba.rakuten.co.jp/item/13699,,
281,メイショウワカタケ,牡,9,ロードカナロア,481,2025-09-18,390000,4496000,0,-1152.8,https://auction.keiba.rakuten.co.jp/item/15022,,
565,ピュアカラー,牝,8,ワールドエース,470,2025-08-14,390000,29035000,0,-7444.9,https://auction.keiba.rakuten.co.jp/item/14703,フレグモーネ / 屈腱炎,
1674,パリパリライズ,牝,3,アメリカンペイトリオット,466,2025-03-13,390000,900000,0,-230.8,https://auction.keiba.rakuten.co.jp/item/13834,,
467,ココリモアナの23,牝,2,ドレフォン,444,2025-08-07,3810000,0,0,0.0,https://auction.keiba.rakuten.co.jp/item/14603,,
1345,ドリームジャック,セ,2,イスラボニータ,472,2024-12-19,3800000,0,0,0.0,https://auction.keiba.rakuten.co.jp/item/13500,,
2356,ハルサメ,牝,3,カリフォルニアクローム,418,2025-12-25,380000,3330000,0,-876.3,https://auction.keiba.rakuten.co.jp/item/15441,,
880,ウインハイエスト,牡,3,ウインブライト,480,2025-04-24,380000,0,0,0.0,https://auction.keiba.rakuten.co.jp/item/14028,炎症 / 骨折,
503,コスモカレンドゥラ,牡,9,ノヴェリスト,488,2025-08-07,380000,106671000,106671000,0.0,https://auction.keiba.rakuten.co.jp/item/14639,旋回癖 / 球節炎 / 疝痛 / 繋靭帯炎 / 跛行 / 骨折 / 鼻出血,
250,エイシンカトレア,牝,3,ゴールドドリーム,419,2025-12-25,380000,2729000,0,-718.2,https://auction.keiba.rakuten.co.jp/item/15401,跛行 / 骨瘤,
1864,ラルナプレナ,牝,6,モーリス,471,2024-09-12,380000,6725000,0,-1769.7,https://auction.keiba.rakuten.co.jp/item/13028,,
934,ピエナイオス,牝,3,レイデオロ,416,2025-05-08,380000,0,0,0.0,https://auction.keiba.rakuten.co.jp/item/14082,骨瘤,
338,ウインオアシス,牡,3,アルアイン,501,2025-10-02,380000,1690000,0,-444.7,https://auction.keiba.rakuten.co.jp/item/15081,屈腱炎 / 骨瘤,
1717,コスモリッキー,牡,3,コパノリッキー,479,2025-03-23,380000,895000,0,-235.5,https://auction.keiba.rakuten.co.jp/item/13877,,
1946,ディノポネラ,牝,3,ベルシャザール,504,2024-10-03,380000,2622000,0,-690.0,https://auction.keiba.rakuten.co.jp/item/13111,骨折,
1943,オーシンダイヤ,牝,3,サトノダイヤモンド,450,2024-10-03,380000,0,0,0.0,https://auction.keiba.rakuten.co.jp/item/13108,,
2262,スマートカプリス,牡,3,キンシャサノキセキ,455,2024-11-28,380000,4034000,0,-1061.6,https://auction.keiba.rakuten.co.jp/item/13431,,
1084,ウルバノーバ,牡,3,ヴァンセンヌ,487,2025-06-05,380000,400000,0,-105.3,https://auction.keiba.rakuten.co.jp/item/14235,屈腱炎,
237,モーニングヘイズ,セ,6,Arrogate,524,2025-10-23,3750000,6935000,0,-184.9,https://auction.keiba.rakuten.co.jp/item/15177,骨瘤,
1960,クリノリアルウィン,牝,2,リアルスティール,468,2024-10-10,3740000,0,0,0.0,https://auction.keiba.rakuten.co.jp/item/13126,脚部不安,
265,アルデフォックス,セ,3,Medaglia d'Oro,514,2025-09-18,3730000,4750000,0,-127.3,https://auction.keiba.rakuten.co.jp/item/15006,,
411,ビオグラフィア,牡,7,ルーラーシップ,506,2025-07-24,3720000,44483000,0,-1195.8,https://auction.keiba.rakuten.co.jp/item/14547,骨折,
901,コースタルテラス,セ,6,ヘニーヒューズ,496,2025-04-24,3710000,26430000,0,-712.4,https://auction.keiba.rakuten.co.jp/item/14049,,
2450,ミコニス,牝,3,マインドユアビスケッツ,408,2026-01-08,370000,1485000,0,-401.4,https://auction.keiba.rakuten.co.jp/item/15539,,
2607,ヤマワケ,牡,4,シルバーステート,530,2026-02-19,370000,1040000,0,-281.1,https://auction.keiba.rakuten.co.jp/item/15695,屈腱炎 / 鼻出血,
1026,ロッサヴィール,牡,4,リアルインパクト,537,2025-05-22,370000,400000,0,-108.1,https://auction.keiba.rakuten.co.jp/item/14176,,
1190,エイカイソフィア,牝,3,ミッキーアイル,410,2025-06-26,370000,0,0,0.0,https://auction.keiba.rakuten.co.jp/item/14343,旋回癖,
2258,ミリオンジェンヌ,牝,3,アジアエクスプレス,480,2024-11-28,370000,225000,0,-60.8,https://auction.keiba.rakuten.co.jp/item/13427,脚部不安 / 蟻洞 / 骨折 / 骨瘤,
763,コスモクイーンビー,牝,3,McKinzie,480,2025-09-07,370000,0,0,0.0,https://auction.keiba.rakuten.co.jp/item/14910,打撲 / 骨折,
2145,グスタール,牡,4,ダノンバラード,497,2024-11-07,370000,8580000,0,-2318.9,https://auction.keiba.rakuten.co.jp/item/13313,裂蹄 / 関節炎,
2613,ベネロングポイント,セ,7,ジャスタウェイ,501,2026-02-19,370000,41100000,0,-11108.1,https://auction.keiba.rakuten.co.jp/item/15701,鼻出血,
127,バークエム,牝,5,マインドユアビスケッツ,491,2025-10-23,370000,4205000,0,-1136.5,https://auction.keiba.rakuten.co.jp/item/15189,,
1500,ヒルデブランド,牡,5,リオンディーズ,505,2025-01-23,370000,1591000,0,-430.0,https://auction.keiba.rakuten.co.jp/item/13655,,
1915,コネコチャン,牝,2,ブルドッグボス,456,2024-09-26,370000,3450000,0,-932.4,https://auction.keiba.rakuten.co.jp/item/13080,骨折,
189,サシバ,セ,4,インカンテーション,446,2025-10-09,370000,2515000,2635000,32.4,https://auction.keiba.rakuten.co.jp/item/15128,ゆう癖 / 擦過傷 / 骨折,
1358,モンサンフリージア,牝,2,カリフォルニアクローム,444,2024-12-19,370000,0,0,0.0,https://auction.keiba.rakuten.co.jp/item/13513,裂傷,
1641,ヴィズサクセス,牡,8,Siyouni,494,2025-03-06,370000,90094000,0,-24349.7,https://auction.keiba.rakuten.co.jp/item/13799,挫跖 / 繋靭帯炎 / 骨折,
2184,アミアン,牝,3,ブリックスアンドモルタル,418,2024-11-14,370000,1400000,0,-378.4,https://auction.keiba.rakuten.co.jp/item/13352,跛行,
40,ハローニューミー,牡,3,サトノクラウン,452,2025-11-06,370000,1073000,2426000,365.7,https://auction.keiba.rakuten.co.jp/item/15273,感冒,
1720,フィッシュポンド,牡,5,ロードカナロア,528,2025-03-23,370000,6210000,0,-1678.4,https://auction.keiba.rakuten.co.jp/item/13880,フレグモーネ / 屈腱炎 / 挫跖,
1400,アエリーゾ,牝,5,ドレフォン,468,2024-12-26,3690000,22220000,0,-602.2,https://auction.keiba.rakuten.co.jp/item/13555,,
2606,ラブラブセイナ,牝,3,モズアスコット,430,2026-02-19,3670000,4240000,0,-115.5,https://auction.keiba.rakuten.co.jp/item/15694,,
990,ドライブアローカス,牡,5,キンシャサノキセキ,454,2025-05-15,3660000,23470000,0,-641.3,https://auction.keiba.rakuten.co.jp/item/14139,擦過傷,
1852,スキーサンダー,牝,3,サンダースノー,478,2024-09-12,3660000,4690000,0,-128.1,https://auction.keiba.rakuten.co.jp/item/13016,骨折,
1868,クリノファラオ,牡,2,フェノーメノ,450,2024-09-19,3660000,0,0,0.0,https://auction.keiba.rakuten.co.jp/item/13032,,
819,ローズボウル,牡,7,キズナ,527,2025-09-11,3650000,64024000,0,-1754.1,https://auction.keiba.rakuten.co.jp/item/14966,蟻洞,
83,ニャンモロー,牝,2,フィレンツェファイア,468,2025-11-16,3640000,1100000,0,-30.2,https://auction.keiba.rakuten.co.jp/item/15324,,
2375,モズアカボス,牡,5,Quality Road,512,2025-12-25,3610000,24845000,0,-688.2,https://auction.keiba.rakuten.co.jp/item/15464,,
2614,シスターフラッグの24,牡,2,ブリックスアンドモルタル,484,2026-02-26,3600000,400000,0,-11.1,https://auction.keiba.rakuten.co.jp/item/15707,,
2043,ゴーシェナイト,セ,5,キングカメハメハ,486,2024-10-24,360000,13220000,0,-3672.2,https://auction.keiba.rakuten.co.jp/item/13210,繋靭帯炎 / 跛行,
1531,カラギヌ,牝,3,ワールドエース,390,2025-02-06,360000,0,0,0.0,https://auction.keiba.rakuten.co.jp/item/13686,,
182,コパノバハマ,牡,2,コパノチャーリー,450,2025-10-09,360000,108000,108000,0.0,https://auction.keiba.rakuten.co.jp/item/15121,,
2272,ケイツードラム,牡,4,ヴィクトワールピサ,470,2024-12-05,360000,10230000,0,-2841.7,https://auction.keiba.rakuten.co.jp/item/13442,繋靭帯炎 / 骨折,
2179,リュウノストロング,牡,2,ケープブランコ,476,2024-11-14,360000,400000,0,-111.1,https://auction.keiba.rakuten.co.jp/item/13347,さく癖 / 喉鳴り,
1412,ハイライフ,牝,6,バトルプラン,447,2024-12-26,360000,6062000,0,-1683.9,https://auction.keiba.rakuten.co.jp/item/13567,,
1220,サユリバナ,牝,4,ドゥラメンテ,400,2025-06-26,360000,0,0,0.0,https://auction.keiba.rakuten.co.jp/item/14373,繋靭帯炎 / 跛行 / 骨折,○
1269,ノイシュロス,牡,3,アルアイン,500,2025-07-10,360000,0,0,0.0,https://auction.keiba.rakuten.co.jp/item/14422,,
2172,ショウナンガロ,牡,4,Mendelssohn,506,2024-11-14,360000,21200000,0,-5888.9,https://auction.keiba.rakuten.co.jp/item/13340,,
322,ロンドンデリーエア,牡,8,タートルボウル,479,2025-09-28,360000,41959000,0,-11655.3,https://auction.keiba.rakuten.co.jp/item/15065,,
817,ガーベランクイーン,牝,5,ストロングリターン,486,2025-09-11,360000,17335000,0,-4815.3,https://auction.keiba.rakuten.co.jp/item/14964,繋靭帯炎,
2280,ヴァリエンテシチー,牡,3,イスラボニータ,493,2024-12-05,360000,225000,0,-62.5,https://auction.keiba.rakuten.co.jp/item/13450,OCD,
160,ホウオウライダイ,牡,3,ダイワメジャー,480,2025-11-30,360000,4430000,0,-1230.6,https://auction.keiba.rakuten.co.jp/item/15388,さく癖 / 骨折,
2200,ジャングルキング,牡,6,ドゥラメンテ,511,2024-11-14,360000,35158000,0,-9766.1,https://auction.keiba.rakuten.co.jp/item/13369,,
2192,ジャッドノワール,牝,4,キタサンブラック,484,2024-11-14,360000,802000,0,-222.8,https://auction.keiba.rakuten.co.jp/item/13360,,
2053,ジョシュア,牡,3,マクマホン,457,2024-10-24,360000,2150000,0,-597.2,https://auction.keiba.rakuten.co.jp/item/13220,,
15259,マサハヤアン,牝,8,キンシャサノキセキ,466,2025-11-02,360000,17181000,17181000,0.0,https://auction.keiba.rakuten.co.jp/item/15259,,
109,キナッセイ,牝,3,マスクゾロ,415,2025-11-20,360000,2601000,0,-722.5,https://auction.keiba.rakuten.co.jp/item/15352,,
1963,ラブアスカ,牝,2,サトノクラウン,475,2024-10-10,360000,0,0,0.0,https://auction.keiba.rakuten.co.jp/item/13129,骨折,
2128,ルチアラテール,牡,3,カリフォルニアクローム,533,2024-11-07,360000,1540000,0,-427.8,https://auction.keiba.rakuten.co.jp/item/13296,,
704,コウキ,セ,6,エピファネイア,492,2025-08-28,360000,11435000,0,-3176.4,https://auction.keiba.rakuten.co.jp/item/14849,跛行,
1867,クリノツネチャンの22,牝,2,アポロキングダム,460,2024-09-19,360000,0,0,0.0,https://auction.keiba.rakuten.co.jp/item/13031,鼻出血,
457,ビタリス,牝,4,ワールドエース,467,2025-07-31,360000,6250000,6370000,33.3,https://auction.keiba.rakuten.co.jp/item/14593,屈腱炎 / 球節炎 / 跛行,
1919,コスタドラーダ,牡,3,Omaha Beach,519,2024-09-26,360000,4560000,0,-1266.7,https://auction.keiba.rakuten.co.jp/item/13084,DDSP / 裂蹄 / 跛行 / 骨折 / 骨瘤,
2021,キアンクラッシコ,牝,3,モーニン,440,2024-10-17,360000,3165000,0,-879.2,https://auction.keiba.rakuten.co.jp/item/13188,,
2185,サブノセレブ,牝,3,ダンカーク,536,2024-11-14,360000,1570000,0,-436.1,https://auction.keiba.rakuten.co.jp/item/13353,,
1493,コスモマチュアー,牝,4,スクリーンヒーロー,496,2025-01-23,360000,1101000,0,-305.8,https://auction.keiba.rakuten.co.jp/item/13648,骨折,
625,フラッシュダンス,牝,5,ルーラーシップ,475,2025-08-21,360000,2315000,0,-643.1,https://auction.keiba.rakuten.co.jp/item/14766,,
2585,トモセンスイ,牝,4,カレンブラックヒル,426,2026-02-15,360000,456000,0,-126.7,https://auction.keiba.rakuten.co.jp/item/15672,,
1605,ウインラテアート,牝,3,ジョーカプチーノ,476,2025-02-27,360000,0,0,0.0,https://auction.keiba.rakuten.co.jp/item/13761,骨折 / 鼻出血,
572,ミッシュマッシュ,牝,3,サトノアラジン,458,2025-08-17,360000,0,0,0.0,https://auction.keiba.rakuten.co.jp/item/14710,,
621,モルフェヴォロンテ,牝,3,イスラボニータ,473,2025-08-21,360000,1505000,0,-418.1,https://auction.keiba.rakuten.co.jp/item/14762,,
826,フライエフェクト,牝,3,ジョーカプチーノ,424,2025-09-14,360000,1800000,0,-500.0,https://auction.keiba.rakuten.co.jp/item/14973,跛行 / 骨折 / 骨片,
2205,エイシンレゲンダ,牝,4,ダノンレジェンド,452,2024-11-14,360000,0,0,0.0,https://auction.keiba.rakuten.co.jp/item/13374,跛行 / 骨折 / 骨片,○
1243,ウワサノハルカ,牝,3,フィエールマン,416,2025-07-03,360000,161000,0,-44.7,https://auction.keiba.rakuten.co.jp/item/14396,,
2464,リンガススウィート,牝,6,シニスターミニスター,542,2026-01-08,360000,7357000,0,-2043.6,https://auction.keiba.rakuten.co.jp/item/15555,球節炎,
1131,マイネルライゼン,牡,3,ウインブライト,404,2025-06-12,360000,0,0,0.0,https://auction.keiba.rakuten.co.jp/item/14283,DDSP / 喘鳴症 / 腱鞘炎,
209,ナイスガイ,牡,3,ミスターメロディ,519,2025-10-16,360000,136000,0,-37.8,https://auction.keiba.rakuten.co.jp/item/15148,,
837,ケノファニース,牝,3,キンシャサノキセキ,398,2025-09-18,360000,0,0,0.0,https://auction.keiba.rakuten.co.jp/item/14985,,
174,メイショウコウラン,牝,5,ワールドエース,418,2025-10-05,360000,6620000,0,-1838.9,https://auction.keiba.rakuten.co.jp/item/15113,ゆう癖 / 屈腱炎,
2116,イエヴァンポルッカ,牡,5,キズナ,500,2024-11-07,360000,21600000,0,-6000.0,https://auction.keiba.rakuten.co.jp/item/13284,屈腱炎 / 脚部不安,
766,シンボリライト,牡,3,ドレフォン,498,2025-09-07,3590000,560000,0,-15.6,https://auction.keiba.rakuten.co.jp/item/14913,骨折,
1056,ヘンリエッタ,牝,3,ドゥラメンテ,452,2025-05-29,35630000,0,0,0.0,https://auction.keiba.rakuten.co.jp/item/14206,骨折,
1424,カレンルシェルブル,牡,7,ハービンジャー,514,2025-01-09,3510000,140363000,0,-3998.9,https://auction.keiba.rakuten.co.jp/item/13579,骨瘤,
688,トリュフチョコ,牝,3,モーリス,440,2025-08-28,3510000,3190000,0,-90.9,https://auction.keiba.rakuten.co.jp/item/14833,,
657,ファータフィオーレ,牝,3,サトノアラジン,492,2025-08-28,350000,0,0,0.0,https://auction.keiba.rakuten.co.jp/item/14800,骨折,
2394,ヨドノワールド,牡,3,ホッコータルマエ,471,2025-12-25,350000,60000,0,-17.1,https://auction.keiba.rakuten.co.jp/item/15488,,
2316,マキネッタ,牡,3,ジョーカプチーノ,493,2024-12-12,350000,1688000,0,-482.3,https://auction.keiba.rakuten.co.jp/item/13486,繋靭帯炎,
2404,セーヌウォーリア,牝,5,ベストウォーリア,471,2025-12-25,350000,6146000,0,-1756.0,https://auction.keiba.rakuten.co.jp/item/15498,骨折,
1939,クリノサンバ,牝,5,パイロ,488,2024-10-03,350000,1181000,0,-337.4,https://auction.keiba.rakuten.co.jp/item/13104,,
922,ロジスティクス,牡,6,ロジユニヴァース,512,2025-04-27,350000,6780000,0,-1937.1,https://auction.keiba.rakuten.co.jp/item/14070,,
1463,ラインレインボー,牝,4,リオンディーズ,493,2025-01-16,350000,1260000,0,-360.0,https://auction.keiba.rakuten.co.jp/item/13618,屈腱炎 / 脚部不安,
168,ディバインウィル,牝,4,ロゴタイプ,410,2025-10-23,350000,2195000,0,-627.1,https://auction.keiba.rakuten.co.jp/item/15186,さく癖,
1166,ラストヴォ,牝,3,ミッキーアイル,436,2025-06-19,350000,0,0,0.0,https://auction.keiba.rakuten.co.jp/item/14319,ボーンシスト,
2509,デイトナインハウス,牝,4,スクワートルスクワート,471,2026-01-15,350000,654000,0,-186.9,https://auction.keiba.rakuten.co.jp/item/15574,骨瘤,
1938,ダイヤグラフ,牡,4,ルーラーシップ,484,2024-10-03,3460000,20300000,0,-586.7,https://auction.keiba.rakuten.co.jp/item/13103,,
1898,クリノウィズダム,牡,2,シュヴァルグラン,475,2024-09-26,3450000,0,0,0.0,https://auction.keiba.rakuten.co.jp/item/13063,,
1787,フェルベンゲート,牝,5,リアルスティール,464,2025-04-03,340000,7675000,0,-2257.4,https://auction.keiba.rakuten.co.jp/item/13950,脚部不安,
1815,キールーラー,牝,3,エスケンデレヤ,514,2025-04-10,340000,0,0,0.0,https://auction.keiba.rakuten.co.jp/item/13979,,
2508,エイシンイチモンジ,牡,3,エーシントップ,448,2026-01-15,340000,0,0,0.0,https://auction.keiba.rakuten.co.jp/item/15573,,
881,ウインリバイバル,牡,3,ウインブライト,456,2025-04-24,340000,0,0,0.0,https://auction.keiba.rakuten.co.jp/item/14029,骨折 / 鼻出血,
2019,グランドマーシャル,牝,3,ワールドエース,429,2024-10-17,340000,2615000,0,-769.1,https://auction.keiba.rakuten.co.jp/item/13186,,
2146,ラッキーストーリー,牡,4,コパノリッキー,503,2024-11-07,340000,13226000,0,-3890.0,https://auction.keiba.rakuten.co.jp/item/13314,屈腱炎,
1640,ウインバグース,牡,6,モーリス,494,2025-03-06,340000,40391000,0,-11879.7,https://auction.keiba.rakuten.co.jp/item/13798,骨折,
2275,ヴォルスパシアル,セ,5,ルーラーシップ,518,2024-12-05,340000,812000,0,-238.8,https://auction.keiba.rakuten.co.jp/item/13445,屈腱炎 / 腸捻転 / 骨膜炎,
764,ドロップオブレイ,牝,3,ウインブライト,444,2025-09-07,340000,0,0,0.0,https://auction.keiba.rakuten.co.jp/item/14911,骨折 / 骨片 / 鼻出血,
751,ヘルキャット,牝,4,フリオーソ,444,2025-09-04,340000,3900000,0,-1147.1,https://auction.keiba.rakuten.co.jp/item/14898,,
2131,ソウルレコード,牝,3,ダンカーク,441,2024-11-07,340000,2055000,0,-604.4,https://auction.keiba.rakuten.co.jp/item/13299,,
1492,マリアエヴァ,牝,3,リアルスティール,437,2025-01-23,340000,108000,0,-31.8,https://auction.keiba.rakuten.co.jp/item/13647,脚部不安,
444,バスキュラリティ,牡,3,リオンディーズ,460,2025-07-31,340000,840000,0,-247.1,https://auction.keiba.rakuten.co.jp/item/14580,骨折 / 骨片,
2130,プレイフォーエフ,牝,3,ビッグアーサー,465,2024-11-07,340000,2002000,0,-588.8,https://auction.keiba.rakuten.co.jp/item/13298,,
2411,サフランメロディ,牝,2,ワールドエース,360,2025-12-25,340000,0,0,0.0,https://auction.keiba.rakuten.co.jp/item/15509,,
2367,ダンネワード,牡,5,オルフェーヴル,431,2025-12-25,340000,19355000,0,-5692.6,https://auction.keiba.rakuten.co.jp/item/15453,OCD / 球節炎 / 骨片,
644,ジークシュベルト,牡,5,ファインニードル,464,2025-08-24,340000,6156000,0,-1810.6,https://auction.keiba.rakuten.co.jp/item/14787,,
999,ワイズゴールド,牝,5,レインボーライン,444,2025-05-15,3370000,23960000,0,-711.0,https://auction.keiba.rakuten.co.jp/item/14148,脚部不安,
964,ピエフォール,牡,5,リアルスティール,582,2025-05-11,3370000,14130000,0,-419.3,https://auction.keiba.rakuten.co.jp/item/14113,DDSP,
2628,インヴァリアンス ン,セ,8,ハーツクライ,484,2026-02-26,3350000,54849000,0,-1637.3,https://auction.keiba.rakuten.co.jp/item/15720,さく癖 / 鼻出血,
550,ワクシングムーン,牡,3,アドマイヤムーン,518,2025-08-14,3340000,2725000,0,-81.6,https://auction.keiba.rakuten.co.jp/item/14688,さく癖 / ゆう癖 / 擦過傷,
1591,ルージュブラゾン,牝,6,ドゥラメンテ,506,2025-02-20,3330000,17190000,0,-516.2,https://auction.keiba.rakuten.co.jp/item/13747,,
948,エコロドゥネス,牡,5,ヘニーヒューズ,504,2025-05-08,3310000,25880000,0,-781.9,https://auction.keiba.rakuten.co.jp/item/14097,,
1129,マイネルジーニアス,牡,3,シニスターミニスター,538,2025-06-12,3300000,0,0,0.0,https://auction.keiba.rakuten.co.jp/item/14281,,
2486,ギフトバスケット,牝,3,スワーヴリチャード,400,,330000,0,0,0.0,https://auction.keiba.rakuten.co.jp/item/15239,,○
1124,アストラアヴィス,牝,3,ホークビル,430,2025-06-12,330000,0,0,0.0,https://auction.keiba.rakuten.co.jp/item/14276,骨瘤,
103,ファータビアンカ,牝,3,デクラレーションオブウォー,435,2025-11-20,330000,256000,0,-77.6,https://auction.keiba.rakuten.co.jp/item/15345,蟻洞 / 跛行,
2304,レッツハイファイヴ,牡,2,レインボーライン,414,2024-12-12,330000,0,0,0.0,https://auction.keiba.rakuten.co.jp/item/13474,,
1402,マッサーノ,牝,2,サンダースノー,417,2024-12-26,330000,1640000,0,-497.0,https://auction.keiba.rakuten.co.jp/item/13557,骨瘤,
406,パドロック,牡,3,ブリックスアンドモルタル,502,2025-07-24,330000,3040000,0,-921.2,https://auction.keiba.rakuten.co.jp/item/14542,屈腱炎,
1308,セイレジーナ,牝,5,インカンテーション,450,2025-07-13,330000,7902000,0,-2394.5,https://auction.keiba.rakuten.co.jp/item/14462,球節炎,
342,ファロウ,牡,4,ニューイヤーズデイ,526,2025-10-02,330000,0,0,0.0,https://auction.keiba.rakuten.co.jp/item/15085,喘鳴症 / 跛行 / 骨折,
1141,メリーモアナ,牝,5,シニスターミニスター,443,2025-06-12,330000,4210000,0,-1275.8,https://auction.keiba.rakuten.co.jp/item/14293,,
1297,バラージファイア,セ,5,ダイワメジャー,486,2025-07-10,330000,2595000,0,-786.4,https://auction.keiba.rakuten.co.jp/item/14451,挫跖 / 筋肉痛,
1298,ベストホリデー,牝,5,ベルシャザール,478,2025-07-10,330000,8712000,0,-2640.0,https://auction.keiba.rakuten.co.jp/item/14452,骨折,
1405,ラトレラ,牝,3,リーチザクラウン,495,2024-12-26,330000,2572000,0,-779.4,https://auction.keiba.rakuten.co.jp/item/13560,,
1403,ディーノショウミョ,牝,3,エピカリス,432,2024-12-26,330000,1283000,0,-388.8,https://auction.keiba.rakuten.co.jp/item/13558,跛行,
233,ユイノピカゴロウ,牡,2,アメリカンペイトリオット,532,2025-10-23,330000,0,0,0.0,https://auction.keiba.rakuten.co.jp/item/15173,,
752,シュトーレン,牝,4,ロジャーバローズ,476,2025-09-04,330000,4145000,0,-1256.1,https://auction.keiba.rakuten.co.jp/item/14899,ゆう癖 / 屈腱炎 / 鼻出血,
1940,エイシンマクレーン,牡,2,エイシンヒカリ,442,2024-10-03,330000,0,0,0.0,https://auction.keiba.rakuten.co.jp/item/13105,,
1573,シンゼンイトサン,牝,5,オルフェーヴル,432,2025-02-13,330000,4198000,0,-1272.1,https://auction.keiba.rakuten.co.jp/item/13729,,
1144,グランファラオ(USA),牡,5,American Pharoah,516,2025-06-12,330000,23700000,0,-7181.8,https://auction.keiba.rakuten.co.jp/item/14296,屈腱炎 / 繋靭帯炎,
2264,モストロネーロ,牡,4,リオンディーズ,493,2024-11-28,330000,848000,0,-257.0,https://auction.keiba.rakuten.co.jp/item/13433,,
2546,プリンスネージュ,牝,19,フレンチデピュティ,,2026-02-05,330000,0,0,0.0,https://auction.keiba.rakuten.co.jp/item/15638,炎症,○
2216,ノワナ,牝,2,エピファネイア,430,2024-11-21,330000,1400000,0,-424.2,https://auction.keiba.rakuten.co.jp/item/13385,骨折,
73,ユメミ,牝,3,ディープブリランテ,402,2025-11-13,330000,2620000,0,-793.9,https://auction.keiba.rakuten.co.jp/item/15312,,
121,エイシンピリオド,牝,2,ニホンピロアワーズ,492,,330000,0,0,0.0,https://auction.keiba.rakuten.co.jp/item/15287,,
993,カズマ,牝,4,ヤマカツエース,452,2025-05-15,330000,4098000,0,-1241.8,https://auction.keiba.rakuten.co.jp/item/14142,フレグモーネ,
1242,イルクオーレ,セ,7,ロードカナロア,488,2025-07-03,3290000,72111000,0,-2191.8,https://auction.keiba.rakuten.co.jp/item/14395,跛行 / 鼻出血,
1658,ナムラタタ,牡,6,ザファクター,494,2025-03-06,3280000,39580000,0,-1206.7,https://auction.keiba.rakuten.co.jp/item/13818,,
545,リバティフレイム,牡,3,アメリカンペイトリオット,516,2025-08-14,3260000,840000,0,-25.8,https://auction.keiba.rakuten.co.jp/item/14683,骨折,
1669,エッグハント,牡,3,アメリカンペイトリオット,496,2025-03-13,3260000,840000,0,-25.8,https://auction.keiba.rakuten.co.jp/item/13829,旋回癖 / 骨瘤,
1913,ルクルト,牡,7,キングズベスト,454,2024-09-26,3250000,61981000,0,-1907.1,https://auction.keiba.rakuten.co.jp/item/13078,蟻洞,
84,オースミメッシーナ,牝,6,シニスターミニスター,466,2025-11-16,3230000,22606000,0,-699.9,https://auction.keiba.rakuten.co.jp/item/15325,,
2560,ヴィンチェーレの24,牡,2,イスラボニータ,446,2026-02-12,3220000,0,0,0.0,https://auction.keiba.rakuten.co.jp/item/15647,,
610,テットドール,牝,3,スワーヴリチャード,464,2025-08-21,3220000,1225000,0,-38.0,https://auction.keiba.rakuten.co.jp/item/14749,,
402,ヴィヴィッドムーン,牝,3,アドマイヤムーン,490,2025-07-24,3200000,1600000,0,-50.0,https://auction.keiba.rakuten.co.jp/item/14538,,
1148,メルティングチョコ,牝,3,ディスクリートキャット,480,2025-06-19,320000,0,0,0.0,https://auction.keiba.rakuten.co.jp/item/14300,骨瘤,
2554,アンジョルラス,セ,5,キズナ,498,2026-02-08,320000,29560000,0,-9237.5,https://auction.keiba.rakuten.co.jp/item/15641,屈腱炎 / 鼻出血,
1372,ザボドフスキー,牡,2,マインドユアビスケッツ,441,2024-12-19,320000,756000,0,-236.2,https://auction.keiba.rakuten.co.jp/item/13527,旋回癖,
452,ロクシアス,牡,4,エピファネイア,496,2025-07-31,320000,8960000,0,-2800.0,https://auction.keiba.rakuten.co.jp/item/14588,鼻出血,
124,グッドフェイス,牡,6,キズナ,486,,320000,19590000,0,-6121.9,https://auction.keiba.rakuten.co.jp/item/15290,,
1945,サンタルチア,牝,3,リオンディーズ,400,2024-10-03,320000,210000,0,-65.6,https://auction.keiba.rakuten.co.jp/item/13110,さく癖,
2456,クラレット,牡,4,サートゥルナーリア,493,2026-01-08,320000,2200000,0,-687.5,https://auction.keiba.rakuten.co.jp/item/15546,挫跖,
596,ベニハンマード,牡,3,ハービンジャー,476,2025-08-21,320000,0,0,0.0,https://auction.keiba.rakuten.co.jp/item/14735,跛行,
1988,トリオ,牡,3,アグニシャイン,425,2024-10-10,320000,4213000,0,-1316.6,https://auction.keiba.rakuten.co.jp/item/13155,コズミ / 屈腱炎 / 骨折 / 骨膜炎,
613,ショウナンバシリス,牝,3,リアルスティール,482,2025-08-21,320000,1940000,0,-606.3,https://auction.keiba.rakuten.co.jp/item/14753,脚部不安 / 骨折,
1983,エスカラーチェ,牝,3,ハービンジャー,489,2024-10-10,320000,0,0,0.0,https://auction.keiba.rakuten.co.jp/item/13149,骨折,
52,エメヴィベール,牡,6,ダイワメジャー,400,2025-11-13,320000,39297000,0,-12280.3,https://auction.keiba.rakuten.co.jp/item/15320,喘鳴症 / 屈腱炎 / 繋靭帯炎 / 骨瘤,
2303,ビップマリン,牝,2,エイシンフラッシュ,380,2024-12-12,320000,0,0,0.0,https://auction.keiba.rakuten.co.jp/item/13473,,
249,エリカサンタモニカ,牝,3,アドマイヤマーズ,449,2025-12-25,320000,2490000,0,-778.1,https://auction.keiba.rakuten.co.jp/item/15400,,
1995,リフレイン,牝,3,シュヴァルグラン,400,2024-10-10,320000,0,0,0.0,https://auction.keiba.rakuten.co.jp/item/13162,,○
595,ソリッドベーシス,セ,3,ブリックスアンドモルタル,482,2025-08-21,320000,0,0,0.0,https://auction.keiba.rakuten.co.jp/item/14734,,
2259,クリノアイリス,牝,3,ストロングリターン,436,2024-11-28,320000,245000,0,-76.6,https://auction.keiba.rakuten.co.jp/item/13428,,
1510,ジーティービート,牡,3,サトノアラジン,488,2025-01-30,320000,0,0,0.0,https://auction.keiba.rakuten.co.jp/item/13665,骨折,
1890,ベラジオマナミ,牝,6,マジェスティックウォリアー,435,2024-09-19,320000,7806000,0,-2439.4,https://auction.keiba.rakuten.co.jp/item/13055,蟻洞,
980,セレッソレイナ,牝,3,サトノアラジン,556,2025-05-15,320000,0,0,0.0,https://auction.keiba.rakuten.co.jp/item/14129,骨瘤,
1649,ウインキャロライン,牝,4,イスラボニータ,501,2025-03-06,320000,4180000,0,-1306.3,https://auction.keiba.rakuten.co.jp/item/13808,屈腱炎,
1944,ゴールドミラクル,牡,3,ゴールドアクター,457,2024-10-03,320000,135000,0,-42.2,https://auction.keiba.rakuten.co.jp/item/13109,,
747,ミンスパイ,牝,3,ノーブルミッション,472,2025-09-04,320000,754000,0,-235.6,https://auction.keiba.rakuten.co.jp/item/14894,,
807,マブアンドフェール,牡,3,マインドユアビスケッツ,514,2025-09-11,320000,9920000,0,-3100.0,https://auction.keiba.rakuten.co.jp/item/14954,屈腱炎,
994,ラントゥリーダンス,牝,4,リオンディーズ,458,2025-05-15,320000,5130000,0,-1603.1,https://auction.keiba.rakuten.co.jp/item/14143,屈腱炎,
1861,フェブソラーレ,牝,3,シルバーステート,459,2024-09-12,320000,1203000,1203000,0.0,https://auction.keiba.rakuten.co.jp/item/13025,屈腱炎,
1524,マイネルコンポート,牡,4,ゴールドシップ,485,2025-01-30,320000,5910000,0,-1846.9,https://auction.keiba.rakuten.co.jp/item/13679,骨折,
527,シーオン,牝,3,エイシンフラッシュ,396,2025-08-14,320000,0,0,0.0,https://auction.keiba.rakuten.co.jp/item/14665,,
2067,キネオソレイユの23,牝,1,ノヴェリスト,386,2024-10-31,320000,0,0,0.0,https://auction.keiba.rakuten.co.jp/item/13234,,
1783,アイビーイダテン,セ,4,ダノンレジェンド,417,2025-04-03,320000,2034000,0,-635.6,https://auction.keiba.rakuten.co.jp/item/13946,,
1856,ショウナンサルヴォ,牡,6,ジャングルポケット,510,2024-09-12,320000,33770000,33770000,0.0,https://auction.keiba.rakuten.co.jp/item/13020,,
1711,スターウイン,牝,5,ディーマジェスティ,414,2025-03-20,320000,2051000,0,-640.9,https://auction.keiba.rakuten.co.jp/item/13871,,
2003,プレジールミノル,牡,6,ケープブランコ,498,2024-10-17,3190000,44257000,0,-1387.4,https://auction.keiba.rakuten.co.jp/item/13170,,
678,ミストラルフェザー,牝,3,モーリス,482,2025-08-28,3190000,720000,0,-22.6,https://auction.keiba.rakuten.co.jp/item/14823,骨瘤,
944,ニックオブタイム,セ,4,ロードカナロア,480,2025-05-08,3170000,10900000,0,-343.8,https://auction.keiba.rakuten.co.jp/item/14093,,
549,レアルシチー,牡,3,アルアイン,500,2025-08-14,3160000,2510000,0,-79.4,https://auction.keiba.rakuten.co.jp/item/14687,,
608,ワウワウワウ,牡,3,サトノアラジン,490,2025-08-21,3160000,840000,0,-26.6,https://auction.keiba.rakuten.co.jp/item/14747,,
2293,ベイビーボス,牡,7,キンシャサノキセキ,473,2024-12-05,3150000,70328000,0,-2232.6,https://auction.keiba.rakuten.co.jp/item/13463,跛行,
1213,バックスクリーン,セ,6,スクリーンヒーロー,498,2025-06-26,3150000,19100000,0,-606.3,https://auction.keiba.rakuten.co.jp/item/14366,,
2306,スート,セ,3,ファインニードル,452,2024-12-12,3140000,7880000,0,-251.0,https://auction.keiba.rakuten.co.jp/item/13476,,
2385,ウィンターサン,牝,3,サンダースノー,440,2025-12-25,3130000,8640000,0,-276.0,https://auction.keiba.rakuten.co.jp/item/15503,,
179,ムーンエクスプレスの23,牝,2,サトノダイヤモンド,453,2025-10-09,3130000,0,0,0.0,https://auction.keiba.rakuten.co.jp/item/15118,,
894,ドンアレス,牡,4,リアルスティール,486,2025-04-24,3120000,8400000,0,-269.2,https://auction.keiba.rakuten.co.jp/item/14042,,
686,バーンズベリー,牡,3,Iffraaj,458,2025-08-28,3120000,2240000,0,-71.8,https://auction.keiba.rakuten.co.jp/item/14831,,
1025,ダガーリング,牡,3,タワーオブロンドン,524,2025-05-22,3110000,6375000,0,-205.0,https://auction.keiba.rakuten.co.jp/item/14175,,
2504,ダークブロンド,牝,6,ハービンジャー,432,2026-01-15,3110000,23147000,0,-744.3,https://auction.keiba.rakuten.co.jp/item/15569,さく癖 / 骨瘤,
2223,デーレーディーバ,牝,3,エピカリス,462,2024-11-21,310000,3710000,0,-1196.8,https://auction.keiba.rakuten.co.jp/item/13392,,
1555,クラリフィエ,牝,3,ミスターメロディ,442,2025-02-13,310000,0,0,0.0,https://auction.keiba.rakuten.co.jp/item/13711,屈腱炎 / 跛行,
749,ツキヨノウサギ,牝,4,サトノクラウン,424,2025-09-04,310000,812000,0,-261.9,https://auction.keiba.rakuten.co.jp/item/14896,,
15253,グラブビクトリー,牝,3,デクラレーションオブウォー,483,2025-11-02,310000,1488000,1488000,0.0,https://auction.keiba.rakuten.co.jp/item/15253,さく癖,
346,エピタキシー,牡,4,エピカリス,465,2025-10-02,310000,2501000,0,-806.8,https://auction.keiba.rakuten.co.jp/item/15089,,
1770,ナムラリボン,牝,3,ディープブリランテ,412,2025-04-03,310000,0,0,0.0,https://auction.keiba.rakuten.co.jp/item/13932,,
1914,セレナヴェール,牝,2,マインドユアビスケッツ,392,2024-09-26,310000,965000,0,-311.3,https://auction.keiba.rakuten.co.jp/item/13079,,
1304,ナプラフォルゴー,牡,3,スクワートルスクワート,413,2025-07-13,310000,180000,0,-58.1,https://auction.keiba.rakuten.co.jp/item/14458,さく癖,
2093,ヨドノジョウオー,牝,3,フリオーソ,396,2024-10-31,310000,1825000,0,-588.7,https://auction.keiba.rakuten.co.jp/item/13260,,
2072,レベリオン,牡,2,ドレフォン,462,2024-10-31,310000,0,0,0.0,https://auction.keiba.rakuten.co.jp/item/13239,,
1937,コルルディ,牝,3,ダノンシャンティ,452,2024-10-03,310000,7200000,0,-2322.6,https://auction.keiba.rakuten.co.jp/item/13102,繋靭帯炎 / 骨折,
177,メイショウコウシ,牡,7,ルーラーシップ,513,2025-10-05,310000,7145000,8234000,351.3,https://auction.keiba.rakuten.co.jp/item/15116,挫跖,
2071,カゼノカンザシ,牝,2,エイシンフラッシュ,440,2024-10-31,310000,0,0,0.0,https://auction.keiba.rakuten.co.jp/item/13238,,
225,セルリアンミナギル,牡,5,ディープブリランテ,484,2025-10-19,310000,1851000,0,-597.1,https://auction.keiba.rakuten.co.jp/item/15164,骨折,
248,ドリームアンコール,牝,3,ゴールドドリーム,495,2025-12-25,310000,2288000,0,-738.1,https://auction.keiba.rakuten.co.jp/item/15399,DDSP,
2540,サンヴァランタン,牝,3,サトノダイヤモンド,,2026-02-05,310000,0,0,0.0,https://auction.keiba.rakuten.co.jp/item/15632,骨折,○
2100,エクローサ,牝,4,エイシンフラッシュ,434,2024-10-31,310000,7433000,0,-2397.7,https://auction.keiba.rakuten.co.jp/item/13267,,
784,エリタージュソング,牝,3,ブリックスアンドモルタル,458,2025-09-11,310000,0,0,0.0,https://auction.keiba.rakuten.co.jp/item/14931,,
1887,ローマンシアター,牝,4,ドゥラメンテ,491,2024-09-19,310000,1686000,0,-543.9,https://auction.keiba.rakuten.co.jp/item/13052,繋靭帯炎,
2616,フライトマップ,牡,3,Liam's Map,522,2026-02-26,310000,0,0,0.0,https://auction.keiba.rakuten.co.jp/item/15709,跛行,
2458,チビアーサー,牝,4,ビッグアーサー,456,2026-01-08,310000,3357000,0,-1082.9,https://auction.keiba.rakuten.co.jp/item/15548,さく癖,
714,ウェーヴレット,牝,3,エピファネイア,428,2025-08-31,310000,1100000,0,-354.8,https://auction.keiba.rakuten.co.jp/item/14859,炎症 / 骨瘤,
2335,ラヴリードリームの23,牝,2,フィエールマン,460,2025-12-25,310000,0,0,0.0,https://auction.keiba.rakuten.co.jp/item/15416,,
1046,イチザマジック,牝,3,ベストウォーリア,412,2025-05-29,310000,0,0,0.0,https://auction.keiba.rakuten.co.jp/item/14196,,
280,キーラーヴォッヘ,牝,8,キンシャサノキセキ,426,2025-09-18,310000,25260000,0,-8148.4,https://auction.keiba.rakuten.co.jp/item/15021,,
255,コンテソレーラ,牝,4,リアルスティール,400,2025-12-25,310000,0,0,0.0,https://auction.keiba.rakuten.co.jp/item/15409,脚部不安 / 骨折,○
1818,ファセット,牝,4,マジェスティックウォリアー,488,2025-04-10,310000,8750000,0,-2822.6,https://auction.keiba.rakuten.co.jp/item/13982,裂蹄 / 骨折,
1452,メイショウヤマハギ,牝,3,ダンカーク,508,2025-01-16,310000,0,0,0.0,https://auction.keiba.rakuten.co.jp/item/13607,,
227,テーオーサファイア,牝,4,ファインニードル,438,2025-10-19,310000,1840000,0,-593.5,https://auction.keiba.rakuten.co.jp/item/15167,,
1987,タカヤンテイオー,牡,3,バゴ,481,2024-10-10,310000,3170000,0,-1022.6,https://auction.keiba.rakuten.co.jp/item/13154,さく癖,
2096,ステイフレンズ,牝,3,マインドユアビスケッツ,407,2024-10-31,310000,3575000,0,-1153.2,https://auction.keiba.rakuten.co.jp/item/13263,,
2408,マバシ,牡,2,コパノリッキー,457,2025-12-25,310000,0,0,0.0,https://auction.keiba.rakuten.co.jp/item/15505,骨折,
1885,タントゥーム,牝,3,シルバーステート,481,2024-09-19,310000,5015000,0,-1617.7,https://auction.keiba.rakuten.co.jp/item/13050,屈腱炎 / 繋靭帯炎,
1061,コナベイション,牡,3,タワーオブロンドン,444,2025-05-29,3070000,1560000,0,-50.8,https://auction.keiba.rakuten.co.jp/item/14211,,
917,アルパインハット,牝,3,サンダースノー,432,2025-04-27,3070000,3080000,0,-100.3,https://auction.keiba.rakuten.co.jp/item/14065,,
1163,スピリットワールド,牡,6,アメリカンペイトリオット,522,2025-06-19,3060000,24240000,0,-792.2,https://auction.keiba.rakuten.co.jp/item/14316,屈腱炎,
2627,ワンダフルトゥデイ ン,セ,7,マジェスティックウォリアー,508,2026-02-26,3030000,53998000,0,-1782.1,https://auction.keiba.rakuten.co.jp/item/15719,さく癖,
1018,ワイドレッド,牝,3,ホッコータルマエ,446,2025-05-22,3010000,560000,0,-18.6,https://auction.keiba.rakuten.co.jp/item/14167,蟻洞,
2045,ジュビリーヘッド,牡,7,ロードカナロア,478,2024-10-24,3010000,155949000,0,-5181.0,https://auction.keiba.rakuten.co.jp/item/13212,ボーンシスト / 骨瘤,
2201,イッツソーラッド,牡,6,ハイアーゲーム,523,2024-11-14,3000000,42046000,0,-1401.5,https://auction.keiba.rakuten.co.jp/item/13370,跛行 / 骨折,
1035,フェリシダーデスの23,牡,2,ミスチヴィアスアレックス,408,2025-05-22,3000000,0,0,0.0,https://auction.keiba.rakuten.co.jp/item/14185,,
223,ライブリゴールドの24,牡,1,エスケンデレヤ,400,2025-10-19,3000000,0,0,0.0,https://auction.keiba.rakuten.co.jp/item/15162,,
324,ウィンターパレスの23,牡,2,サンダースノー,454,2025-10-02,3000000,0,0,0.0,https://auction.keiba.rakuten.co.jp/item/15067,,
511,マイネルアース,牡,3,ブリックスアンドモルタル,468,2025-08-10,3000000,560000,0,-18.7,https://auction.keiba.rakuten.co.jp/item/14648,,
2031,グローバルフェイムの23,牝,1,ミッキーアイル,400,2024-10-24,3000000,0,0,0.0,https://auction.keiba.rakuten.co.jp/item/13198,旋回癖,
271,リックボイ,牝,3,ディスクリートキャット,470,2025-09-18,300000,0,0,0.0,https://auction.keiba.rakuten.co.jp/item/15012,骨瘤,
1823,カーラ,牝,3,アルバート,398,2025-04-13,300000,0,0,0.0,https://auction.keiba.rakuten.co.jp/item/13987,蟻洞,
336,サクラジマ,セ,3,ケイムホーム,426,2025-10-02,300000,87000,0,-29.0,https://auction.keiba.rakuten.co.jp/item/15079,,
1349,ソアトアメーム,牝,2,カリフォルニアクローム,418,2024-12-19,300000,0,0,0.0,https://auction.keiba.rakuten.co.jp/item/13504,骨瘤,
957,ルビータイプ,牝,5,ロゴタイプ,446,2025-05-08,300000,4371000,0,-1457.0,https://auction.keiba.rakuten.co.jp/item/14106,,
69,ゼロファイター,セ,3,エポカドーロ,402,2025-11-13,300000,83000,0,-27.7,https://auction.keiba.rakuten.co.jp/item/15308,,
323,ナツハヨル,牝,7,キズナ,400,2025-09-28,300000,0,10770000,3590.0,https://auction.keiba.rakuten.co.jp/item/15066,,○
95,スマートバニー,牝,2,マテラスカイ,484,2025-11-20,300000,0,0,0.0,https://auction.keiba.rakuten.co.jp/item/15337,,
172,リナリア,牝,4,アメリカンペイトリオット,439,2025-10-05,300000,4330000,0,-1443.3,https://auction.keiba.rakuten.co.jp/item/15111,鼻出血,
1980,レッドエンジェル,牡,2,エスポワールシチー,470,2024-10-10,300000,0,0,0.0,https://auction.keiba.rakuten.co.jp/item/13146,骨瘤,
2344,フクチャンサクラ,牝,3,モーリス,490,2025-12-25,300000,720000,0,-240.0,https://auction.keiba.rakuten.co.jp/item/15424,コズミ / 肺出血 / 蟻洞 / 鼻出血,
1777,ホウオウギフト,牝,3,ブリックスアンドモルタル,420,2025-04-03,300000,0,0,0.0,https://auction.keiba.rakuten.co.jp/item/13939,,
759,ザリナイラン,牝,8,タイムパラドックス,446,2025-09-04,300000,3747000,0,-1249.0,https://auction.keiba.rakuten.co.jp/item/14906,ゆう癖 / 挫跖,
277,スプリングローズ,牝,7,フェノーメノ,450,2025-09-18,300000,10020000,0,-3340.0,https://auction.keiba.rakuten.co.jp/item/15018,コズミ,
2098,カルストンロワール,牝,4,カレンブラックヒル,448,2024-10-31,300000,1548000,0,-516.0,https://auction.keiba.rakuten.co.jp/item/13265,骨折,
746,エムティパブロ,牡,3,メイショウボーラー,450,2025-09-04,300000,210000,0,-70.0,https://auction.keiba.rakuten.co.jp/item/14893,骨折,
1794,モンドエトワール,牝,3,ウインバリアシオン,417,2025-04-06,300000,0,0,0.0,https://auction.keiba.rakuten.co.jp/item/13957,,
956,グッドラックガール,牝,5,ビーチパトロール,401,2025-05-08,300000,2328000,0,-776.0,https://auction.keiba.rakuten.co.jp/item/14105,,
1112,アストロマーチ,牝,3,ウインブライト,448,2025-06-05,300000,0,0,0.0,https://auction.keiba.rakuten.co.jp/item/14264,DDSP,
1351,テリオスラキ,牡,2,ハービンジャー,492,2024-12-19,300000,0,0,0.0,https://auction.keiba.rakuten.co.jp/item/13506,,
947,トラファルガー,セ,5,リオンディーズ,500,2025-05-08,300000,20190000,0,-6730.0,https://auction.keiba.rakuten.co.jp/item/14096,屈腱炎,
1748,サイレントニャー,牝,4,アドマイヤムーン,501,2025-03-27,300000,3000000,0,-1000.0,https://auction.keiba.rakuten.co.jp/item/13910,,
2119,エルフェリーク,牝,2,サトノアラジン,398,2024-11-07,300000,35000,0,-11.7,https://auction.keiba.rakuten.co.jp/item/13287,,
1411,ラブワンダー,牝,6,ダイワメジャー,468,2024-12-26,300000,5612000,0,-1870.7,https://auction.keiba.rakuten.co.jp/item/13566,,
1152,デルマプルート,牡,3,サートゥルナーリア,534,2025-06-19,300000,0,0,0.0,https://auction.keiba.rakuten.co.jp/item/14304,筋肉痛,
2014,セイカアビイロード,牝,3,グレーターロンドン,446,2024-10-17,300000,1048000,0,-349.3,https://auction.keiba.rakuten.co.jp/item/13181,,
90,グロリアストップ,牝,3,ディープブリランテ,441,2025-11-16,300000,1410000,0,-470.0,https://auction.keiba.rakuten.co.jp/item/15331,,
420,アローロ,牝,3,ゴールドシップ,480,2025-07-27,300000,0,0,0.0,https://auction.keiba.rakuten.co.jp/item/14556,DDSP / 喘鳴症,
2444,サバイバルトゥルー,牝,3,ルーラーシップ,436,2026-01-08,300000,0,0,0.0,https://auction.keiba.rakuten.co.jp/item/15533,,
1251,アルピニズム,牡,8,ローエングリン,490,2025-07-03,300000,62045000,0,-20681.7,https://auction.keiba.rakuten.co.jp/item/14404,骨折,
1483,フォードワン,牝,3,アドマイヤムーン,392,2025-01-23,300000,0,0,0.0,https://auction.keiba.rakuten.co.jp/item/13638,,
196,ホワイトアッシュ,牡,3,カリフォルニアクローム,487,2025-10-12,300000,455000,1143000,229.3,https://auction.keiba.rakuten.co.jp/item/15135,,
413,キーホーム,牡,3,パドトロワ,457,2025-07-24,300000,0,0,0.0,https://auction.keiba.rakuten.co.jp/item/14549,骨折 / 骨瘤,
1428,ユキノマリーナ,牝,3,アドミラブル,421,2025-01-09,300000,500000,0,-166.7,https://auction.keiba.rakuten.co.jp/item/13583,喘鳴症 / 脚部不安 / 骨折,
528,ジークリヒト,牝,3,トーセンラー,434,2025-08-14,300000,0,0,0.0,https://auction.keiba.rakuten.co.jp/item/14666,骨折,
1223,コーズオブラブ,牝,3,メイショウボーラー,442,2025-06-29,300000,35000,0,-11.7,https://auction.keiba.rakuten.co.jp/item/14376,跛行 / 骨折 / 骨片,
2092,サンヴァルス,牡,3,パイロ,490,2024-10-31,300000,1265000,0,-421.7,https://auction.keiba.rakuten.co.jp/item/13259,骨折,
1185,リヴァーブ,牡,3,シルバーステート,544,2025-06-22,300000,0,0,0.0,https://auction.keiba.rakuten.co.jp/item/14338,,
494,ハヤシヤウマノスケ,牡,3,ナムラタイタン,496,2025-08-07,300000,567000,567000,0.0,https://auction.keiba.rakuten.co.jp/item/14630,屈腱炎,
1399,プラチナジェット,牝,5,キズナ,468,2024-12-26,300000,10935000,0,-3645.0,https://auction.keiba.rakuten.co.jp/item/13554,鼻出血,
2489,レジーナシルバルム,牝,3,レイデオロ,400,,300000,0,0,0.0,https://auction.keiba.rakuten.co.jp/item/15242,,○
2017,オールザグッド,牝,3,ベストウォーリア,467,2024-10-17,300000,2345000,0,-781.7,https://auction.keiba.rakuten.co.jp/item/13184,屈腱炎 / 球節炎,
1180,フェイタリズム,牝,8,ハービンジャー,400,2025-06-19,300000,0,0,0.0,https://auction.keiba.rakuten.co.jp/item/14333,さく癖 / 骨折,○
279,マルヨソウタ,牡,7,ロージズインメイ,514,2025-09-18,300000,11710000,0,-3903.3,https://auction.keiba.rakuten.co.jp/item/15020,,
145,タカラクロロック,牡,3,Pinatubo,509,2025-11-27,300000,2102000,0,-700.7,https://auction.keiba.rakuten.co.jp/item/15373,,
1710,キクイチモンジ,セ,5,ベルシャザール,455,2025-03-20,300000,1730000,0,-576.7,https://auction.keiba.rakuten.co.jp/item/13870,裂蹄 / 骨折,
99,リプレイ,牝,4,ミッキーアイル,438,2025-11-20,300000,550000,0,-183.3,https://auction.keiba.rakuten.co.jp/item/15341,屈腱炎,
2238,シントートラノスケ,セ,6,ルースリンド,439,2024-11-21,300000,7300000,0,-2433.3,https://auction.keiba.rakuten.co.jp/item/13407,,
2430,マルモルミエール,牡,5,エイシンヒカリ,489,2025-12-25,300000,12660000,0,-4220.0,https://auction.keiba.rakuten.co.jp/item/15529,球節炎 / 繋靭帯炎,
2429,スマイルポピー,牝,5,ラニ,469,2025-12-25,300000,6555000,0,-2185.0,https://auction.keiba.rakuten.co.jp/item/15528,球節炎,
47,サヴァ,牡,7,アイルハヴアナザー,514,2025-11-06,300000,113251000,0,-37750.3,https://auction.keiba.rakuten.co.jp/item/15281,屈腱炎,
2285,ユナヴィール,牝,4,サトノクラウン,402,2024-12-05,300000,2834000,0,-944.7,https://auction.keiba.rakuten.co.jp/item/13455,,
2011,ジャポネ,牡,3,ダイワメジャー,501,2024-10-17,300000,28000,0,-9.3,https://auction.keiba.rakuten.co.jp/item/13178,,
2211,ヒカルプリンセス,牝,2,トーセンラー,410,2024-11-21,300000,0,0,0.0,https://auction.keiba.rakuten.co.jp/item/13380,ゆう癖 / 蟻洞,
2193,スマイルウェーブ,セ,4,サトノクラウン,524,2024-11-14,300000,1807000,0,-602.3,https://auction.keiba.rakuten.co.jp/item/13361,蕁麻疹 / 蟻洞,
166,ブラックムサシ,セ,4,Smart Missile,490,2025-10-23,300000,0,0,0.0,https://auction.keiba.rakuten.co.jp/item/15184,筋肉痛 / 骨折,
458,ヤカンヒコウ,牝,5,パドトロワ,479,2025-07-31,300000,1469000,1577000,36.0,https://auction.keiba.rakuten.co.jp/item/14594,骨折 / 骨片,
889,ジーティードリーム,セ,4,エピファネイア,436,2025-04-24,300000,0,0,0.0,https://auction.keiba.rakuten.co.jp/item/14037,ゆう癖 / 骨瘤,
1494,コンソルディーノ,牝,4,レッドファルクス,379,2025-01-23,300000,1850000,0,-616.7,https://auction.keiba.rakuten.co.jp/item/13649,,
2182,ブギーナイツ,牝,3,サトノクラウン,464,2024-11-14,300000,830000,0,-276.7,https://auction.keiba.rakuten.co.jp/item/13350,骨瘤,
1921,アンジュアムール,牝,4,アドマイヤムーン,417,2024-09-26,300000,1219000,0,-406.3,https://auction.keiba.rakuten.co.jp/item/13086,,
603,ロジディーズ,牝,3,リオンディーズ,440,2025-08-21,300000,0,0,0.0,https://auction.keiba.rakuten.co.jp/item/14742,鼻出血,
175,メイショウブユウ,牡,6,サトノアラジン,469,2025-10-05,300000,2813000,0,-937.7,https://auction.keiba.rakuten.co.jp/item/15114,,
2318,アクス,牝,3,ダノンレジェンド,427,2024-12-12,300000,2358000,0,-786.0,https://auction.keiba.rakuten.co.jp/item/13488,ゆう癖,
2493,ウジラーサン,牝,9,オルフェーヴル,400,,300000,0,0,0.0,https://auction.keiba.rakuten.co.jp/item/15246,,○
2088,オブツーサ,牝,3,サトノアラジン,460,2024-10-31,300000,550000,0,-183.3,https://auction.keiba.rakuten.co.jp/item/13255,骨折,
1726,コルコバードヒル,牝,3,シルバーステート,394,2025-03-27,300000,0,0,0.0,https://auction.keiba.rakuten.co.jp/item/13888,,
776,ウワサノアナ,牝,2,ダンカーク,442,2025-09-07,300000,0,0,0.0,https://auction.keiba.rakuten.co.jp/item/14923,,
2006,アリストキャット,牡,2,イスラボニータ,406,2024-10-17,300000,0,0,0.0,https://auction.keiba.rakuten.co.jp/item/13173,,
491,スノーブリザード,牡,4,ゴールドアクター,490,2025-08-07,300000,16756000,0,-5585.3,https://auction.keiba.rakuten.co.jp/item/14627,さく癖 / 屈腱炎,
1732,ユアヴィーナス,牝,3,エピカリス,402,2025-03-27,300000,0,0,0.0,https://auction.keiba.rakuten.co.jp/item/13894,ゆう癖,
2068,ブラウンローズの23,牡,1,ワールドプレミア,460,2024-10-31,300000,0,0,0.0,https://auction.keiba.rakuten.co.jp/item/13235,球節炎,
247,ルンルンビーム,牡,3,グレーターロンドン,465,2025-12-25,300000,490000,0,-163.3,https://auction.keiba.rakuten.co.jp/item/15398,骨折 / 骨片,
2423,キモンデビイス,牝,2,コパノリッキー,510,2025-12-25,300000,1875000,0,-625.0,https://auction.keiba.rakuten.co.jp/item/15522,繋靭帯炎,
105,セルベッサ,牡,3,イスラボニータ,502,2025-11-20,300000,1145000,0,-381.7,https://auction.keiba.rakuten.co.jp/item/15347,跛行 / 骨折 / 骨片 / 骨瘤,
1312,サウンドペガサス,セ,3,ノーブルミッション,476,2025-07-17,300000,0,0,0.0,https://auction.keiba.rakuten.co.jp/item/14466,,
2491,ラッキーマーチ,牝,4,レイデオロ,400,,300000,0,0,0.0,https://auction.keiba.rakuten.co.jp/item/15244,,○
2057,ケイラブマッハ,牝,4,マジェスティックウォリアー,447,2024-10-24,300000,2998000,0,-999.3,https://auction.keiba.rakuten.co.jp/item/13224,さく癖,
146,ガムピーリング,牡,3,ベストウォーリア,495,2025-11-27,300000,2300000,0,-766.7,https://auction.keiba.rakuten.co.jp/item/15374,,
188,ミックスボイス,牝,3,シャンハイボビー,427,2025-10-09,300000,3815000,3815000,0.0,https://auction.keiba.rakuten.co.jp/item/15127,ゆう癖,
1357,モモイロタンポポ,牝,2,ルヴァンスレーヴ,408,2024-12-19,300000,0,0,0.0,https://auction.keiba.rakuten.co.jp/item/13512,さく癖,
2015,エイシンポンメノコ,牝,3,ホッコータルマエ,459,2024-10-17,300000,1510000,0,-503.3,https://auction.keiba.rakuten.co.jp/item/13182,,
1644,アネッロ,牝,4,ベストウォーリア,377,2025-03-06,300000,0,0,0.0,https://auction.keiba.rakuten.co.jp/item/13803,,
2364,エスカミーリョ,セ,5,エピファネイア,470,2025-12-25,300000,6903000,0,-2301.0,https://auction.keiba.rakuten.co.jp/item/15450,OCD,
2046,エイシンマスタリー,牝,2,ハービンジャー,432,2024-10-24,300000,0,0,0.0,https://auction.keiba.rakuten.co.jp/item/13213,骨折,
1922,フェアリーパイン,牝,4,ジャスタウェイ,460,2024-09-26,300000,1623000,0,-541.0,https://auction.keiba.rakuten.co.jp/item/13087,さく癖,
2103,デクラーク,牡,6,トーセンラー,466,2024-10-31,300000,10929000,0,-3643.0,https://auction.keiba.rakuten.co.jp/item/13270,,
2500,ピレシー,牝,3,ダノンスマッシュ,462,2026-01-15,300000,0,0,0.0,https://auction.keiba.rakuten.co.jp/item/15565,打撲,
2427,キルケロッソ,牝,4,ビッグアーサー,451,2025-12-25,300000,4350000,0,-1450.0,https://auction.keiba.rakuten.co.jp/item/15527,骨折,
2090,ツルマルハート,牝,3,アポロケンタッキー,486,2024-10-31,300000,1053000,0,-351.0,https://auction.keiba.rakuten.co.jp/item/13257,,
906,ブルーパール,牝,5,ハーツクライ,446,2026-01-08,300000,3005000,0,-1001.7,https://auction.keiba.rakuten.co.jp/item/15552,喘鳴症,
2132,クイーンオブオーソ,牝,3,フリオーソ,432,2024-11-07,300000,2130000,0,-710.0,https://auction.keiba.rakuten.co.jp/item/13300,炎症,
582,アンソレイユ,牝,3,イスラボニータ,480,2025-08-17,300000,0,0,0.0,https://auction.keiba.rakuten.co.jp/item/14721,OCD / 骨折,○
587,ケイツーシェケル,セ,3,シュヴァルグラン,432,2025-08-21,300000,0,0,0.0,https://auction.keiba.rakuten.co.jp/item/14726,,
2064,ザブルース,牝,3,ビーチパトロール,417,2024-10-24,300000,4700000,0,-1566.7,https://auction.keiba.rakuten.co.jp/item/13231,,
1676,ペペロンチーノ,牝,4,オルフェーヴル,460,2025-03-13,300000,716000,0,-238.7,https://auction.keiba.rakuten.co.jp/item/13836,骨膜炎,
2187,スターガッツマン,牡,3,サトノアラジン,479,2024-11-14,300000,1958000,0,-652.7,https://auction.keiba.rakuten.co.jp/item/13355,,
36,ノーブルブロッサム,牝,2,ジャスタウェイ,440,2025-11-06,300000,70000,770000,233.3,https://auction.keiba.rakuten.co.jp/item/15269,,
1049,ジーティーグロウ,牝,4,シスキン,432,2026-01-15,300000,954000,0,-318.0,https://auction.keiba.rakuten.co.jp/item/15575,,
43,ラジアンドラゴン,牝,3,コパノリッキー,440,2025-11-06,300000,9765000,0,-3255.0,https://auction.keiba.rakuten.co.jp/item/15276,骨折,
777,ダンスインザベール,牝,3,デクラレーションオブウォー,470,2025-09-07,300000,0,0,0.0,https://auction.keiba.rakuten.co.jp/item/14924,,
164,アラシヲヨブオトコ,牡,3,ルーラーシップ,449,2025-10-23,300000,1560000,0,-520.0,https://auction.keiba.rakuten.co.jp/item/15182,,
2467,フライバイビーナス,牝,4,エピファネイア,400,2026-01-08,300000,0,0,0.0,https://auction.keiba.rakuten.co.jp/item/15558,,○
1958,センベロ,牝,3,カレンブラックヒル,378,2024-10-03,300000,871000,0,-290.3,https://auction.keiba.rakuten.co.jp/item/13124,跛行,
1430,ペア,牝,4,アニマルキングダム,520,2025-01-09,300000,350000,0,-116.7,https://auction.keiba.rakuten.co.jp/item/13585,,
134,エナジーラピス,牝,9,ロードカナロア,400,2025-10-23,300000,0,0,0.0,https://auction.keiba.rakuten.co.jp/item/15196,,○
1446,オメガフリーク,セ,3,ゴールドドリーム,416,2025-01-16,300000,0,0,0.0,https://auction.keiba.rakuten.co.jp/item/13601,,
2013,ヴェネラリア,牝,3,サトノクラウン,436,2024-10-17,300000,423000,0,-141.0,https://auction.keiba.rakuten.co.jp/item/13180,,
1344,ディディット,牝,4,ベストウォーリア,400,2025-07-17,300000,0,0,0.0,https://auction.keiba.rakuten.co.jp/item/14499,鼻出血,○
2206,イマキュレイト,牡,2,ロゴタイプ,489,2024-11-21,300000,0,0,0.0,https://auction.keiba.rakuten.co.jp/item/13375,,
18,ナンヨーメルシー,牡,2,ルーラーシップ,412,2025-10-26,300000,0,0,0.0,https://auction.keiba.rakuten.co.jp/item/15200,,
1120,カネショウバナナの23,牝,2,スマートファルコン,400,2025-06-12,300000,0,0,0.0,https://auction.keiba.rakuten.co.jp/item/14272,骨折,
584,アクシオン,牝,3,モーリス,448,2025-08-21,300000,0,0,0.0,https://auction.keiba.rakuten.co.jp/item/14723,骨折,
2127,ハンガンノキセキ,牡,3,アメリカンペイトリオット,486,2024-11-07,300000,1415000,0,-471.7,https://auction.keiba.rakuten.co.jp/item/13295,挫跖 / 旋回癖,
2220,セルジュ,牡,6,トーセンラー,478,2024-11-21,300000,11830000,0,-3943.3,https://auction.keiba.rakuten.co.jp/item/13389,屈腱炎,
2353,ズイショウ,牝,3,Masar,472,2025-12-25,300000,358000,0,-119.3,https://auction.keiba.rakuten.co.jp/item/15437,脚部不安 / 骨折 / 鼻出血,
1916,ワンダフルスパート,牡,3,ロジャーバローズ,482,2024-09-26,300000,629000,0,-209.7,https://auction.keiba.rakuten.co.jp/item/13081,屈腱炎,
504,サッカレッロ,牝,3,ルーラーシップ,400,2025-08-07,300000,0,0,0.0,https://auction.keiba.rakuten.co.jp/item/14641,屈腱炎 / 炎症,○
58,プラムダンディ,牡,4,ラニ,460,2025-11-13,300000,43568000,0,-14522.7,https://auction.keiba.rakuten.co.jp/item/15298,屈腱炎,
1997,アマゾーヌ,牝,7,エピファネイア,400,2024-10-10,300000,0,0,0.0,https://auction.keiba.rakuten.co.jp/item/13164,,○
228,エイシンエメラルド,牝,5,タリスマニック,420,2025-10-19,300000,16240000,0,-5413.3,https://auction.keiba.rakuten.co.jp/item/15168,挫跖 / 跛行 / 骨折,
2403,メリーゴーラウンド,牡,4,ヘニーヒューズ,485,2025-12-25,300000,4652000,0,-1550.7,https://auction.keiba.rakuten.co.jp/item/15497,,
2062,ユイミオ,牝,3,アルアイン,470,2024-10-24,300000,0,0,0.0,https://auction.keiba.rakuten.co.jp/item/13229,屈腱炎,○
294,クロスレジーナ,牝,3,ミッキーアイル,406,2025-09-21,300000,2500000,2500000,0.0,https://auction.keiba.rakuten.co.jp/item/15037,,
1865,マイアヴィータ,牝,3,スワーヴリチャード,400,2024-09-12,300000,0,0,0.0,https://auction.keiba.rakuten.co.jp/item/13029,骨折 / 骨膜炎,○
722,ベネスティローザ,牝,3,アメリカンペイトリオット,466,2025-09-04,300000,0,0,0.0,https://auction.keiba.rakuten.co.jp/item/14868,屈腱炎,
755,グレル,牝,7,ノボジャック,477,2025-09-04,300000,9015000,0,-3005.0,https://auction.keiba.rakuten.co.jp/item/14902,,
2010,トレジャーボックス,牡,3,オルフェーヴル,472,2024-10-17,300000,0,0,0.0,https://auction.keiba.rakuten.co.jp/item/13177,挫跖,
239,ハニーガーベラ,牝,2,ビッグアーサー,425,2025-10-23,300000,420000,0,-140.0,https://auction.keiba.rakuten.co.jp/item/15179,,
79,ホヌ,セ,5,ホッコータルマエ,503,2025-11-13,300000,6470000,0,-2156.7,https://auction.keiba.rakuten.co.jp/item/15318,,
2055,クリノトンイ,牝,4,ヘニーヒューズ,460,2024-10-24,300000,1469000,0,-489.7,https://auction.keiba.rakuten.co.jp/item/13222,,
2056,ツィスカリーゼ,牡,4,リオンディーズ,466,2024-10-24,300000,2591000,0,-863.7,https://auction.keiba.rakuten.co.jp/item/13223,コズミ,
1925,ジェイケイウルル,牝,5,ザファクター,532,2024-09-26,300000,6478000,0,-2159.3,https://auction.keiba.rakuten.co.jp/item/13090,跛行,
1448,サンレンブイ,牝,3,シュヴァルグラン,376,2025-01-16,300000,0,0,0.0,https://auction.keiba.rakuten.co.jp/item/13603,,
115,ラガープリンセス,牝,5,ドレフォン,394,2025-11-20,300000,4073000,0,-1357.7,https://auction.keiba.rakuten.co.jp/item/15359,,
2409,アミーコアイドル,牝,4,ヘニーヒューズ,436,2025-12-25,300000,5370000,0,-1790.0,https://auction.keiba.rakuten.co.jp/item/15506,ゆう癖 / 挫跖,
658,フィアマドラータ,セ,3,ゴールドドリーム,448,2025-08-28,300000,0,0,0.0,https://auction.keiba.rakuten.co.jp/item/14801,骨折,
1893,ダニエラハニー,牝,5,トゥザワールド,400,2024-09-19,300000,0,0,0.0,https://auction.keiba.rakuten.co.jp/item/13058,ゆう癖 / 屈腱炎 / 骨折,○
1290,シュヴァルツボーイ,牡,3,イスラボニータ,504,2025-07-10,300000,0,0,0.0,https://auction.keiba.rakuten.co.jp/item/14444,,
2075,ボールドトップ,牡,4,エーシントップ,466,2024-10-31,300000,5500000,0,-1833.3,https://auction.keiba.rakuten.co.jp/item/13242,フレグモーネ / 骨折,
1193,キボウノチカラ,牝,3,イスラボニータ,490,2025-06-26,300000,0,0,0.0,https://auction.keiba.rakuten.co.jp/item/14346,,
558,ユナポ,牝,3,エスポワールシチー,495,2025-08-14,300000,630000,0,-210.0,https://auction.keiba.rakuten.co.jp/item/14696,,
2232,ダイチノメグミ,牝,4,ヴィクトワールピサ,416,2024-11-21,300000,5157000,0,-1719.0,https://auction.keiba.rakuten.co.jp/item/13401,骨折,
1998,オートマティック,牡,2,ミッキーグローリー,470,2024-10-17,300000,0,0,0.0,https://auction.keiba.rakuten.co.jp/item/13165,骨折,
1335,ウィンカラー,牝,4,サンダースノー,466,2025-07-17,300000,1273000,0,-424.3,https://auction.keiba.rakuten.co.jp/item/14490,,
1211,メネラオス,牡,4,アジアエクスプレス,560,2025-06-26,300000,1806000,0,-602.0,https://auction.keiba.rakuten.co.jp/item/14364,屈腱炎 / 脚部不安 / 骨折,
2362,サヨノフジ,牡,5,スズカコーズウェイ,495,2025-12-25,300000,4240000,0,-1413.3,https://auction.keiba.rakuten.co.jp/item/15448,さく癖 / 炎症,
113,ブイブイエスワン,牡,4,ジャスタウェイ,534,2025-11-20,300000,2325000,0,-775.0,https://auction.keiba.rakuten.co.jp/item/15357,跛行,
876,アップライト,牝,3,アドマイヤマーズ,400,2025-04-20,300000,0,0,0.0,https://auction.keiba.rakuten.co.jp/item/14024,屈腱炎,○
161,ザッフェラーノ,牡,4,パドトロワ,482,2025-11-30,300000,1948000,0,-649.3,https://auction.keiba.rakuten.co.jp/item/15389,,
1224,インターセプト,牝,4,マジェスティックウォリアー,480,2025-06-29,300000,7464000,0,-2488.0,https://auction.keiba.rakuten.co.jp/item/14377,骨瘤,
945,ロゼアクアリオ,牝,5,モーリス,394,2025-05-08,300000,1753000,0,-584.3,https://auction.keiba.rakuten.co.jp/item/14094,骨瘤,
1693,コパノトレド,牡,2,コパノリッキー,512,2025-03-20,300000,0,0,0.0,https://auction.keiba.rakuten.co.jp/item/13853,打撲 / 跛行 / 骨折,
274,ヴィレーラ,牝,4,マジェスティックウォリアー,453,2025-09-18,300000,2028000,0,-676.0,https://auction.keiba.rakuten.co.jp/item/15015,さく癖 / 鼻出血,
2431,グランドジュビリー,牡,8,キンシャサノキセキ,497,2025-12-25,300000,16060000,0,-5353.3,https://auction.keiba.rakuten.co.jp/item/15531,骨折,
15257,スカイピース,牝,5,ミッキーアイル,486,2025-11-02,300000,8742000,8882000,46.7,https://auction.keiba.rakuten.co.jp/item/15257,挫跖,
1993,オースミカテドラル,牡,8,ダイワメジャー,484,2024-10-10,300000,65113000,0,-21704.3,https://auction.keiba.rakuten.co.jp/item/13160,,
781,アズーロエマローネ,牡,3,ハービンジャー,472,2025-09-11,300000,0,0,0.0,https://auction.keiba.rakuten.co.jp/item/14928,DDSP / 旋回癖 / 炎症 / 繋靭帯炎,
1805,ケイツーレウ,牝,3,サンダースノー,494,2025-04-10,300000,0,0,0.0,https://auction.keiba.rakuten.co.jp/item/13968,関節炎 / 骨折,
877,ポポラリタの22,牡,3,ナカヤマフェスタ,545,2025-04-24,300000,0,0,0.0,https://auction.keiba.rakuten.co.jp/item/14025,脚部不安 / 骨折,
2048,テーオーダイヤ,牝,3,カリフォルニアクローム,441,2024-10-24,300000,0,0,0.0,https://auction.keiba.rakuten.co.jp/item/13215,,
984,ヨッシーレイ,牝,3,カリフォルニアクローム,414,2025-05-15,300000,0,0,0.0,https://auction.keiba.rakuten.co.jp/item/14133,,
1427,ヌプルクル,牝,3,ノーブルミッション,400,2025-01-09,300000,400000,0,-133.3,https://auction.keiba.rakuten.co.jp/item/13582,,
2485,レシェルドランジュ,牝,4,ニューイヤーズデイ,400,,300000,0,0,0.0,https://auction.keiba.rakuten.co.jp/item/15501,脚部不安 / 骨片,○
2069,ヘレナモルフォの23,牝,1,エイシンフラッシュ,367,2024-10-31,300000,0,0,0.0,https://auction.keiba.rakuten.co.jp/item/13236,,
1188,シオンデゴーの23,牡,2,グロリアスノア,430,2025-06-26,300000,0,0,0.0,https://auction.keiba.rakuten.co.jp/item/14341,跛行,
2625,ダイユウハミルトン ン,セ,5,ヴィクトワールピサ,476,2026-02-26,300000,6330000,0,-2110.0,https://auction.keiba.rakuten.co.jp/item/15718,跛行 / 骨折,
2466,リチェルカータ,牝,9,シニスターミニスター,451,2026-01-08,300000,9008000,0,-3002.7,https://auction.keiba.rakuten.co.jp/item/15557,,
1155,ノボリミッション,牡,3,リアルスティール,472,2025-06-19,300000,0,0,0.0,https://auction.keiba.rakuten.co.jp/item/14307,筋肉痛 / 脚部不安,
1465,ブンタンフィズ,牝,4,スクリーンヒーロー,399,2025-01-16,300000,1695000,0,-565.0,https://auction.keiba.rakuten.co.jp/item/13620,さく癖 / 骨折,
954,ジャズブレイキー,牡,4,モーニン,468,2025-05-08,300000,6400000,0,-2133.3,https://auction.keiba.rakuten.co.jp/item/14103,屈腱炎 / 骨折 / 骨片,
2284,ガミラスソロモン,セ,4,ジョーカプチーノ,440,2024-12-05,300000,2336000,0,-778.7,https://auction.keiba.rakuten.co.jp/item/13454,鼻出血,
2340,フクシマグランツ,牝,2,タワーオブロンドン,378,2025-12-25,300000,0,0,0.0,https://auction.keiba.rakuten.co.jp/item/15421,,
208,ウワサノモアナ,牝,2,モーニン,402,2025-10-16,300000,0,314000,104.7,https://auction.keiba.rakuten.co.jp/item/15147,,
1941,エイシンカンナ,牝,2,ワンアンドオンリー,412,2024-10-03,300000,0,0,0.0,https://auction.keiba.rakuten.co.jp/item/13106,跛行,
1352,ハイフォーエバー,牝,2,イスラボニータ,436,2024-12-19,300000,0,0,0.0,https://auction.keiba.rakuten.co.jp/item/13507,,
122,グランリッジライン,牡,3,ロジャーバローズ,442,,300000,216000,0,-72.0,https://auction.keiba.rakuten.co.jp/item/15288,ゆう癖 / 屈腱炎,
2230,ファンタジスタ,牡,4,ルーラーシップ,497,2024-11-21,300000,3758000,0,-1252.7,https://auction.keiba.rakuten.co.jp/item/13399,,
2278,クリノリヴィング,牡,3,リアルインパクト,477,2024-12-05,300000,0,0,0.0,https://auction.keiba.rakuten.co.jp/item/13448,骨折,
2117,エイシンファルコン,牡,2,フェノーメノ,482,2024-11-07,300000,0,0,0.0,https://auction.keiba.rakuten.co.jp/item/13285,,
1301,ゴールデンマーチ,牝,3,ゴールドシップ,380,2025-07-13,300000,0,0,0.0,https://auction.keiba.rakuten.co.jp/item/14455,,
2018,ラダマンテュス,牡,3,オルフェーヴル,400,2024-10-17,300000,2590000,0,-863.3,https://auction.keiba.rakuten.co.jp/item/13185,ゆう癖,
2120,ノビシロシカナイ,牡,2,ミッキーアイル,526,2024-11-07,300000,392000,0,-130.7,https://auction.keiba.rakuten.co.jp/item/13288,鼻出血,
923,ブリックダルジャン,牝,3,ブリックスアンドモルタル,400,2025-04-27,300000,0,0,0.0,https://auction.keiba.rakuten.co.jp/item/14071,ゆう癖 / 骨折,○
1355,ブラックデザイア,牝,2,ルヴァンスレーヴ,374,2024-12-19,300000,0,0,0.0,https://auction.keiba.rakuten.co.jp/item/13510,ゆう癖,
2268,エンムスビ,牝,3,スクリーンヒーロー,444,2024-12-05,300000,830000,0,-276.7,https://auction.keiba.rakuten.co.jp/item/13438,さく癖 / 疝痛 / 腸捻転,
1858,リックゾゾイー,牡,2,トビーズコーナー,368,2024-09-12,300000,0,0,0.0,https://auction.keiba.rakuten.co.jp/item/13022,さく癖 / 旋回癖,
1643,サヨノボナンザ,牝,3,ビーチパトロール,423,2025-03-06,300000,180000,0,-60.0,https://auction.keiba.rakuten.co.jp/item/13801,,
654,ココナッツリゾート,牝,3,ワールドエース,402,2025-08-28,300000,0,0,0.0,https://auction.keiba.rakuten.co.jp/item/14797,,
2203,エターナルライフ,牝,10,アドマイヤムーン,400,2024-11-14,300000,0,0,0.0,https://auction.keiba.rakuten.co.jp/item/13372,,○
567,ジェイエルケープ,牝,3,ゴールドドリーム,392,2025-08-17,300000,0,0,0.0,https://auction.keiba.rakuten.co.jp/item/14705,筋肉痛,
830,トリディマイト,牡,3,ダノンレジェンド,454,2025-09-14,300000,1480000,0,-493.3,https://auction.keiba.rakuten.co.jp/item/14977,跛行 / 骨折 / 骨瘤,
2492,サンバデルンバ,牝,5,キズナ,400,,300000,0,0,0.0,https://auction.keiba.rakuten.co.jp/item/15245,さく癖 / 骨折,○
386,ダイユウブルー,牝,3,サートゥルナーリア,400,2025-07-24,300000,0,331000,110.3,https://auction.keiba.rakuten.co.jp/item/14522,旋回癖 / 骨折,
1041,ベラジオコクオウ,セ,4,ホッコータルマエ,491,2025-05-25,300000,3340000,0,-1113.3,https://auction.keiba.rakuten.co.jp/item/14191,蟻洞,
417,ラストチケット,牡,7,フレンチデピュティ,514,2025-07-24,300000,8725000,8725000,0.0,https://auction.keiba.rakuten.co.jp/item/14553,,
2287,モンテイゾラ,セ,4,イスラボニータ,475,2024-12-05,300000,7320000,0,-2440.0,https://auction.keiba.rakuten.co.jp/item/13457,喉鳴り / 喘鳴症 / 疝痛 / 肺出血,
529,シマエナガ,牝,3,リオンディーズ,418,2025-08-14,300000,0,0,0.0,https://auction.keiba.rakuten.co.jp/item/14667,,
2059,クリノゴールド,牝,5,ドゥラメンテ,443,2024-10-24,300000,620000,0,-206.7,https://auction.keiba.rakuten.co.jp/item/13226,骨折,
2176,ディアマンディ,牝,2,ダノンバラード,360,2024-11-14,300000,0,0,0.0,https://auction.keiba.rakuten.co.jp/item/13344,,
1369,クリノサンシャイン,牝,7,ベーカバド,458,2024-12-19,300000,14720000,0,-4906.7,https://auction.keiba.rakuten.co.jp/item/13524,,
270,リックウインド,牝,2,ロゴタイプ,420,2025-09-18,300000,0,0,0.0,https://auction.keiba.rakuten.co.jp/item/15011,裂傷,
363,エイシンイビサ,牝,2,イスラボニータ,466,2025-10-05,300000,0,0,0.0,https://auction.keiba.rakuten.co.jp/item/15106,,
698,フォルテカリーナ,牝,2,フィレンツェファイア,420,2025-08-28,300000,0,0,0.0,https://auction.keiba.rakuten.co.jp/item/14843,跛行 / 骨折,
339,アルゴフィリオ,牝,3,フリオーソ,430,2025-10-02,300000,1754000,0,-584.7,https://auction.keiba.rakuten.co.jp/item/15082,,
2237,デイドリーミン,牝,6,シビルウォー,471,2024-11-21,300000,4843000,0,-1614.3,https://auction.keiba.rakuten.co.jp/item/13406,跛行,
583,テメノスの23,牝,2,カリフォルニアクローム,426,2025-08-21,2970000,0,0,0.0,https://auction.keiba.rakuten.co.jp/item/14722,,
2460,アーラグラシア,牝,4,レイデオロ,440,2026-01-08,2970000,9118000,0,-307.0,https://auction.keiba.rakuten.co.jp/item/15559,,
283,ワーキングアセット,牡,4,ジャスタウェイ,482,2025-09-18,2960000,19450000,0,-657.1,https://auction.keiba.rakuten.co.jp/item/15024,,
1905,エンジェルスノー,牝,3,サンダースノー,472,2024-09-26,2950000,9080000,0,-307.8,https://auction.keiba.rakuten.co.jp/item/13070,さく癖 / 擦過傷 / 腫脹,
1460,ノヴェルウェイ,牝,3,マジェスティックウォリアー,462,2025-01-16,2920000,2728000,0,-93.4,https://auction.keiba.rakuten.co.jp/item/13615,,
845,クロウソング,牝,3,ワールドエース,456,2025-09-18,2920000,1360000,0,-46.6,https://auction.keiba.rakuten.co.jp/item/14993,,
1769,クリノオーサム,牝,3,ドレフォン,472,2025-04-03,2910000,0,0,0.0,https://auction.keiba.rakuten.co.jp/item/13931,,
2488,プレインコート,牝,3,ロードカナロア,400,,2910000,0,0,0.0,https://auction.keiba.rakuten.co.jp/item/15241,,○
298,スターオブアダム,牡,2,ブラックタイド,496,2025-09-25,2900000,1100000,0,-37.9,https://auction.keiba.rakuten.co.jp/item/15041,,
2569,ルクストリッド,セ,4,サトノアラジン,462,2026-02-12,290000,0,0,0.0,https://auction.keiba.rakuten.co.jp/item/15656,,
2357,ミノリッチマイヤー,牝,3,シルバーステート,456,2025-12-25,290000,3520000,0,-1213.8,https://auction.keiba.rakuten.co.jp/item/15442,屈腱炎 / 鼻出血,
2178,ホエール,牡,2,カレンブラックヒル,451,2024-11-14,290000,250000,0,-86.2,https://auction.keiba.rakuten.co.jp/item/13346,,
355,ウインフェリーチェ,牝,6,スクリーンヒーロー,420,2025-10-02,290000,3626000,0,-1250.3,https://auction.keiba.rakuten.co.jp/item/15098,鼻出血,
2377,シシリアンフラッグ,牝,2,ゴールドシップ,388,2025-12-25,290000,0,0,0.0,https://auction.keiba.rakuten.co.jp/item/15471,喉鳴り,
1599,シャドウマッドネス,セ,6,オルフェーヴル,453,2025-02-20,2880000,20780000,0,-721.5,https://auction.keiba.rakuten.co.jp/item/13755,,
1226,ウエストコーストの23,牡,2,ヘニーヒューズ,499,2025-07-03,2830000,0,0,0.0,https://auction.keiba.rakuten.co.jp/item/14379,,
736,セラトーン,牡,3,Saxon Warrior,492,2025-09-04,2820000,2920000,0,-103.5,https://auction.keiba.rakuten.co.jp/item/14883,,
693,カルデライト,牝,3,ナダル,452,2025-08-28,2820000,5930000,0,-210.3,https://auction.keiba.rakuten.co.jp/item/14838,,
737,ルセルマンダムール,牡,3,アドマイヤマーズ,484,2025-09-04,2820000,4200000,0,-148.9,https://auction.keiba.rakuten.co.jp/item/14884,骨折 / 骨瘤,
301,タッチダウン,牝,3,アドマイヤムーン,444,2025-09-25,2810000,3060000,0,-108.9,https://auction.keiba.rakuten.co.jp/item/15044,,
576,ロジアヴァンセ,牡,3,ロジユニヴァース,496,2025-08-17,2800000,1400000,0,-50.0,https://auction.keiba.rakuten.co.jp/item/14714,,
750,トレポンティ,牝,4,オルフェーヴル,454,2025-09-04,2800000,3520000,0,-125.7,https://auction.keiba.rakuten.co.jp/item/14897,鼻出血,
2327,スカイノーヴァ,牝,10,ステイゴールド,400,2024-12-12,2800000,0,0,0.0,https://auction.keiba.rakuten.co.jp/item/13497,,○
2397,ヴェルダリオ,牡,3,ゴールドシップ,510,2025-12-25,280000,1000000,0,-357.1,https://auction.keiba.rakuten.co.jp/item/15491,屈腱炎,
82,グリニッジシチー,セ,9,エスポワールシチー,494,2025-11-13,280000,45659000,0,-16306.8,https://auction.keiba.rakuten.co.jp/item/15322,さく癖 / 裂蹄 / 跛行,
2372,ゲデヒトニス,牝,2,レイデオロ,446,2025-12-25,280000,0,0,0.0,https://auction.keiba.rakuten.co.jp/item/15460,骨折,
2366,スティールシャトル,牝,5,インカンテーション,469,2025-12-25,280000,14564000,0,-5201.4,https://auction.keiba.rakuten.co.jp/item/15463,挫跖 / 球節炎 / 骨折,
2333,ヨッシーステージ,牡,4,カリフォルニアクローム,480,2025-12-25,280000,1243000,0,-443.9,https://auction.keiba.rakuten.co.jp/item/15413,裂蹄,
2497,マイネルシーマー,牡,7,ゴールドシップ,476,2026-01-11,280000,38729000,0,-13831.8,https://auction.keiba.rakuten.co.jp/item/15562,DDSP / 炎症 / 蟻洞 / 跛行 / 骨折,
705,ラルンエベール,牝,4,サトノダイヤモンド,430,2025-08-28,280000,0,0,0.0,https://auction.keiba.rakuten.co.jp/item/14850,屈腱炎,○
1240,ゲッティン,牝,5,パイロ,490,2025-07-03,280000,1855000,0,-662.5,https://auction.keiba.rakuten.co.jp/item/14393,屈腱炎,
2434,コオリナラグーン,牝,3,ミッキーアイル,430,,2770000,6270000,6690000,15.2,https://auction.keiba.rakuten.co.jp/item/14757,,
684,クリプトス,牡,3,アメリカンペイトリオット,470,2025-08-28,2760000,1670000,0,-60.5,https://auction.keiba.rakuten.co.jp/item/14829,,
1282,バースフラワー,牝,3,ビッグアーサー,450,2025-07-10,2760000,5150000,0,-186.6,https://auction.keiba.rakuten.co.jp/item/14435,,
2037,クリノチョモラーリの22,牝,2,ベストウォーリア,440,2024-10-24,2750000,0,0,0.0,https://auction.keiba.rakuten.co.jp/item/13204,,
407,インマイブラッド,牝,3,モズアスコット,420,2025-07-24,2750000,3600000,0,-130.9,https://auction.keiba.rakuten.co.jp/item/14543,さく癖,
1401,ダイバリオン,牡,5,ジャスタウェイ,472,2024-12-26,2740000,50739000,0,-1851.8,https://auction.keiba.rakuten.co.jp/item/13556,,
1614,スパイウェア,牡,3,モーリス,458,2025-02-27,2730000,1550000,0,-56.8,https://auction.keiba.rakuten.co.jp/item/13770,骨膜炎,
2077,ナムラマイケル,牡,4,リアルスティール,436,2024-10-31,2730000,7372000,0,-270.0,https://auction.keiba.rakuten.co.jp/item/13244,,
1382,マイネルイヴィンス,セ,8,ジャングルポケット,511,2024-12-19,2730000,45045000,0,-1650.0,https://auction.keiba.rakuten.co.jp/item/13537,,
1340,イセベイ,牡,5,モーリス,465,2025-07-17,2730000,10695000,0,-391.8,https://auction.keiba.rakuten.co.jp/item/14495,,
735,アンティジャミーラ,牝,3,アルアイン,444,2025-09-04,2720000,2230000,0,-82.0,https://auction.keiba.rakuten.co.jp/item/14882,,
360,アウフヴィント,牝,3,ドレフォン,512,2025-10-05,2720000,3040000,0,-111.8,https://auction.keiba.rakuten.co.jp/item/15103,,
2605,アポロプラネット,牡,7,リオンディーズ,506,2026-02-19,2720000,36773000,0,-1351.9,https://auction.keiba.rakuten.co.jp/item/15693,,
111,バイルシュタイン,牡,3,ダンカーク,447,2025-11-20,2720000,3600000,0,-132.4,https://auction.keiba.rakuten.co.jp/item/15355,,
328,サブアトミック,牝,3,ニューイヤーズデイ,472,2025-10-02,2710000,8100000,0,-298.9,https://auction.keiba.rakuten.co.jp/item/15071,,
2621,ビッキーカンド ン,セ,3,パイロ,462,2026-02-26,2710000,840000,0,-31.0,https://auction.keiba.rakuten.co.jp/item/15714,,
2276,ウインアウォード,牡,5,スクリーンヒーロー,514,2024-12-05,2710000,32024000,0,-1181.7,https://auction.keiba.rakuten.co.jp/item/13446,骨折 / 骨片,
849,ハーレムシャフル,牡,3,ダノンレジェンド,442,2025-09-18,2710000,1390000,0,-51.3,https://auction.keiba.rakuten.co.jp/item/14997,,
481,ヘヴンリーゴール,牡,3,ロードカナロア,462,2025-08-07,2710000,0,0,0.0,https://auction.keiba.rakuten.co.jp/item/14617,,
2266,イグネイシャス,牡,2,サンダースノー,502,2024-12-05,270000,0,0,0.0,https://auction.keiba.rakuten.co.jp/item/13436,屈腱炎,
217,マンテーニャ,牡,7,ハタノヴァンクール,526,2025-10-16,270000,22381000,0,-8289.3,https://auction.keiba.rakuten.co.jp/item/15156,,
2455,メッチャハットリ,牝,4,アメリカンペイトリオット,457,2026-01-08,270000,1981000,0,-733.7,https://auction.keiba.rakuten.co.jp/item/15545,鼻出血,
2451,カリスティア,牝,4,カリフォルニアクローム,410,2026-01-08,270000,0,0,0.0,https://auction.keiba.rakuten.co.jp/item/15540,骨折,
1474,コデラエネ,牝,3,ディープブリランテ,478,2025-01-16,270000,0,0,0.0,https://auction.keiba.rakuten.co.jp/item/13629,OCD / ゆう癖 / 骨折 / 骨片,
2601,ピエナクレスコ,牡,5,クレスコグランド,470,2026-02-19,2670000,2160000,0,-80.9,https://auction.keiba.rakuten.co.jp/item/15689,,
1834,コスモブレイズ,牡,3,ウインブライト,494,2025-04-17,2670000,1800000,0,-67.4,https://auction.keiba.rakuten.co.jp/item/13998,腱鞘炎 / 骨瘤,
1962,クリノロンサール,牝,2,リアルインパクト,456,2024-10-10,2670000,0,0,0.0,https://auction.keiba.rakuten.co.jp/item/13128,,
54,コスモラパウィラ,牡,2,フォーウィールドライブ,464,2025-11-13,2640000,0,0,0.0,https://auction.keiba.rakuten.co.jp/item/15294,,
806,チェンジオブハート,牡,3,ハービンジャー,484,2025-09-11,2640000,5520000,0,-209.1,https://auction.keiba.rakuten.co.jp/item/14953,,
2229,インテンシーヴォ,牡,3,フリオーソ,484,2024-11-21,2630000,10290000,0,-391.3,https://auction.keiba.rakuten.co.jp/item/13398,,
1445,エコロルキナ,牝,3,モズアスコット,478,2025-01-16,2630000,0,0,0.0,https://auction.keiba.rakuten.co.jp/item/13600,,
801,アラモアナ,牡,3,ミッキーアイル,484,2025-09-11,2610000,3095000,0,-118.6,https://auction.keiba.rakuten.co.jp/item/14948,さく癖 / 骨折,
2603,ユイノコキュウ,牡,5,マジェスティックウォリアー,484,2026-02-19,2610000,8340000,0,-319.5,https://auction.keiba.rakuten.co.jp/item/15691,,
488,モメン,牝,3,ダノンレジェンド,454,2025-08-07,2610000,1650000,0,-63.2,https://auction.keiba.rakuten.co.jp/item/14624,骨折,
2296,スティルディマーレ,セ,4,ロードカナロア,520,2024-12-05,2610000,23300000,0,-892.7,https://auction.keiba.rakuten.co.jp/item/13466,,
502,ブリッグオドーン,牡,8,カジノドライヴ,500,2025-08-07,2600000,66425000,0,-2554.8,https://auction.keiba.rakuten.co.jp/item/14638,,
1346,グラティチュード,牡,2,ディスクリートキャット,440,2024-12-19,260000,0,0,0.0,https://auction.keiba.rakuten.co.jp/item/13501,骨折,
2204,プロフィトロール,牝,3,スプレティオラス,414,2024-11-14,260000,1973000,0,-758.8,https://auction.keiba.rakuten.co.jp/item/13373,,
1491,アイラシカ,牝,3,,401,2025-01-23,260000,0,0,0.0,https://auction.keiba.rakuten.co.jp/item/13646,,
982,フロルドラーダ,牝,3,ゴールドドリーム,486,2025-05-15,260000,0,0,0.0,https://auction.keiba.rakuten.co.jp/item/14131,骨折,
2555,ユメミルポリカ,牝,4,ゴールドドリーム,430,2026-02-08,260000,940000,0,-361.5,https://auction.keiba.rakuten.co.jp/item/15642,,
626,マヒート,牡,5,タリスマニック,490,2025-08-21,260000,4796000,0,-1844.6,https://auction.keiba.rakuten.co.jp/item/14767,,
2234,ウィンザーロア,牡,4,Frankel,476,2024-11-21,2590000,6650000,0,-256.8,https://auction.keiba.rakuten.co.jp/item/13403,,
962,ミステリオーソ,牡,8,パイロ,502,2025-05-08,2590000,103682000,0,-4003.2,https://auction.keiba.rakuten.co.jp/item/14111,挫跖,
81,アースライザー,セ,8,アイルハヴアナザー,504,2025-11-13,2580000,46556000,0,-1804.5,https://auction.keiba.rakuten.co.jp/item/15321,跛行,
1330,ブラックサウザー,牡,6,ダノンレジェンド,440,2025-07-17,2570000,16855000,0,-655.8,https://auction.keiba.rakuten.co.jp/item/14485,,
676,カピオラ,牝,3,フィエールマン,410,2025-08-28,2560000,720000,0,-28.1,https://auction.keiba.rakuten.co.jp/item/14821,,
468,アドベントシーズン,牡,3,サートゥルナーリア,430,2025-08-07,2560000,0,0,0.0,https://auction.keiba.rakuten.co.jp/item/14604,,
1306,レーベンヘルツ,牡,4,スワーヴリチャード,470,2025-07-13,2550000,10591000,0,-415.3,https://auction.keiba.rakuten.co.jp/item/14460,,
1837,ハワイアンアイコン,牡,3,ロードカナロア,500,2024-09-12,2550000,0,0,0.0,https://auction.keiba.rakuten.co.jp/item/13001,,
262,メイショウカジボウ,牡,3,ホッコータルマエ,454,2025-09-18,2540000,3350000,0,-131.9,https://auction.keiba.rakuten.co.jp/item/15003,,
732,フェアーメロディ,牝,3,ミスターメロディ,430,2025-09-04,2530000,1680000,0,-66.4,https://auction.keiba.rakuten.co.jp/item/14879,,
1906,ハットリ,牡,4,リアルスティール,512,2024-09-26,2520000,800000,0,-31.7,https://auction.keiba.rakuten.co.jp/item/13071,,
331,ショウサンキズナ,牡,6,キズナ,526,2025-10-02,2520000,35273000,0,-1399.7,https://auction.keiba.rakuten.co.jp/item/15074,,
2626,トラジェクトワール,牡,5,モーリス,498,2026-02-26,2510000,7420000,0,-295.6,https://auction.keiba.rakuten.co.jp/item/15731,骨折,
2465,ソッコータルマカ,セ,6,ホッコータルマエ,523,2026-01-08,2510000,24720000,0,-984.9,https://auction.keiba.rakuten.co.jp/item/15556,,
1592,エヴィダンシア,牡,6,ドゥラメンテ,494,2025-02-20,2510000,25932000,0,-1033.1,https://auction.keiba.rakuten.co.jp/item/13748,DDSP,
368,マイネルラカイユ,牡,3,ジャスタウェイ,488,2025-07-20,2510000,3870000,0,-154.2,https://auction.keiba.rakuten.co.jp/item/14503,,
805,アリアルブラック,牡,3,ロゴタイプ,490,2025-09-11,2510000,5120000,0,-204.0,https://auction.keiba.rakuten.co.jp/item/14952,,
679,タンタンドル,牝,3,イスラボニータ,472,2025-08-28,2510000,840000,0,-33.5,https://auction.keiba.rakuten.co.jp/item/14824,OCD / 骨折 / 骨瘤 / 鼻出血,
2600,ラミントン,牝,4,キタサンブラック,504,2026-02-19,2510000,560000,0,-22.3,https://auction.keiba.rakuten.co.jp/item/15688,骨折 / 骨片,
2269,キャンディレイ,牝,3,ハービンジャー,508,2024-12-05,2510000,3850000,0,-153.4,https://auction.keiba.rakuten.co.jp/item/13439,骨折 / 骨片,
2104,プテリュクス,牝,8,スマートファルコン,400,2024-10-31,2500000,0,0,0.0,https://auction.keiba.rakuten.co.jp/item/13271,蹄葉炎,○
1657,ブルーアロー,牡,6,シビルウォー,468,2025-03-06,2500000,20431000,0,-817.2,https://auction.keiba.rakuten.co.jp/item/13817,疝痛,
1581,ローデッドの23,牝,2,サンダースノー,438,2025-02-20,2500000,0,0,0.0,https://auction.keiba.rakuten.co.jp/item/13737,OCD / 骨片,
1034,トーワフォーエバーの23,牡,2,ビーチパトロール,404,2025-05-22,2500000,0,0,0.0,https://auction.keiba.rakuten.co.jp/item/14184,,
1006,ルミナスフラックス,セ,6,ドレフォン,486,2025-05-18,2500000,6936000,0,-277.4,https://auction.keiba.rakuten.co.jp/item/14155,,
919,コスモグリッター,牡,3,ウインブライト,520,2025-04-27,250000,1685000,0,-674.0,https://auction.keiba.rakuten.co.jp/item/14067,屈腱炎,
314,ディアイライザ,牝,3,ノヴェリスト,420,2025-09-25,250000,2000000,0,-800.0,https://auction.keiba.rakuten.co.jp/item/15057,ゆう癖 / 屈腱炎,
112,アサクサマイヒメ,牝,4,リオンディーズ,461,2025-11-20,250000,1830000,0,-732.0,https://auction.keiba.rakuten.co.jp/item/15356,,
1410,アイアンレディ,牝,5,エスポワールシチー,516,2024-12-26,250000,4278000,0,-1711.2,https://auction.keiba.rakuten.co.jp/item/13565,,
1197,シフグナーデ,牝,3,ゴールドシップ,420,2025-06-26,250000,0,0,0.0,https://auction.keiba.rakuten.co.jp/item/14350,跛行,
1725,オハナフリューゲル,牝,3,シルバーステート,418,2025-03-27,250000,0,0,0.0,https://auction.keiba.rakuten.co.jp/item/13887,骨折,
1353,バーニングメモリー,牝,2,エイシンフラッシュ,462,2024-12-19,250000,0,0,0.0,https://auction.keiba.rakuten.co.jp/item/13508,骨折 / 骨片,
118,ベネディクティオ,牡,3,ミッキーアイル,525,2025-11-23,250000,420000,0,-168.0,https://auction.keiba.rakuten.co.jp/item/15362,屈腱炎 / 跛行,
354,バージュアルアラブ,牝,5,キズナ,520,2025-10-02,250000,0,0,0.0,https://auction.keiba.rakuten.co.jp/item/15097,,○
1007,コスモフルール,牝,3,コパノリッキー,464,2025-05-18,250000,3050000,0,-1220.0,https://auction.keiba.rakuten.co.jp/item/14156,炎症,
1348,シュトレームング,牝,2,ゴールドシップ,358,2024-12-19,250000,0,0,0.0,https://auction.keiba.rakuten.co.jp/item/13503,骨瘤,
692,メイショウマサツラ,牡,3,ミッキーアイル,502,2025-08-28,2490000,4440000,0,-178.3,https://auction.keiba.rakuten.co.jp/item/14837,,
963,ボンディマンシュ,セ,9,ロードカナロア,513,2025-05-08,2490000,96845000,0,-3889.4,https://auction.keiba.rakuten.co.jp/item/14112,骨折 / 骨片,
1642,ナムラカミカゼ,牡,8,キズナ,502,2025-03-06,2480000,54101000,0,-2181.5,https://auction.keiba.rakuten.co.jp/item/13800,屈腱炎 / 骨折,
2388,メイショウホウセン,牡,5,ホッコータルマエ,512,2025-12-25,2480000,12515000,0,-504.6,https://auction.keiba.rakuten.co.jp/item/15482,,
1103,ゴンザーゴ,牡,4,ブリックスアンドモルタル,470,2025-06-05,2470000,9230000,0,-373.7,https://auction.keiba.rakuten.co.jp/item/14254,挫跖 / 跛行,
987,ロンデシャッセ,牡,3,パイロ,444,2025-05-15,2470000,720000,0,-29.1,https://auction.keiba.rakuten.co.jp/item/14136,,
1255,ハッピーダンス,牝,4,イスラボニータ,466,2025-07-06,2470000,19830000,0,-802.8,https://auction.keiba.rakuten.co.jp/item/14408,,
643,ジーティートゥルー,牡,3,ニューイヤーズデイ,450,2025-08-24,2460000,9570000,0,-389.0,https://auction.keiba.rakuten.co.jp/item/14786,,
1005,マルチライセンス,セ,4,ブリックスアンドモルタル,456,2025-05-18,2450000,9730000,0,-397.1,https://auction.keiba.rakuten.co.jp/item/14154,,
1031,ウインレゼルヴ,牡,8,ロージズインメイ,502,2025-05-22,2450000,34250000,0,-1398.0,https://auction.keiba.rakuten.co.jp/item/14181,,
2624,ワイドリューレント,牝,4,リアルスティール,428,2026-02-26,2450000,6680000,0,-272.7,https://auction.keiba.rakuten.co.jp/item/15717,脚部不安 / 骨瘤,
1281,モズアンドモズ,牝,3,モズアスコット,436,2025-07-10,2450000,2230000,0,-91.0,https://auction.keiba.rakuten.co.jp/item/14434,,
316,スカンジナビア,牝,6,カレンブラックヒル,484,2025-09-28,2440000,37600000,0,-1541.0,https://auction.keiba.rakuten.co.jp/item/15059,,
180,ショウナンアトレ,牡,3,ショウナンバッハ,454,2025-10-09,2440000,13010000,14510000,61.5,https://auction.keiba.rakuten.co.jp/item/15119,,
1559,ドナアフロディテ,牝,4,ドレフォン,464,2025-02-13,2430000,1650000,0,-67.9,https://auction.keiba.rakuten.co.jp/item/13715,,
493,シュガーコルト,セ,6,ヘニーヒューズ,512,2025-08-07,2420000,49902000,0,-2062.1,https://auction.keiba.rakuten.co.jp/item/14629,さく癖 / 骨瘤,
1833,イグニススピリタス,牝,3,パイロ,480,2025-04-17,2420000,1560000,0,-64.5,https://auction.keiba.rakuten.co.jp/item/13997,鼻出血,
1137,エイシンラセーヌ,牝,3,ミスターメロディ,456,2025-06-12,2420000,2752000,0,-113.7,https://auction.keiba.rakuten.co.jp/item/14289,,
851,メイショウセオト,牝,3,デクラレーションオブウォー,462,2025-09-18,2420000,1940000,0,-80.2,https://auction.keiba.rakuten.co.jp/item/14999,,
804,アッケシ,牡,3,Blue Point,456,2025-09-11,2420000,4580000,0,-189.3,https://auction.keiba.rakuten.co.jp/item/14951,裂傷,
76,パールペンダント,牝,3,ルーラーシップ,454,2025-11-13,2410000,5884000,0,-244.1,https://auction.keiba.rakuten.co.jp/item/15315,,
1800,エナジーグラン,牡,6,ジャングルポケット,475,2025-04-06,2410000,62826000,0,-2606.9,https://auction.keiba.rakuten.co.jp/item/13963,,
2350,ブーバー,牝,5,ロゴタイプ,430,2025-12-25,2410000,23040000,0,-956.0,https://auction.keiba.rakuten.co.jp/item/15430,,
1267,シティオブロンドン,牡,3,タワーオブロンドン,522,2025-07-10,2410000,0,0,0.0,https://auction.keiba.rakuten.co.jp/item/14420,さく癖,
1194,ココリハクタク,牡,3,タワーオブロンドン,458,2025-06-26,2400000,0,0,0.0,https://auction.keiba.rakuten.co.jp/item/14347,,
2339,ソウルサヴァイヴ,牡,2,ロジャーバローズ,480,2025-12-25,240000,0,0,0.0,https://auction.keiba.rakuten.co.jp/item/15420,屈腱炎,
1759,マイソラ,牝,4,カリフォルニアクローム,400,2025-03-27,240000,0,0,0.0,https://auction.keiba.rakuten.co.jp/item/13921,鼻出血,○
107,ネオシャングリラ,牡,3,ラニ,461,2025-11-20,240000,2054000,0,-855.8,https://auction.keiba.rakuten.co.jp/item/15350,さく癖 / 球節炎,
2005,エイシンサバイバー,牡,2,ビッグアーサー,455,2024-10-17,240000,400000,0,-166.7,https://auction.keiba.rakuten.co.jp/item/13172,,
918,ポンテニオ,牝,5,ゴールドシップ,488,2025-04-27,240000,5500000,0,-2291.7,https://auction.keiba.rakuten.co.jp/item/14066,炎症 / 骨折,
1408,ウィズアットダンス,牝,4,マツリダゴッホ,408,2024-12-26,240000,4400000,0,-1833.3,https://auction.keiba.rakuten.co.jp/item/13563,跛行 / 骨折 / 骨片,
1795,ピュアバブル,牝,4,アメリカンペイトリオット,447,2025-04-06,240000,56000,0,-23.3,https://auction.keiba.rakuten.co.jp/item/13958,鼻出血,
1598,ブラッドライン,牡,6,ローレルゲレイロ,485,2025-02-20,2380000,10405000,0,-437.2,https://auction.keiba.rakuten.co.jp/item/13754,DDSP,
261,ホースワン,牡,3,モーリス,504,2025-09-18,2370000,2760000,0,-116.5,https://auction.keiba.rakuten.co.jp/item/15002,,
575,ウィットビーアビー,牡,3,キズナ,492,2025-08-17,2360000,1100000,0,-46.6,https://auction.keiba.rakuten.co.jp/item/14713,打撲 / 腱鞘炎 / 骨瘤,
218,オークハンプトン,牡,7,ネオユニヴァース,487,2025-10-16,2360000,37665000,0,-1596.0,https://auction.keiba.rakuten.co.jp/item/15157,骨瘤,
998,フリーウィーリング,牡,5,War Front,542,2025-05-15,2340000,16900000,0,-722.2,https://auction.keiba.rakuten.co.jp/item/14147,繋靭帯炎,
2529,マスキュラー,牡,3,トゥザワールド,476,2026-02-05,2330000,4140000,4140000,0.0,https://auction.keiba.rakuten.co.jp/item/15621,さく癖,
1257,モズホンマデッカ,牝,2,モズアスコット,408,2025-07-06,2310000,70000,0,-3.0,https://auction.keiba.rakuten.co.jp/item/14410,,
506,ヴィヒタ,牡,2,タワーオブロンドン,430,2025-08-10,2310000,750000,0,-32.5,https://auction.keiba.rakuten.co.jp/item/14643,,
263,メイショウヨンク,牡,3,メイショウボーラー,454,2025-09-18,2310000,3500000,0,-151.5,https://auction.keiba.rakuten.co.jp/item/15004,,
854,ツウカイリアル,牡,5,ホッコータルマエ,500,2025-04-17,2310000,45566000,0,-1972.6,https://auction.keiba.rakuten.co.jp/item/14002,骨折,
2622,ベアコルム,牝,3,ミスターメロディ,424,2026-02-26,2310000,2550000,0,-110.4,https://auction.keiba.rakuten.co.jp/item/15715,,
1241,アッティラ,牡,5,ジャスタウェイ,448,2025-07-03,2310000,28810000,0,-1247.2,https://auction.keiba.rakuten.co.jp/item/14394,,
2221,ラグーン,牝,2,ミッキーアイル,452,2024-11-21,2310000,3870000,0,-167.5,https://auction.keiba.rakuten.co.jp/item/13390,,
2544,グランドサッチャー,牝,13,ダイワメジャー,,2026-02-05,230000,0,0,0.0,https://auction.keiba.rakuten.co.jp/item/15636,,○
659,フェブルアーリア,牡,3,サートゥルナーリア,462,2025-08-28,230000,0,0,0.0,https://auction.keiba.rakuten.co.jp/item/14802,骨折,
2328,ルージュオニキス,牝,3,サトノアラジン,478,2024-12-12,230000,764000,0,-332.2,https://auction.keiba.rakuten.co.jp/item/13498,炎症 / 肺出血 / 鼻出血,
2402,ヴェヌーセ,牝,4,ミッキーグローリー,490,2025-12-25,230000,2711000,0,-1178.7,https://auction.keiba.rakuten.co.jp/item/15496,鼻出血,
2452,ノーブルアイル,牝,4,ミッキーアイル,425,2026-01-08,230000,550000,0,-239.1,https://auction.keiba.rakuten.co.jp/item/15542,,
2635,アユ,牝,6,シニスターミニスター,,2026-02-26,230000,3100000,0,-1347.8,https://auction.keiba.rakuten.co.jp/item/15730,骨膜炎,○
273,ゴールデンリープ,牝,4,オルフェーヴル,386,2025-09-18,230000,928000,0,-403.5,https://auction.keiba.rakuten.co.jp/item/15014,骨折,
15250,アイクルムズ,牝,2,ディーマジェスティ,430,2025-11-02,230000,0,0,0.0,https://auction.keiba.rakuten.co.jp/item/15250,DDSP / 骨折,
1361,アシセバイラ,牝,3,マインドユアビスケッツ,490,2024-12-19,2290000,6570000,0,-286.9,https://auction.keiba.rakuten.co.jp/item/13516,,
445,タカミノガコイ,牡,3,ルーラーシップ,520,2025-07-31,2280000,930000,0,-40.8,https://auction.keiba.rakuten.co.jp/item/14581,,
33,ウォーハンマー,牡,5,リアルインパクト,496,2025-11-06,2270000,6650000,7700000,46.3,https://auction.keiba.rakuten.co.jp/item/15267,跛行 / 骨折 / 骨片,
713,シルクディヴェール,牝,3,フィエールマン,441,2025-08-31,2270000,175000,0,-7.7,https://auction.keiba.rakuten.co.jp/item/14858,骨瘤,
56,バヤシーフェイス,牡,3,タワーオブロンドン,538,2025-11-13,2270000,3260000,0,-143.6,https://auction.keiba.rakuten.co.jp/item/15296,骨折,
2329,フレジエの23,牡,1,ダノンスマッシュ,461,2024-12-19,2260000,0,0,0.0,https://auction.keiba.rakuten.co.jp/item/13499,,
537,ブランクシート,牡,3,ディスクリートキャット,452,2025-08-14,2260000,0,0,0.0,https://auction.keiba.rakuten.co.jp/item/14675,繋靭帯炎 / 骨瘤,
1477,インディーフィルム,牝,3,サンダースノー,460,2025-01-23,2260000,0,0,0.0,https://auction.keiba.rakuten.co.jp/item/13632,,
329,マイネルトゥルネー,牡,4,ロージズインメイ,500,2025-10-02,2250000,3460000,0,-153.8,https://auction.keiba.rakuten.co.jp/item/15072,DDSP / 喘鳴症 / 骨瘤,
400,スターアイズ,牝,3,ルヴァンスレーヴ,440,2025-07-24,2240000,1100000,0,-49.1,https://auction.keiba.rakuten.co.jp/item/14536,さく癖,
687,スイートグルーヴ,牝,3,ルーラーシップ,446,2025-08-28,2240000,2500000,0,-111.6,https://auction.keiba.rakuten.co.jp/item/14832,骨折,
788,バレアレス,牡,3,ナダル,514,2025-09-11,2230000,0,0,0.0,https://auction.keiba.rakuten.co.jp/item/14935,,
1012,コスモグッドラック,牡,3,ウインブライト,498,2025-05-22,2230000,0,0,0.0,https://auction.keiba.rakuten.co.jp/item/14161,疝痛,
775,レディオンステージ,牝,3,エピファネイア,498,2025-09-07,2230000,6770000,0,-303.6,https://auction.keiba.rakuten.co.jp/item/14922,,
2297,ベアドリーム,牡,1,リアルインパクト,455,2024-12-12,2230000,0,0,0.0,https://auction.keiba.rakuten.co.jp/item/13467,さく癖,
1296,ゼンダンノハゲミ,牡,4,モーニン,482,2025-07-10,2230000,8365000,0,-375.1,https://auction.keiba.rakuten.co.jp/item/14450,鼻出血,
1536,ドナヴィーナス,牝,4,スワーヴリチャード,456,2025-02-06,2220000,15537000,0,-699.9,https://auction.keiba.rakuten.co.jp/item/13691,,
1562,オランジー,牝,5,ドレフォン,463,2025-02-13,2220000,9105000,0,-410.1,https://auction.keiba.rakuten.co.jp/item/13718,骨折,
893,カレンマウラー,牡,4,シュヴァルグラン,466,2025-04-24,2220000,7300000,0,-328.8,https://auction.keiba.rakuten.co.jp/item/14041,,
486,ハプスブルグ,牝,3,ハービンジャー,482,2025-08-07,2220000,1465000,0,-66.0,https://auction.keiba.rakuten.co.jp/item/14622,骨折,
1326,カイトベルク,牡,3,ホッコータルマエ,536,2025-07-17,2210000,1780000,0,-80.5,https://auction.keiba.rakuten.co.jp/item/14481,旋回癖 / 骨折 / 骨片,
144,シックザイン,牡,6,マジェスティックウォリアー,482,2025-11-27,2210000,20610000,0,-932.6,https://auction.keiba.rakuten.co.jp/item/15372,さく癖 / ゆう癖,
1613,ニューウォーク,牝,3,ニューイヤーズデイ,450,2025-02-27,2210000,1400000,0,-63.3,https://auction.keiba.rakuten.co.jp/item/13769,骨瘤,
2177,ゴールデンスキーム,牡,2,ゴールドドリーム,456,2024-11-14,2210000,140000,0,-6.3,https://auction.keiba.rakuten.co.jp/item/13345,,
1735,クヴェレ,牡,4,アルアイン,450,2025-03-27,2200000,4600000,0,-209.1,https://auction.keiba.rakuten.co.jp/item/13897,,
1637,カナオールウェイズ,牡,5,ロードカナロア,494,2025-03-06,2200000,20230000,0,-919.5,https://auction.keiba.rakuten.co.jp/item/13795,,
2326,ウエスタンランポ,牝,8,ベーカバド,400,2024-12-12,2200000,0,0,0.0,https://auction.keiba.rakuten.co.jp/item/13496,,○
1286,コーパスクリスティ,牡,5,エピファネイア,476,2025-07-10,2200000,17440000,0,-792.7,https://auction.keiba.rakuten.co.jp/item/14440,肺出血,
2123,ギャラントエルフ,セ,3,ディーマジェスティ,431,2024-11-07,220000,56000,0,-25.5,https://auction.keiba.rakuten.co.jp/item/13291,鼻出血,
810,プラクシテレス,セ,3,ゴールドドリーム,446,2025-09-11,220000,0,0,0.0,https://auction.keiba.rakuten.co.jp/item/14957,,
2564,コスモエレジー,牝,3,ダノンバラード,390,2026-02-12,220000,0,0,0.0,https://auction.keiba.rakuten.co.jp/item/15651,旋回癖,
423,ウインエンデバー,牡,3,マクフィ,456,2025-07-27,220000,136000,0,-61.8,https://auction.keiba.rakuten.co.jp/item/14559,跛行 / 骨折,
1293,ナムラブリジット,牝,4,アニマルキングダム,497,2025-07-10,220000,1122000,0,-510.0,https://auction.keiba.rakuten.co.jp/item/14447,ゆう癖 / 繋靭帯炎 / 蟻洞,
604,セイルフリー,牡,3,ドレフォン,484,2025-08-21,2190000,720000,0,-32.9,https://auction.keiba.rakuten.co.jp/item/14743,炎症 / 跛行,
619,ドラゴンラック,牡,3,カリフォルニアクローム,440,2025-08-21,2190000,840000,0,-38.4,https://auction.keiba.rakuten.co.jp/item/14760,,
843,メイショウヨリキリ,牡,3,ゴールドシップ,466,2025-09-18,2190000,0,0,0.0,https://auction.keiba.rakuten.co.jp/item/14991,,
663,メイショウフソウ,牡,3,メイショウサムソン,498,2025-08-28,2190000,0,0,0.0,https://auction.keiba.rakuten.co.jp/item/14807,,
1866,クリノクルミチャンの22,牡,2,カレンブラックヒル,468,2024-09-19,2190000,0,0,0.0,https://auction.keiba.rakuten.co.jp/item/13030,,
2524,キーチデッドミラー,牡,3,ダノンレジェンド,456,2026-02-05,2180000,0,90000,4.1,https://auction.keiba.rakuten.co.jp/item/15616,,
1764,ダイヤモンドピラー,牡,3,サートゥルナーリア,490,2025-03-30,2170000,0,0,0.0,https://auction.keiba.rakuten.co.jp/item/13926,,
1571,ソングライター,牡,4,パイロ,496,2025-02-13,2160000,550000,0,-25.5,https://auction.keiba.rakuten.co.jp/item/13727,裂蹄 / 跛行 / 骨折,
2502,ミスティブルー,牡,4,ブリックスアンドモルタル,482,2026-01-15,2160000,0,0,0.0,https://auction.keiba.rakuten.co.jp/item/15567,OCD / ボーンシスト,
449,デルタウェーブ,牝,3,リオンディーズ,456,2025-07-31,2160000,3730000,0,-172.7,https://auction.keiba.rakuten.co.jp/item/14585,脚部不安,
2330,バレル,牡,6,シルバーステート,490,2025-12-25,2150000,18990000,0,-883.3,https://auction.keiba.rakuten.co.jp/item/15410,跛行,
77,ビッグデイメイク,牝,3,リアルスティール,429,2025-11-13,2140000,14245000,0,-665.7,https://auction.keiba.rakuten.co.jp/item/15316,脚部不安,
1737,アブストゥルース(IRE),牡,5,Churchill,500,2025-03-27,2140000,0,0,0.0,https://auction.keiba.rakuten.co.jp/item/13899,跛行 / 骨折,
597,ミスティカルボンド,牝,3,キズナ,466,2025-08-21,2130000,0,0,0.0,https://auction.keiba.rakuten.co.jp/item/14736,骨折 / 骨片 / 骨瘤,
483,ロッツオブプランズ,牝,3,ブリックスアンドモルタル,482,2025-08-07,2130000,0,0,0.0,https://auction.keiba.rakuten.co.jp/item/14619,OCD,
1526,コパノスタンリー,牝,5,コパノリッキー,489,2025-01-30,2120000,10440000,0,-492.5,https://auction.keiba.rakuten.co.jp/item/13681,,
2537,グランジュール,牝,5,ヤングマンパワー,481,2026-02-05,2120000,15410000,15410000,0.0,https://auction.keiba.rakuten.co.jp/item/15629,,
264,メイショウアイク,牡,3,パイロ,504,2025-09-18,2120000,4036000,0,-190.4,https://auction.keiba.rakuten.co.jp/item/15005,,
34,パルメリータ,牝,5,スクリーンヒーロー,500,2025-11-06,2120000,13400000,13790000,18.4,https://auction.keiba.rakuten.co.jp/item/15268,ゆう癖 / 骨折,
15251,ベント,セ,4,カリフォルニアクローム,430,2025-11-02,2120000,11258000,0,-531.0,https://auction.keiba.rakuten.co.jp/item/15251,ゆう癖,
226,スリーバンカーズ,牡,2,モズアスコット,468,2025-10-19,2110000,1788000,0,-84.7,https://auction.keiba.rakuten.co.jp/item/15165,,
1961,クリノセイレーン,牝,2,リーチザクラウン,490,2024-10-10,2110000,0,0,0.0,https://auction.keiba.rakuten.co.jp/item/13127,,
2346,オブラマエストラ,牡,3,レイデオロ,434,2025-12-25,2110000,1940000,0,-91.9,https://auction.keiba.rakuten.co.jp/item/15426,ゆう癖 / 骨片 / 骨瘤,
1440,エイシンギアアップ,牡,7,エイシンフラッシュ,502,2025-01-09,2110000,60290000,0,-2857.3,https://auction.keiba.rakuten.co.jp/item/13595,,
1700,マウリノ,牡,4,レイデオロ,462,2025-03-20,2110000,1788000,0,-84.7,https://auction.keiba.rakuten.co.jp/item/13860,,
443,カズナリ,牡,3,ディーマジェスティ,490,2025-07-31,2109000,840000,0,-39.8,https://auction.keiba.rakuten.co.jp/item/14579,,
20,エルバステラ,牝,3,ナダル,499,2025-10-26,2100000,8350000,0,-397.6,https://auction.keiba.rakuten.co.jp/item/15202,DDSP / コズミ,
1436,コスモインシスト,牡,4,ダノンバラード,437,2025-01-09,210000,4610000,0,-2195.2,https://auction.keiba.rakuten.co.jp/item/13591,,
972,ヴィアツァ,牝,3,ダノンバラード,404,2025-05-15,210000,0,0,0.0,https://auction.keiba.rakuten.co.jp/item/14121,,
1423,マイネルジャッカル,牡,7,トーホウジャッカル,478,2025-01-09,210000,32413000,0,-15434.8,https://auction.keiba.rakuten.co.jp/item/13578,屈腱炎 / 打撲 / 炎症 / 骨折 / 骨瘤,
62,アマゴゼン,牝,2,ミッキーグローリー,490,2025-11-13,210000,0,0,0.0,https://auction.keiba.rakuten.co.jp/item/15301,,
2086,ゴットウィリング,牝,2,フリオーソ,399,2024-10-31,210000,193000,0,-91.9,https://auction.keiba.rakuten.co.jp/item/13253,皮膚炎,
960,リオンラファール,セ,6,リオンディーズ,531,2025-05-08,210000,15850000,0,-7547.6,https://auction.keiba.rakuten.co.jp/item/14109,挫跖 / 蟻洞 / 骨折,
86,ブラックビート,牡,3,バゴ,468,2025-11-16,210000,140000,0,-66.7,https://auction.keiba.rakuten.co.jp/item/15327,跛行,
2347,チリーゴールド,牝,3,オルフェーヴル,422,2025-12-25,2080000,2240000,0,-107.7,https://auction.keiba.rakuten.co.jp/item/15427,OCD / 骨折,
1475,エンポリオ,牡,3,リオンディーズ,493,2025-01-23,2080000,0,0,0.0,https://auction.keiba.rakuten.co.jp/item/13630,脚部不安 / 跛行,
181,エアグリフォン,牡,5,Air Force Blue,540,2025-10-09,2080000,5160000,5371000,10.1,https://auction.keiba.rakuten.co.jp/item/15120,,
2618,ボンヴィアッジョ,牝,3,エスポワールシチー,492,2026-02-26,2070000,0,0,0.0,https://auction.keiba.rakuten.co.jp/item/15711,DDSP,
1328,ヒタムキ,牝,3,サトノアラジン,432,2025-07-17,2060000,2500000,0,-121.4,https://auction.keiba.rakuten.co.jp/item/14483,,
896,バンドネオン,セ,5,バンドワゴン,518,2025-04-24,2060000,3400000,0,-165.0,https://auction.keiba.rakuten.co.jp/item/14044,脚部不安 / 骨折,
802,トロワヴァレー,牡,3,アルアイン,476,2025-09-11,2060000,4300000,0,-208.7,https://auction.keiba.rakuten.co.jp/item/14949,,
2274,ユイノオトコヤマ,牡,4,メイショウサムソン,472,2024-12-05,2050000,17530000,0,-855.1,https://auction.keiba.rakuten.co.jp/item/13444,,
408,アレグランサ,牡,3,イスラボニータ,482,2025-07-24,2040000,4040000,5585000,75.7,https://auction.keiba.rakuten.co.jp/item/14544,,
432,サンダーエフェクト,牡,3,サンダースノー,446,2025-07-31,2040000,0,0,0.0,https://auction.keiba.rakuten.co.jp/item/14568,蟻洞,
1797,アンティシパル,牡,4,ニューイヤーズデイ,475,2025-04-06,2030000,3610000,0,-177.8,https://auction.keiba.rakuten.co.jp/item/13960,,
1170,ジョリーロジャー,牡,4,ロジャーバローズ,552,2025-06-19,2030000,5380000,0,-265.0,https://auction.keiba.rakuten.co.jp/item/14323,屈腱炎 / 骨瘤,
464,イダイ,牡,3,アドマイヤマーズ,456,2025-08-03,2030000,840000,0,-41.4,https://auction.keiba.rakuten.co.jp/item/14600,,
1743,モズミツボシ,牡,6,グランプリボス,528,2025-03-27,2030000,19510000,0,-961.1,https://auction.keiba.rakuten.co.jp/item/13905,,
1234,アラック,セ,3,サトノアラジン,440,2025-07-03,2030000,840000,0,-41.4,https://auction.keiba.rakuten.co.jp/item/14387,,
594,セシアンベリル,牝,3,サートゥルナーリア,434,2025-08-21,2030000,0,0,0.0,https://auction.keiba.rakuten.co.jp/item/14733,,
1934,オトヒメⅡの24,牡,,マジェスティックウォリアー,400,2024-10-03,2030000,0,0,0.0,https://auction.keiba.rakuten.co.jp/item/13099,,
2058,キングオブザナイル,牡,4,マインドユアビスケッツ,490,2024-10-24,2030000,26785000,0,-1319.5,https://auction.keiba.rakuten.co.jp/item/13225,,
1285,ジーゲル,セ,4,ブリックスアンドモルタル,408,2025-07-10,2030000,18576000,0,-915.1,https://auction.keiba.rakuten.co.jp/item/14439,さく癖 / 骨瘤,
2147,ライトニングブルー,牝,4,ホッコータルマエ,467,2024-11-07,2030000,13578000,0,-668.9,https://auction.keiba.rakuten.co.jp/item/13315,,
1487,ササヤキ,セ,5,アドマイヤムーン,504,2025-01-23,2030000,19400000,0,-955.7,https://auction.keiba.rakuten.co.jp/item/13642,,
1370,キングダムウイナー,牡,7,ディープインパクト,498,2024-12-19,2030000,37910000,0,-1867.5,https://auction.keiba.rakuten.co.jp/item/13525,骨折,
513,ダイゴセイリュウ,牡,3,アドミラブル,478,2025-08-10,2030000,1800000,0,-88.7,https://auction.keiba.rakuten.co.jp/item/14650,,
1560,ベストディシジョン,セ,4,ダイワメジャー,494,2025-02-13,2030000,4375000,0,-215.5,https://auction.keiba.rakuten.co.jp/item/13716,跛行 / 骨折 / 骨片,
668,メモリードライブ,牡,3,フォーウィールドライブ,520,2025-08-28,2030000,210000,0,-10.3,https://auction.keiba.rakuten.co.jp/item/14812,OCD / 骨瘤,
1359,レネガード,牡,2,ゴールドシップ,478,2024-12-19,2020000,0,0,0.0,https://auction.keiba.rakuten.co.jp/item/13514,OCD,
2342,コスモギオン,牡,2,ゴールドシップ,466,2025-12-25,2020000,1590000,0,-78.7,https://auction.keiba.rakuten.co.jp/item/15423,,
2198,ヤマイチエスポ,牝,5,エスポワールシチー,496,2024-11-14,2020000,28615000,0,-1416.6,https://auction.keiba.rakuten.co.jp/item/13367,骨瘤,
376,ベルキューズの22,牝,3,コパノリッキー,514,2025-07-24,2010000,0,0,0.0,https://auction.keiba.rakuten.co.jp/item/14511,跛行,
453,ピストンボーイ,牡,4,イスラボニータ,514,2025-07-31,2010000,16450000,0,-818.4,https://auction.keiba.rakuten.co.jp/item/14589,コズミ / 筋肉痛,
812,ノクターナル,牝,4,キタサンブラック,453,2025-09-11,2010000,5130000,0,-255.2,https://auction.keiba.rakuten.co.jp/item/14959,感冒,
1456,ヒデシンイメル,牡,4,モーリス,474,2025-01-16,2010000,16410000,0,-816.4,https://auction.keiba.rakuten.co.jp/item/13611,,
1209,メイショウマクジキ,牡,3,グレーターロンドン,474,2025-06-26,2010000,3150000,0,-156.7,https://auction.keiba.rakuten.co.jp/item/14362,蹄葉炎,
797,バーミーズルビー,牝,3,ブリックスアンドモルタル,444,2025-09-11,2010000,2200000,0,-109.5,https://auction.keiba.rakuten.co.jp/item/14944,OCD,
1902,ドピエッタ,牝,2,コパノリッキー,486,2024-09-26,2010000,720000,0,-35.8,https://auction.keiba.rakuten.co.jp/item/13067,,
2459,フローラビーナス,牝,4,シュヴァルグラン,463,2026-01-08,2010000,3528000,0,-175.5,https://auction.keiba.rakuten.co.jp/item/15550,,
48,ランベントライト,牝,5,ハードスパン,400,2025-11-06,2010000,0,0,0.0,https://auction.keiba.rakuten.co.jp/item/15282,,○
1576,オブジェダート,牡,6,オルフェーヴル,513,2025-02-13,2010000,33230000,0,-1653.2,https://auction.keiba.rakuten.co.jp/item/13732,感冒 / 鼻出血,
2543,ナイスドゥ,牝,11,フサイチセブン,,2026-02-05,2000000,20000000,0,-1000.0,https://auction.keiba.rakuten.co.jp/item/15635,,○
1221,オールニッポン,牝,3,リオンディーズ,428,2025-06-26,2000000,560000,0,-28.0,https://auction.keiba.rakuten.co.jp/item/14374,脚部不安,
1036,ブルーブラッドの23,牝,2,サトノダイヤモンド,406,2025-05-22,2000000,0,0,0.0,https://auction.keiba.rakuten.co.jp/item/14186,,
988,キーソナタ,牝,3,ゴールドドリーム,434,2025-05-15,2000000,830000,0,-41.5,https://auction.keiba.rakuten.co.jp/item/14137,,
2531,グッドホース,牡,3,ルーラーシップ,470,2026-02-05,2000000,2530000,2530000,0.0,https://auction.keiba.rakuten.co.jp/item/15623,,
1819,スターゲット,牡,4,ディーマジェスティ,472,2025-04-10,2000000,11480000,0,-574.0,https://auction.keiba.rakuten.co.jp/item/13983,,
221,サダムルーティンの24,牝,1,ステルヴィオ,454,2025-10-16,2000000,0,0,0.0,https://auction.keiba.rakuten.co.jp/item/15160,骨片,
383,スエズマックス(USA),牡,3,Connect,486,2025-07-24,2000000,0,0,0.0,https://auction.keiba.rakuten.co.jp/item/14519,,
1088,アテナパルテノス,牝,3,New Approach,420,2025-06-05,2000000,0,0,0.0,https://auction.keiba.rakuten.co.jp/item/14239,,
1309,クレテイユ,牡,5,ヴァンセンヌ,474,2025-07-13,2000000,9130000,0,-456.5,https://auction.keiba.rakuten.co.jp/item/14463,さく癖,
796,バッキンガムパレス,牝,3,タワーオブロンドン,484,2025-09-11,2000000,2200000,0,-110.0,https://auction.keiba.rakuten.co.jp/item/14943,,
780,モズクレオパトラの24,牝,1,モズアスコット,405,2025-09-11,2000000,0,0,0.0,https://auction.keiba.rakuten.co.jp/item/14927,挫跖 / 跛行,
1959,アオイレジアス,牝,2,シルバーステート,450,2024-10-10,2000000,0,0,0.0,https://auction.keiba.rakuten.co.jp/item/13125,,
1164,サハラヴァンクール,牡,7,パイロ,488,2025-06-19,2000000,41045000,0,-2052.3,https://auction.keiba.rakuten.co.jp/item/14317,さく癖 / 跛行,
1518,ジェムステート,牡,5,シルバーステート,470,2025-01-30,2000000,6200000,0,-310.0,https://auction.keiba.rakuten.co.jp/item/13673,屈腱炎 / 腱鞘炎,
2368,ディープレーン,牝,8,ディープインパクト,400,2025-12-25,200000,0,0,0.0,https://auction.keiba.rakuten.co.jp/item/15456,,○
986,ルナフェイズ,牝,3,オルフェーヴル,424,2025-05-15,200000,0,0,0.0,https://auction.keiba.rakuten.co.jp/item/14135,球節炎,
2030,エイシンレタリングの23,牝,1,エーシントップ,368,2024-10-24,200000,0,0,0.0,https://auction.keiba.rakuten.co.jp/item/13197,骨片,
2461,ヴルカヌス,セ,5,フリオーソ,440,2026-01-08,200000,2269000,0,-1134.5,https://auction.keiba.rakuten.co.jp/item/15551,疝痛,
2148,カマリ,牝,5,パドトロワ,480,2024-11-07,200000,797000,0,-398.5,https://auction.keiba.rakuten.co.jp/item/13316,,
2360,カイマナエレエレ,牝,4,ブリックスアンドモルタル,393,2025-12-25,200000,2625000,0,-1312.5,https://auction.keiba.rakuten.co.jp/item/15445,,
2151,シアープレジャー,牝,7,マツリダゴッホ,451,2024-11-07,200000,16842000,0,-8421.0,https://auction.keiba.rakuten.co.jp/item/13319,DDSP / ゆう癖,
1383,グレンガリー,セ,9,ハービンジャー,432,2024-12-19,200000,68321000,0,-34160.5,https://auction.keiba.rakuten.co.jp/item/13538,さく癖 / 旋回癖 / 骨折 / 骨片,
2141,ゴールドアクトレス,牝,4,ゴールドアクター,396,2024-11-07,200000,1183000,0,-591.5,https://auction.keiba.rakuten.co.jp/item/13309,,
2370,ダブルオベリスク,牝,16,アグネスタキオン,400,2025-12-25,200000,0,0,0.0,https://auction.keiba.rakuten.co.jp/item/15458,,○
925,アラワレワタル,牝,3,ケープブランコ,409,2025-05-08,200000,0,0,0.0,https://auction.keiba.rakuten.co.jp/item/14073,,
63,ブラッディメアリー,牝,2,ロンドンタウン,448,2025-11-16,200000,0,0,0.0,https://auction.keiba.rakuten.co.jp/item/15334,,
1578,エデバリ,牝,4,エイシンヒカリ,450,2025-02-13,200000,0,0,0.0,https://auction.keiba.rakuten.co.jp/item/13734,ゆう癖 / 繋靭帯炎,○
2028,デュエットの21,牝,3,ドレフォン,524,2024-10-17,200000,0,0,0.0,https://auction.keiba.rakuten.co.jp/item/13195,屈腱炎 / 骨瘤,○
1579,マリリン,牝,4,ダノンレジェンド,500,2025-02-13,200000,0,0,0.0,https://auction.keiba.rakuten.co.jp/item/13735,ゆう癖 / 跛行,○
2243,ママテイオーノユメ,牝,6,ヴァンセンヌ,554,2024-11-21,200000,0,0,0.0,https://auction.keiba.rakuten.co.jp/item/13412,,○
35,ウインチェレステ,牡,7,ドゥラメンテ,514,2025-11-06,200000,36830000,36830000,0.0,https://auction.keiba.rakuten.co.jp/item/15285,繋靭帯炎,
2063,エイシンラッフル,牡,2,ラブリーデイ,482,2024-10-24,200000,0,0,0.0,https://auction.keiba.rakuten.co.jp/item/13230,ボーンシスト,
831,ヴアーサ,牡,7,キズナ,469,2025-09-14,200000,77881000,0,-38940.5,https://auction.keiba.rakuten.co.jp/item/14978,屈腱炎,
1762,エルドジュリエーネ,牝,3,ゴールドシップ,456,2025-03-30,200000,0,0,0.0,https://auction.keiba.rakuten.co.jp/item/13924,骨片,
1485,シークレットマター,セ,4,ディスクリートキャット,452,2025-01-23,1990000,6200000,0,-311.6,https://auction.keiba.rakuten.co.jp/item/13640,骨片,
617,ベルリネッタ,牡,3,タワーオブロンドン,492,2025-08-21,1990000,9340000,0,-469.3,https://auction.keiba.rakuten.co.jp/item/14758,,
359,メイショウタビズキ,牡,3,レイデオロ,475,2025-10-05,1970000,1120000,0,-56.9,https://auction.keiba.rakuten.co.jp/item/15102,骨瘤,
606,プラウドメアリー,牝,3,ルーラーシップ,416,2025-08-21,1970000,840000,0,-42.6,https://auction.keiba.rakuten.co.jp/item/14745,,
245,イナフセド,牡,5,モーリス,486,2025-12-25,1970000,24540000,0,-1245.7,https://auction.keiba.rakuten.co.jp/item/15396,跛行 / 骨折,
848,ドンファーラウェイ,牡,3,ルーラーシップ,450,2025-09-18,1960000,840000,0,-42.9,https://auction.keiba.rakuten.co.jp/item/14996,,
437,ハンクスター,牡,3,モズアスコット,478,2025-07-31,1960000,0,0,0.0,https://auction.keiba.rakuten.co.jp/item/14573,,
1835,カーティブヨーク,牝,3,フォーウィールドライブ,430,2025-04-17,1960000,3180000,0,-162.2,https://auction.keiba.rakuten.co.jp/item/13999,,
855,トゥザヒロイン,牝,6,ジャスタウェイ,538,2025-04-17,1950000,13970000,0,-716.4,https://auction.keiba.rakuten.co.jp/item/14003,骨折,
542,ポジティビティ,牡,3,モーニン,462,2025-08-14,1950000,560000,0,-28.7,https://auction.keiba.rakuten.co.jp/item/14680,,
171,メイショウハンゾウ,牡,4,ホッコータルマエ,516,2025-10-05,1950000,3780000,0,-193.8,https://auction.keiba.rakuten.co.jp/item/15110,骨折,
682,ヴェネチアンレース,牝,3,モーリス,496,2025-08-28,1950000,1400000,0,-71.8,https://auction.keiba.rakuten.co.jp/item/14827,DDSP,
1253,クレドール,牝,3,ダイワメジャー,474,2025-07-06,1930000,0,0,0.0,https://auction.keiba.rakuten.co.jp/item/14406,骨折,
1132,ジュンアサヒソラ,牡,3,イスラボニータ,494,2025-06-12,1920000,10300000,0,-536.5,https://auction.keiba.rakuten.co.jp/item/14284,屈腱炎,
1927,サイファーシチー,牡,6,スズカコーズウェイ,488,2024-09-26,1920000,38057000,0,-1982.1,https://auction.keiba.rakuten.co.jp/item/13092,屈腱炎 / 骨瘤 / 骨膜炎,
2073,マイフォーエバー,牡,3,ブリックスアンドモルタル,488,2024-10-31,1910000,12450000,0,-651.8,https://auction.keiba.rakuten.co.jp/item/13240,,
1101,ナムラフィクサー,牡,3,リアルスティール,434,2025-06-05,1910000,840000,0,-44.0,https://auction.keiba.rakuten.co.jp/item/14252,脚部不安,
2462,コールブランド,セ,5,レッドファルクス,505,2026-01-08,1910000,14695000,0,-769.4,https://auction.keiba.rakuten.co.jp/item/15553,,
2251,ダテヒリュウ,牡,2,サトノクラウン,504,2024-11-28,1910000,1100000,0,-57.6,https://auction.keiba.rakuten.co.jp/item/13420,,
2170,イスラアズール,セ,3,イスラボニータ,440,2024-11-14,1910000,8270000,0,-433.0,https://auction.keiba.rakuten.co.jp/item/13338,,
718,アレクレア,牝,3,オルフェーヴル,422,2025-09-04,1910000,0,0,0.0,https://auction.keiba.rakuten.co.jp/item/14863,,
2383,プロピエダッド,牝,3,ルヴァンスレーヴ,456,2025-12-25,1900000,1960000,0,-103.2,https://auction.keiba.rakuten.co.jp/item/15477,,
2578,タガノアイゼン,牡,3,ビーチパトロール,438,2026-02-15,1900000,0,0,0.0,https://auction.keiba.rakuten.co.jp/item/15665,,
1371,ウエスタンヨフカシ,牝,2,トビーズコーナー,400,2024-12-19,190000,0,0,0.0,https://auction.keiba.rakuten.co.jp/item/13526,屈腱炎,
1734,ゲヴァント,牝,4,ダノンバラード,394,2025-03-27,190000,0,0,0.0,https://auction.keiba.rakuten.co.jp/item/13896,フレグモーネ / 炎症 / 疝痛 / 裂傷 / 跛行 / 骨折 / 骨片,
212,メイショウヤスマサ,牡,4,マインドユアビスケッツ,462,2025-10-16,1890000,3630000,3980000,18.5,https://auction.keiba.rakuten.co.jp/item/15151,,
970,クラケルジャックの23,牝,2,エスポワールシチー,398,2025-05-15,1890000,0,0,0.0,https://auction.keiba.rakuten.co.jp/item/14119,,
670,アストラン,セ,3,ミッキーアイル,448,2025-08-28,1890000,560000,0,-29.6,https://auction.keiba.rakuten.co.jp/item/14814,,
1488,グローツラング,牡,6,ダンカーク,522,2025-01-23,1880000,29922000,0,-1591.6,https://auction.keiba.rakuten.co.jp/item/13643,繋靭帯炎,
1396,インオービット,牡,4,ミッキーロケット,478,2024-12-26,1880000,5346000,0,-284.4,https://auction.keiba.rakuten.co.jp/item/13551,,
1450,パイソン,牝,3,ドレフォン,416,2025-01-16,1880000,0,0,0.0,https://auction.keiba.rakuten.co.jp/item/13605,,
2590,カレンショー,牡,3,カレンブラックヒル,432,2026-02-19,1880000,0,0,0.0,https://auction.keiba.rakuten.co.jp/item/15678,,
31,デルタフォー,牡,3,アメリカンペイトリオット,536,2025-11-06,1880000,2200000,2280000,4.3,https://auction.keiba.rakuten.co.jp/item/15265,骨折,
139,ナダッコ,牡,2,ナダル,492,2025-11-27,1870000,0,0,0.0,https://auction.keiba.rakuten.co.jp/item/15367,蟻洞 / 骨瘤,
615,ヴァイスクレー,牝,3,ミッキーアイル,426,2025-08-21,1870000,5240000,0,-280.2,https://auction.keiba.rakuten.co.jp/item/14756,,
1276,レジェンダイズ,セ,3,マインドユアビスケッツ,436,2025-07-10,1870000,0,0,0.0,https://auction.keiba.rakuten.co.jp/item/14429,,
612,クリップクロップ,牝,3,サトノダイヤモンド,470,2025-08-21,1860000,1400000,0,-75.3,https://auction.keiba.rakuten.co.jp/item/14752,打撲,
2612,クアトロフォンテ,牡,7,シニスターミニスター,480,2026-02-19,1860000,30210000,0,-1624.2,https://auction.keiba.rakuten.co.jp/item/15700,疝痛,
282,ミュトスオード,牝,3,レイデオロ,478,2025-09-18,1850000,0,1475000,79.7,https://auction.keiba.rakuten.co.jp/item/15023,骨折 / 骨瘤,
22,ジェイエルバルカー,牡,5,マジェスティックウォリアー,504,2025-10-26,1850000,11630000,0,-628.6,https://auction.keiba.rakuten.co.jp/item/15204,跛行 / 骨膜炎 / 鼻出血,
1971,コスモメイゲツ,牡,4,ダノンバラード,492,2024-10-10,1850000,3532000,0,-190.9,https://auction.keiba.rakuten.co.jp/item/13137,疝痛 / 蟻洞 / 跛行,
75,スペードギニー,牡,3,リオンディーズ,481,2025-11-13,1850000,5150000,0,-278.4,https://auction.keiba.rakuten.co.jp/item/15314,炎症 / 骨折,
879,アーバンキング,牡,3,ホークビル,502,2025-04-24,1850000,0,0,0.0,https://auction.keiba.rakuten.co.jp/item/14027,,
1821,スティールウィル,セ,5,リアルスティール,522,2025-04-10,1850000,7855000,0,-424.6,https://auction.keiba.rakuten.co.jp/item/13985,脚部不安 / 骨折 / 骨瘤,
2505,ミリオンクラウン,牡,3,リーチザクラウン,503,2026-01-15,18490000,8322000,0,-45.0,https://auction.keiba.rakuten.co.jp/item/15570,挫跖 / 蟻洞 / 骨折,
1079,フレーズボンボン,牝,3,ゴールドドリーム,428,2025-06-01,1840000,2900000,0,-157.6,https://auction.keiba.rakuten.co.jp/item/14230,打撲,
1074,ナムラスワガー,牡,7,メイショウサムソン,504,2025-05-29,1840000,33515000,0,-1821.5,https://auction.keiba.rakuten.co.jp/item/14225,,
1338,デルマネコダマシ,牝,5,レッドファルクス,463,2025-07-17,1830000,5030000,0,-274.9,https://auction.keiba.rakuten.co.jp/item/14493,骨瘤,
1655,アドミラブルエース,牡,6,ワールドエース,481,2025-03-06,1830000,15340000,0,-838.3,https://auction.keiba.rakuten.co.jp/item/13815,屈腱炎 / 跛行 / 骨折,
1195,ゴールドディガー,牝,3,ニューイヤーズデイ,446,2025-06-26,1830000,0,0,0.0,https://auction.keiba.rakuten.co.jp/item/14348,,
981,テンダリー,牡,3,ルーラーシップ,510,2025-05-15,1830000,0,0,0.0,https://auction.keiba.rakuten.co.jp/item/14130,,
2587,ブルドッグキング,牡,4,ブルドッグボス,493,2026-02-15,1830000,12540000,0,-685.2,https://auction.keiba.rakuten.co.jp/item/15674,,
2283,クロダブシ,牡,3,ジャスタウェイ,475,2024-12-05,1830000,7380000,0,-403.3,https://auction.keiba.rakuten.co.jp/item/13453,,
29,ナフセッド,牡,2,アドマイヤマーズ,460,2025-11-06,1830000,0,458000,25.0,https://auction.keiba.rakuten.co.jp/item/15263,,
1069,ハテナビト,牡,4,ホークビル,471,2025-05-29,1830000,7060000,0,-385.8,https://auction.keiba.rakuten.co.jp/item/14220,,
2174,ヴィルヘルム,牡,6,エピファネイア,500,2024-11-14,1830000,57154000,0,-3123.2,https://auction.keiba.rakuten.co.jp/item/13342,炎症,
2636,ントポールヒロ,牝,3,ストロングリターン,472,2026-03-01,1820000,0,0,0.0,https://auction.keiba.rakuten.co.jp/item/15732,,
908,マジックタッチ,牡,5,リオンディーズ,549,2025-04-24,1820000,22980000,0,-1262.6,https://auction.keiba.rakuten.co.jp/item/14056,喉鳴り,
738,ファンタズマ,牡,3,ハービンジャー,462,2025-09-04,1820000,5280000,0,-290.1,https://auction.keiba.rakuten.co.jp/item/14885,,
2506,ベイストラトラ,牡,4,ロジャーバローズ,488,2026-01-15,1820000,948000,1691000,40.8,https://auction.keiba.rakuten.co.jp/item/15571,,
1625,メダルラッシュ,牝,5,マインドユアビスケッツ,500,2025-02-27,1820000,17860000,0,-981.3,https://auction.keiba.rakuten.co.jp/item/13782,,
674,モアサナイト,牝,3,レイデオロ,456,2025-08-28,1810000,560000,0,-30.9,https://auction.keiba.rakuten.co.jp/item/14819,骨片 / 骨瘤,
259,スピードイエロー,牡,3,ルヴァンスレーヴ,430,2025-09-18,1810000,1960000,0,-108.3,https://auction.keiba.rakuten.co.jp/item/15000,,
240,ウインカグヤヒメ,牝,2,サンダースノー,436,2025-12-25,1810000,0,0,0.0,https://auction.keiba.rakuten.co.jp/item/15391,,
326,ホーリーデイ,牡,2,クリソベリル,436,2025-10-02,1810000,0,70000,3.9,https://auction.keiba.rakuten.co.jp/item/15069,,
789,パブリックスフィア,牡,3,ブリックスアンドモルタル,446,2025-09-11,1810000,136000,0,-7.5,https://auction.keiba.rakuten.co.jp/item/14936,さく癖 / エクイロックス / 骨瘤,
1099,ロベルタインパクト,牝,3,シャンハイボビー,500,2025-06-05,1810000,0,0,0.0,https://auction.keiba.rakuten.co.jp/item/14250,,
286,ブライトビギニング,牡,3,ニューイヤーズデイ,466,2025-09-21,1810000,0,0,0.0,https://auction.keiba.rakuten.co.jp/item/15027,OCD / 挫跖,
1768,タキザクラ,牡,4,マインドユアビスケッツ,479,2025-03-30,1810000,6210000,0,-343.1,https://auction.keiba.rakuten.co.jp/item/13930,,
847,オーウェンズバレー,牡,3,カリフォルニアクローム,480,2025-09-18,1810000,840000,0,-46.4,https://auction.keiba.rakuten.co.jp/item/14995,,
1584,マイボーイ,牡,3,アルアイン,478,2025-02-20,1810000,0,0,0.0,https://auction.keiba.rakuten.co.jp/item/13740,,
1153,トウシンバカラ,牡,3,ドレフォン,540,2025-06-19,1810000,0,0,0.0,https://auction.keiba.rakuten.co.jp/item/14305,OCD / 筋肉痛 / 跛行 / 骨片,
2312,セラフィナイト,牡,6,ルーラーシップ,448,2024-12-12,1810000,46460000,0,-2566.9,https://auction.keiba.rakuten.co.jp/item/13482,骨折,
803,オドラニャソンソン,牡,3,ディープブリランテ,448,2025-09-11,1800000,4440000,0,-246.7,https://auction.keiba.rakuten.co.jp/item/14950,,
403,ブロンドエール,牝,3,ヘニーヒューズ,438,2025-07-24,1800000,1660000,2110000,25.0,https://auction.keiba.rakuten.co.jp/item/14539,,
1855,タマモマスラオ,牡,4,スズカコーズウェイ,482,2024-09-12,1800000,8820000,0,-490.0,https://auction.keiba.rakuten.co.jp/item/13019,さく癖,
135,タケオソルトムーン,牡,2,サトノダイヤモンド,487,2025-10-23,1800000,0,0,0.0,https://auction.keiba.rakuten.co.jp/item/15197,跛行,
1147,ワンボイス,牡,5,ハービンジャー,493,2025-06-15,1800000,12430000,0,-690.6,https://auction.keiba.rakuten.co.jp/item/14299,骨折,
853,ローブドゥマリエ,牝,5,リオンディーズ,468,2025-04-17,180000,7960000,0,-4422.2,https://auction.keiba.rakuten.co.jp/item/14001,ゆう癖 / 挫跖 / 腱鞘炎 / 骨片,
2083,ナイママ,牡,8,ダノンバラード,482,2024-10-31,1790000,82841000,0,-4628.0,https://auction.keiba.rakuten.co.jp/item/13250,屈腱炎,
2538,ポテンザ,牡,6,U S Navy Flag,516,2026-02-05,1780000,9640000,9835000,11.0,https://auction.keiba.rakuten.co.jp/item/15630,骨折,
117,メイショウイヌワシ,牡,6,ロードカナロア,504,2025-11-23,1780000,14500000,0,-814.6,https://auction.keiba.rakuten.co.jp/item/15361,,
754,エコロブレード,牡,4,Mendelssohn,445,2025-09-04,1770000,14475000,0,-817.8,https://auction.keiba.rakuten.co.jp/item/14901,,
410,エスペラント,セ,6,エピファネイア,468,2025-07-24,1770000,12000000,0,-678.0,https://auction.keiba.rakuten.co.jp/item/14546,骨折,
939,ナムラクレープ,牝,3,アドミラブル,454,2025-05-08,1770000,1400000,0,-79.1,https://auction.keiba.rakuten.co.jp/item/14088,喘鳴症 / 脚部不安 / 骨折,
858,ベアペスカーラ,牡,2,ディスクリートキャット,470,2025-04-17,1770000,0,0,0.0,https://auction.keiba.rakuten.co.jp/item/14006,骨膜炎,
2087,アリオーンスマイル,牡,2,ディーマジェスティ,450,2024-10-31,1770000,2500000,0,-141.2,https://auction.keiba.rakuten.co.jp/item/13254,,
536,ファンシーデイ,牝,3,ニューイヤーズデイ,454,2025-08-14,1770000,0,0,0.0,https://auction.keiba.rakuten.co.jp/item/14674,ゆう癖 / 骨折,
2325,レイテントロアー,牡,7,サウスヴィグラス,488,2024-12-12,1770000,38494000,0,-2174.8,https://auction.keiba.rakuten.co.jp/item/13495,骨折,
2218,レクランスリール,牝,4,ドレフォン,465,2024-11-21,1770000,7800000,0,-440.7,https://auction.keiba.rakuten.co.jp/item/13387,,
1368,スパイラルノヴァ,牡,6,キズナ,478,2024-12-19,1760000,82683000,0,-4697.9,https://auction.keiba.rakuten.co.jp/item/13523,骨折 / 骨片,
694,キンセンオー,牡,3,エスケンデレヤ,484,2025-08-28,1760000,5966000,0,-339.0,https://auction.keiba.rakuten.co.jp/item/14839,,
1114,マイティーパワー,牡,3,ヘニーヒューズ,523,2025-06-08,1760000,0,0,0.0,https://auction.keiba.rakuten.co.jp/item/14266,,
689,メルヘンライズ,牝,3,シルバーステート,480,2025-08-28,1760000,3480000,0,-197.7,https://auction.keiba.rakuten.co.jp/item/14834,屈腱炎,
235,ナスティウェザー,牡,4,パイロ,464,2025-10-23,17590000,70308000,0,-399.7,https://auction.keiba.rakuten.co.jp/item/15175,打撲 / 腫脹 / 跛行 / 鼻出血,
1072,パー,牝,6,セレスハント,496,2025-05-29,1750000,21525000,0,-1230.0,https://auction.keiba.rakuten.co.jp/item/14223,,
642,アンデルマット,牝,3,ルヴァンスレーヴ,472,2025-08-24,1750000,4440000,0,-253.7,https://auction.keiba.rakuten.co.jp/item/14785,筋肉痛 / 繋靭帯炎,
1324,コスモナッシュビル,牡,3,ミッキーアイル,508,2025-07-17,1750000,560000,0,-32.0,https://auction.keiba.rakuten.co.jp/item/14479,,
1030,アマミツツキ,牝,4,レイデオロ,474,2025-05-22,1750000,9960000,0,-569.1,https://auction.keiba.rakuten.co.jp/item/14180,鼻出血,
333,テーオースパロー,牡,6,ルーラーシップ,496,2025-10-02,1750000,61837000,0,-3533.5,https://auction.keiba.rakuten.co.jp/item/15076,,
1824,コスモシンテイ,牝,3,ウインブライト,493,2025-04-13,1750000,1400000,0,-80.0,https://auction.keiba.rakuten.co.jp/item/13988,蟻洞,
1379,フランコルシャン,牡,4,マクフィ,486,2024-12-19,1740000,7360000,0,-423.0,https://auction.keiba.rakuten.co.jp/item/13534,,
2143,クアトロソバージュ,牡,4,コパノリッキー,538,2024-11-07,1740000,2907000,0,-167.1,https://auction.keiba.rakuten.co.jp/item/13311,蟻洞 / 骨折,
2144,ジュンフカリ,牡,4,ドゥラメンテ,474,2024-11-07,1730000,8255000,0,-477.2,https://auction.keiba.rakuten.co.jp/item/13312,骨折,
671,カイトリヒト,牡,3,ミッキーアイル,496,2025-08-28,1730000,560000,0,-32.4,https://auction.keiba.rakuten.co.jp/item/14815,,
1033,タンスチョキンの23,牝,2,エスケンデレヤ,450,2025-05-22,1720000,0,0,0.0,https://auction.keiba.rakuten.co.jp/item/14183,,
299,アンダーザブリッジ,セ,3,カリフォルニアクローム,440,2025-09-25,1720000,375000,0,-21.8,https://auction.keiba.rakuten.co.jp/item/15042,,
1513,コントリビュート,牡,3,マクフィ,470,2025-01-30,1720000,150000,0,-8.7,https://auction.keiba.rakuten.co.jp/item/13668,,
2331,アイルランズコール,牡,3,ワールドエース,511,2025-12-25,1720000,6005000,0,-349.1,https://auction.keiba.rakuten.co.jp/item/15411,打撲 / 裂蹄,
695,エイシンパンタレイ,牡,3,ビッグアーサー,504,2025-08-28,1720000,8830000,0,-513.4,https://auction.keiba.rakuten.co.jp/item/14840,ゆう癖,
1612,ユガフ,牡,3,アニマルキングダム,494,2025-02-27,1720000,0,0,0.0,https://auction.keiba.rakuten.co.jp/item/13768,骨瘤,
1538,ウィービースティ,牡,5,ホッコータルマエ,500,2025-02-06,1720000,1490000,0,-86.6,https://auction.keiba.rakuten.co.jp/item/13693,さく癖,
1738,ホウオウエニシ,牡,5,キズナ,472,2025-03-27,1720000,1442000,0,-83.8,https://auction.keiba.rakuten.co.jp/item/13900,,
1115,ネオディヤマンテ,牡,3,サトノダイヤモンド,496,2025-06-08,1720000,250000,0,-14.5,https://auction.keiba.rakuten.co.jp/item/14267,,
241,ディアナタコス,牡,2,ロゴタイプ,420,2025-12-25,1720000,0,0,0.0,https://auction.keiba.rakuten.co.jp/item/15392,骨瘤,
1869,クリノフローレンス,牝,2,アドミラブル,449,2024-09-19,1710000,0,0,0.0,https://auction.keiba.rakuten.co.jp/item/13033,,
2217,ステラヴェルデ,牝,3,リオンディーズ,458,2024-11-21,1710000,3900000,0,-228.1,https://auction.keiba.rakuten.co.jp/item/13386,屈腱炎,
1608,スパルタンワールド,牡,3,ミュゼスルタン,476,2025-02-27,1710000,0,4165000,243.6,https://auction.keiba.rakuten.co.jp/item/13764,骨折,
2074,メイショウゴルシ,牡,4,ゴールドシップ,442,2024-10-31,1710000,1686000,0,-98.6,https://auction.keiba.rakuten.co.jp/item/13241,,
266,ルージュアマリア,牝,3,ナダル,398,2025-09-18,1710000,5410000,0,-316.4,https://auction.keiba.rakuten.co.jp/item/15007,,
1831,ディヴァンカドー,牡,3,シャンハイボビー,498,2025-04-17,1710000,85000,0,-5.0,https://auction.keiba.rakuten.co.jp/item/13995,,
1627,スコア,牡,4,アジアエクスプレス,466,2025-02-27,1710000,6240000,0,-364.9,https://auction.keiba.rakuten.co.jp/item/13785,さく癖 / 脚部不安 / 骨折,
15252,フルールドゥリュン,牝,2,サンダースノー,440,2025-11-02,1710000,815000,2855000,119.3,https://auction.keiba.rakuten.co.jp/item/15252,,
605,ロンドンキッド,牝,3,タワーオブロンドン,418,2025-08-21,1700000,720000,0,-42.4,https://auction.keiba.rakuten.co.jp/item/14744,,
2596,ユイノナナフシギ,牡,3,ヤマカツエース,466,2026-02-19,1700000,0,0,0.0,https://auction.keiba.rakuten.co.jp/item/15684,,
2228,ベアヌカサナイデ,牡,3,リアルスティール,467,2024-11-21,1700000,7096000,0,-417.4,https://auction.keiba.rakuten.co.jp/item/13397,,
1552,ラプラス,牡,9,カジノドライヴ,513,2025-02-06,1700000,37945000,0,-2232.1,https://auction.keiba.rakuten.co.jp/item/13707,挫跖,
640,ブライトゲイザー,牡,3,イスラボニータ,502,2025-08-24,1700000,1490000,0,-87.6,https://auction.keiba.rakuten.co.jp/item/14783,繋靭帯炎,
1875,デリングシチー,牡,3,モーニン,456,2024-09-19,1700000,550000,0,-32.4,https://auction.keiba.rakuten.co.jp/item/13040,擦過傷 / 疝痛,
2235,トシギャングスター,セ,5,ロードカナロア,485,2024-11-21,170000,2415000,0,-1420.6,https://auction.keiba.rakuten.co.jp/item/13404,屈腱炎 / 骨折,
1284,モンレーヴ,牝,4,サトノダイヤモンド,476,2025-07-10,1690000,11000000,0,-650.9,https://auction.keiba.rakuten.co.jp/item/14438,骨瘤 / 鼻出血,
546,グリスタン,牡,3,アドマイヤマーズ,470,2025-08-14,1690000,1110000,0,-65.7,https://auction.keiba.rakuten.co.jp/item/14684,骨折,
808,ミッドナイトホーク,セ,4,リアルスティール,482,2025-09-11,1690000,7200000,0,-426.0,https://auction.keiba.rakuten.co.jp/item/14955,ゆう癖 / 旋回癖 / 骨折,
1157,マルチタスク,牡,3,シャンハイボビー,462,2025-06-19,1690000,0,0,0.0,https://auction.keiba.rakuten.co.jp/item/14309,,
1736,レアリゼアンレーヴ,牝,4,エピファネイア,424,2025-03-27,1690000,7200000,0,-426.0,https://auction.keiba.rakuten.co.jp/item/13898,,
2189,ヘヴンズクライ,牡,3,ハーツクライ,416,2024-11-14,1690000,2290000,0,-135.5,https://auction.keiba.rakuten.co.jp/item/13357,,
1441,ホウオウルバン,牡,7,キズナ,533,2025-01-09,1690000,77377000,0,-4578.5,https://auction.keiba.rakuten.co.jp/item/13596,喉鳴り / 喘鳴症 / 脚部不安,
553,シストロン,牝,3,ドゥラメンテ,474,2025-08-14,1680000,4300000,0,-256.0,https://auction.keiba.rakuten.co.jp/item/14691,さく癖,
507,インレット,牝,3,ディスクリートキャット,454,2025-08-10,1680000,0,0,0.0,https://auction.keiba.rakuten.co.jp/item/14644,OCD,
794,サマーツアー,牡,3,モーリス,474,2025-09-11,1670000,1120000,0,-67.1,https://auction.keiba.rakuten.co.jp/item/14941,旋回癖,
398,コスモエンエン,牡,3,ダイワメジャー,484,2025-07-24,1670000,864000,0,-51.7,https://auction.keiba.rakuten.co.jp/item/14534,,
1721,バンドールロゼ,牡,6,ロージズインメイ,483,2025-03-23,1660000,22870000,0,-1377.7,https://auction.keiba.rakuten.co.jp/item/13881,,
405,トーアカフウ,牝,3,ルヴァンスレーヴ,424,2025-07-24,1660000,2900000,3739000,50.5,https://auction.keiba.rakuten.co.jp/item/14541,脚部不安,
2609,グローリアスキング,牡,4,モーニン,509,2026-02-19,1660000,8910000,0,-536.7,https://auction.keiba.rakuten.co.jp/item/15697,,
2041,サンブノワ,牡,3,ブリックスアンドモルタル,508,2024-10-24,1660000,8180000,0,-492.8,https://auction.keiba.rakuten.co.jp/item/13208,骨瘤,
2004,グランデマーレ,牡,7,ロードカナロア,510,2024-10-17,1660000,103594000,0,-6240.6,https://auction.keiba.rakuten.co.jp/item/13171,DDSP / 骨折 / 骨片,
641,ステラマテュティナ,牝,3,リアルインパクト,427,2025-08-24,1660000,2960000,0,-178.3,https://auction.keiba.rakuten.co.jp/item/14784,旋回癖 / 骨折,
1279,バレアリックシー,セ,3,ナダル,464,2025-07-10,1660000,720000,0,-43.4,https://auction.keiba.rakuten.co.jp/item/14432,骨折,
1587,ミクロフィラム,牝,4,リアルスティール,442,2025-02-20,1660000,4081000,0,-245.8,https://auction.keiba.rakuten.co.jp/item/13743,コズミ,
548,ベラヴィットーリア,牝,3,ダイワメジャー,513,2025-08-14,1660000,2230000,0,-134.3,https://auction.keiba.rakuten.co.jp/item/14686,DDSP / 関節炎,
523,エファセデリエール,牝,3,パドトロワ,478,2025-08-14,1650000,0,0,0.0,https://auction.keiba.rakuten.co.jp/item/14661,,
2639,アダマント,牡,3,タワーオブロンドン,444,2026-03-01,1650000,1310000,0,-79.4,https://auction.keiba.rakuten.co.jp/item/15735,,
1810,パラモランド,牡,3,アメリカンペイトリオット,508,2025-04-10,1650000,0,0,0.0,https://auction.keiba.rakuten.co.jp/item/13973,,
2153,オルダージュ,セ,8,タイキシャトル,478,2024-11-07,1650000,70724000,0,-4286.3,https://auction.keiba.rakuten.co.jp/item/13321,,
2242,シュロス,牡,8,ゴールドアリュール,526,2024-11-21,1650000,27598000,0,-1672.6,https://auction.keiba.rakuten.co.jp/item/13411,骨折,
1462,フリージングフォグ,牝,4,ディスクリートキャット,473,2025-01-16,1650000,240000,0,-14.5,https://auction.keiba.rakuten.co.jp/item/13617,屈腱炎,
1231,ゴッドトレジャー,牡,3,シャンハイボビー,506,2025-07-03,1650000,0,0,0.0,https://auction.keiba.rakuten.co.jp/item/14384,繋靭帯炎,
1701,リメリック,牡,4,ダノンバラード,462,2025-03-20,1650000,9300000,0,-563.6,https://auction.keiba.rakuten.co.jp/item/13861,跛行,
1388,ボナデアの24,牡,,ダノンレジェンド,400,2024-12-26,1650000,0,0,0.0,https://auction.keiba.rakuten.co.jp/item/13543,,
435,スムースオペレター,牡,3,オルフェーヴル,438,2025-07-31,1640000,0,0,0.0,https://auction.keiba.rakuten.co.jp/item/14571,,
1973,ヨーデル,牡,5,More Than Ready,512,2024-10-10,1640000,8510000,0,-518.9,https://auction.keiba.rakuten.co.jp/item/13139,,
1908,マイクロモザイク,牝,4,ドレフォン,462,2024-09-26,1640000,7380000,0,-450.0,https://auction.keiba.rakuten.co.jp/item/13073,骨折,
2341,ミラクルカイザー,牡,2,マクフィ,486,2025-12-25,1640000,0,0,0.0,https://auction.keiba.rakuten.co.jp/item/15422,,
900,レインメーカー,牡,5,モーリス,462,2025-04-24,1630000,10935000,0,-670.9,https://auction.keiba.rakuten.co.jp/item/14048,カケス,
1845,オールドマイン,牡,3,Catalina Cruiser,502,2024-09-12,1630000,1800000,0,-110.4,https://auction.keiba.rakuten.co.jp/item/13009,,
2598,ビアリッツ,牝,3,ダノンスマッシュ,432,2026-02-19,1630000,1400000,0,-85.9,https://auction.keiba.rakuten.co.jp/item/15686,ゆう癖,
300,アルマヴィーナス,牝,3,サトノダイヤモンド,452,2025-09-25,1630000,2900000,0,-177.9,https://auction.keiba.rakuten.co.jp/item/15043,,
526,グールマン,牡,3,ナダル,524,2025-08-14,1630000,0,0,0.0,https://auction.keiba.rakuten.co.jp/item/14664,,
1733,クリノウィリアム,牡,3,フォーウィールドライブ,470,2025-03-27,1620000,1390000,0,-85.8,https://auction.keiba.rakuten.co.jp/item/13895,,
1623,ブレイクショット,牝,4,デクラレーションオブウォー,474,2025-02-27,1620000,3000000,0,-185.2,https://auction.keiba.rakuten.co.jp/item/13779,,
215,ミライヘノシンゲキ,牡,4,サンダースノー,466,2025-10-16,1610000,12240000,0,-760.2,https://auction.keiba.rakuten.co.jp/item/15154,,
2422,ゴールデンシロップ,牡,7,Havana Gold,544,2025-12-25,1610000,80664000,0,-5010.2,https://auction.keiba.rakuten.co.jp/item/15521,跛行 / 鼻出血,
562,モズイージス,牡,4,サンダースノー,480,2025-08-14,1610000,5620000,0,-349.1,https://auction.keiba.rakuten.co.jp/item/14700,,
883,タガノビギニング,牡,3,レーヴミストラル,516,2025-04-24,1610000,0,0,0.0,https://auction.keiba.rakuten.co.jp/item/14031,繋靭帯炎,
1178,ゴールドハイアー,牡,7,ヘニーヒューズ,498,2025-06-19,1610000,110321000,0,-6852.2,https://auction.keiba.rakuten.co.jp/item/14331,さく癖,
1333,リードカナリー,牝,2,エピカリス,440,2025-07-17,1610000,175000,0,-10.9,https://auction.keiba.rakuten.co.jp/item/14488,,
1820,ビッグショータイム,牡,4,ワールドエース,490,2025-04-10,1610000,20895000,0,-1297.8,https://auction.keiba.rakuten.co.jp/item/13984,屈腱炎 / 挫跖 / 骨瘤,
2180,ラブマニック,牝,2,タリスマニック,396,2024-11-14,1600000,500000,0,-31.3,https://auction.keiba.rakuten.co.jp/item/13348,,
397,エーデルムート,牝,3,シルバーステート,454,2025-07-24,1600000,560000,0,-35.0,https://auction.keiba.rakuten.co.jp/item/14533,,
1329,ブライテン,牝,5,シルバーステート,422,2025-07-17,1600000,5051000,0,-315.7,https://auction.keiba.rakuten.co.jp/item/14484,,
469,アニラ,牝,3,ドレフォン,458,2025-08-07,1600000,0,0,0.0,https://auction.keiba.rakuten.co.jp/item/14605,OCD,
306,エイシンサイネリア,牝,3,リオンディーズ,479,2025-09-25,1600000,1190000,0,-74.4,https://auction.keiba.rakuten.co.jp/item/15049,,
983,ホワイトマジック,牡,3,タリスマニック,460,2025-05-15,1600000,0,0,0.0,https://auction.keiba.rakuten.co.jp/item/14132,繋靭帯炎,
2599,ローザレイア,牝,3,レイデオロ,400,2026-02-19,1600000,9100000,0,-568.8,https://auction.keiba.rakuten.co.jp/item/15687,,
23,ビアルベーロ,牡,3,イスラボニータ,498,2025-10-26,160000,0,0,0.0,https://auction.keiba.rakuten.co.jp/item/15205,炎症 / 脚部不安,
317,ミラクルハーモニー,牝,2,アメリカンペイトリオット,430,2025-09-28,160000,0,0,0.0,https://auction.keiba.rakuten.co.jp/item/15060,,
292,コスモハツユメ,牝,2,ゴールドドリーム,436,2025-09-21,160000,140000,0,-87.5,https://auction.keiba.rakuten.co.jp/item/15035,骨折,
885,テルモプシス,牝,3,ゴールドドリーム,406,2025-04-24,160000,0,0,0.0,https://auction.keiba.rakuten.co.jp/item/14033,骨折,
2121,ロイヤルメロディー,牝,2,サトノクラウン,442,2024-11-07,1590000,1001000,0,-63.0,https://auction.keiba.rakuten.co.jp/item/13289,,
492,ディープグラビティ,セ,6,ディープインパクト,434,2025-08-07,1590000,21020000,0,-1322.0,https://auction.keiba.rakuten.co.jp/item/14628,さく癖,
1846,ストレンジャー,牡,3,ファインニードル,440,2024-09-12,1590000,3050000,0,-191.8,https://auction.keiba.rakuten.co.jp/item/13010,,
193,ディヴァージオン,牝,5,サトノダイヤモンド,467,2025-10-09,1590000,15950000,17000000,66.0,https://auction.keiba.rakuten.co.jp/item/15132,,
1473,ヴィアダクト,牡,4,ドレフォン,534,2025-01-16,1590000,9800000,0,-616.4,https://auction.keiba.rakuten.co.jp/item/13628,蟻洞,
770,エリセイラ,牝,3,モーリス,432,2025-09-07,1590000,1770000,0,-111.3,https://auction.keiba.rakuten.co.jp/item/14917,腸捻転,
895,モズマサニャン,牡,4,Lonhro,452,2025-04-24,1590000,11160000,0,-701.9,https://auction.keiba.rakuten.co.jp/item/14043,骨折,
720,フーイナム,牡,3,モーリス,490,2025-09-04,1580000,0,0,0.0,https://auction.keiba.rakuten.co.jp/item/14866,,
1203,メイショウキタダケ,牡,3,ゴールデンマンデラ,440,2025-06-26,1580000,0,0,0.0,https://auction.keiba.rakuten.co.jp/item/14356,,
767,ジェイエルハーバー,牡,3,マクフィ,406,2025-09-07,1580000,720000,0,-45.6,https://auction.keiba.rakuten.co.jp/item/14914,,
1844,ウーロン,牝,3,アドマイヤムーン,488,2024-09-12,1580000,1550000,0,-98.1,https://auction.keiba.rakuten.co.jp/item/13008,,
818,メモリーエフェクト,牡,7,モーリス,492,2025-09-11,1580000,61849000,0,-3914.5,https://auction.keiba.rakuten.co.jp/item/14965,感冒,
1515,スノーライトニング,牡,4,レイデオロ,460,2025-01-30,1570000,6300000,0,-401.3,https://auction.keiba.rakuten.co.jp/item/13670,,
574,ウィスパーボイス,牡,3,ハービンジャー,480,2025-08-17,1570000,560000,0,-35.7,https://auction.keiba.rakuten.co.jp/item/14712,,
1839,ネオクラウン,牡,3,サトノクラウン,492,2024-09-12,1570000,102000,0,-6.5,https://auction.keiba.rakuten.co.jp/item/13003,骨瘤,
478,ディープカインズ,牡,3,ノーブルミッション,428,2025-08-07,1570000,0,0,0.0,https://auction.keiba.rakuten.co.jp/item/14614,,
1060,ノメンターノ,牝,3,ダノンバラード,432,2025-05-29,1570000,1400000,0,-89.2,https://auction.keiba.rakuten.co.jp/item/14210,,
729,プルクワ,牡,3,サートゥルナーリア,476,2025-09-04,1570000,436000,0,-27.8,https://auction.keiba.rakuten.co.jp/item/14876,,
1419,メロンパンマニア,牡,3,ウインブライト,466,2025-01-09,1570000,550000,0,-35.0,https://auction.keiba.rakuten.co.jp/item/13574,,
1237,レオネッサ,牝,3,モーリス,460,2025-07-03,1560000,560000,0,-35.9,https://auction.keiba.rakuten.co.jp/item/14390,旋回癖 / 骨折,
2597,ロイヤルドリーム,牡,3,ヴァンゴッホ,498,2026-02-19,1560000,0,0,0.0,https://auction.keiba.rakuten.co.jp/item/15685,さく癖,
1681,スオードカット,牡,4,ブリックスアンドモルタル,469,2025-03-13,1560000,6280000,0,-402.6,https://auction.keiba.rakuten.co.jp/item/13841,跛行,
599,メイショウトキイロ,牝,3,デクラレーションオブウォー,472,2025-08-21,1560000,0,0,0.0,https://auction.keiba.rakuten.co.jp/item/14738,,
598,ミヤファイター,牝,3,コパノリッキー,484,2025-08-21,1560000,0,0,0.0,https://auction.keiba.rakuten.co.jp/item/14737,,
234,レディアエラ,牝,2,コパノリッキー,426,2025-10-23,1560000,0,0,0.0,https://auction.keiba.rakuten.co.jp/item/15174,,
1682,ホークマン,牡,4,ホークビル,472,2025-03-13,1560000,10055000,0,-644.6,https://auction.keiba.rakuten.co.jp/item/13842,,
519,アーベントゾンネ,牝,3,ルーラーシップ,454,2025-08-14,1560000,0,0,0.0,https://auction.keiba.rakuten.co.jp/item/14657,,
357,メイショウイチモン,牡,3,エピファネイア,503,2025-10-05,1560000,140000,1902000,112.9,https://auction.keiba.rakuten.co.jp/item/15100,,
1365,ユイノイチゲキ,牡,4,ディスクリートキャット,512,2024-12-19,1560000,14120000,0,-905.1,https://auction.keiba.rakuten.co.jp/item/13520,OCD / 喉鳴り / 脚部不安 / 骨折,
447,ドラゴンガール,牝,3,エピファネイア,480,2025-07-31,1550000,1800000,0,-116.1,https://auction.keiba.rakuten.co.jp/item/14583,ゆう癖,
1968,リリエンフェルト,牝,3,ルーラーシップ,452,2024-10-10,1550000,7700000,0,-496.8,https://auction.keiba.rakuten.co.jp/item/13134,蟻洞,
2638,ユイノレジスタンス,牡,3,アルアイン,476,2026-03-01,1550000,0,0,0.0,https://auction.keiba.rakuten.co.jp/item/15734,,
1636,フルオブプレイズ,牡,5,カレンブラックヒル,496,2025-03-06,1550000,4966000,0,-320.4,https://auction.keiba.rakuten.co.jp/item/13794,,
907,エコロシャイン,牝,4,パイロ,515,2025-04-24,1550000,3600000,0,-232.3,https://auction.keiba.rakuten.co.jp/item/14055,跛行 / 骨折,
593,セプトラム,セ,3,レイデオロ,450,2025-08-21,1550000,0,0,0.0,https://auction.keiba.rakuten.co.jp/item/14732,,
2620,メガクローム,牡,3,カリフォルニアクローム,442,2026-02-26,1550000,0,0,0.0,https://auction.keiba.rakuten.co.jp/item/15713,,
1420,エクレシア,牝,4,ヘンリーバローズ,484,2025-01-09,1550000,0,0,0.0,https://auction.keiba.rakuten.co.jp/item/13575,脚部不安,
681,ヴァルチャースター,牡,3,サートゥルナーリア,442,2025-08-28,1550000,1280000,0,-82.6,https://auction.keiba.rakuten.co.jp/item/14826,,
100,フリントロック,牝,5,ブラックタイド,434,2025-11-20,1550000,14030000,0,-905.2,https://auction.keiba.rakuten.co.jp/item/15342,ゆう癖,
2421,フロスティクォーツ,牡,7,ロードカナロア,486,2025-12-25,1550000,15854000,0,-1022.8,https://auction.keiba.rakuten.co.jp/item/15520,喘鳴症,
1274,マニーシーン,牝,3,シャンハイボビー,472,2025-07-10,1540000,0,0,0.0,https://auction.keiba.rakuten.co.jp/item/14427,,
288,ストラスモアローズ,牝,3,キズナ,426,2025-09-21,1540000,560000,0,-36.4,https://auction.keiba.rakuten.co.jp/item/15030,骨折 / 骨瘤,
1331,モンタナアゲート,牡,6,ダイワメジャー,538,2025-07-17,1540000,48916000,0,-3176.4,https://auction.keiba.rakuten.co.jp/item/14486,骨瘤,
2194,スーパークール,セ,4,パイロ,499,2024-11-14,1540000,4083000,0,-265.1,https://auction.keiba.rakuten.co.jp/item/13362,ゆう癖,
1727,サルジュ,牡,3,サンダースノー,428,2025-03-27,1540000,0,0,0.0,https://auction.keiba.rakuten.co.jp/item/13889,OCD / 打撲 / 骨片 / 骨瘤,
1731,ボッカルーポ,牝,3,スワーヴリチャード,450,2025-03-27,1530000,0,0,0.0,https://auction.keiba.rakuten.co.jp/item/13893,,
1177,ローズピリオド,牡,6,スクリーンヒーロー,497,2025-06-19,1530000,32945000,0,-2153.3,https://auction.keiba.rakuten.co.jp/item/14330,骨折,
577,コスモトロイメル,牝,3,ダノンバラード,470,2025-08-17,1530000,3790000,0,-247.7,https://auction.keiba.rakuten.co.jp/item/14715,さく癖 / 骨折,
672,ドルチェルナ,牝,3,アドマイヤムーン,448,2025-08-28,1530000,560000,0,-36.6,https://auction.keiba.rakuten.co.jp/item/14817,,
1244,テーオーエメラルド,牝,4,コパノリッキー,484,2025-07-03,1530000,932000,0,-60.9,https://auction.keiba.rakuten.co.jp/item/14397,跛行,
769,デュピュイドローム,牡,3,ロードカナロア,520,2025-09-07,1530000,1400000,0,-91.5,https://auction.keiba.rakuten.co.jp/item/14916,骨折 / 骨片,
2129,シャイニングアース,牡,3,ウインバリアシオン,476,2024-11-07,1530000,1913000,0,-125.0,https://auction.keiba.rakuten.co.jp/item/13297,さく癖 / 屈腱炎,
959,ステラデルシエロ,セ,5,ダイワメジャー,493,2025-05-08,1530000,11695000,0,-764.4,https://auction.keiba.rakuten.co.jp/item/14108,挫跖,
1813,トレヴィーテ,牝,3,キンシャサノキセキ,426,2025-04-10,1530000,550000,0,-35.9,https://auction.keiba.rakuten.co.jp/item/13976,,
773,マイネルレクエルド,牡,3,ダノンバラード,468,2025-09-07,1530000,3470000,0,-226.8,https://auction.keiba.rakuten.co.jp/item/14920,跛行,
2586,アルバパテラ,牡,4,キタサンブラック,582,2026-02-15,1520000,660000,0,-43.4,https://auction.keiba.rakuten.co.jp/item/15673,関節炎 / 骨折,
211,フロウオブタイム,牝,3,シュヴァルグラン,446,2025-10-16,1520000,3800000,3800000,0.0,https://auction.keiba.rakuten.co.jp/item/15150,,
1634,ペイルブルードット,牡,3,ファインニードル,482,2025-03-06,1520000,720000,0,-47.4,https://auction.keiba.rakuten.co.jp/item/13792,,
1683,ダルジェント,セ,5,ルーラーシップ,428,2025-03-13,1520000,6506000,0,-428.0,https://auction.keiba.rakuten.co.jp/item/13843,,
850,バリアシオン,牝,3,サトノダイヤモンド,470,2025-09-18,1520000,1400000,0,-92.1,https://auction.keiba.rakuten.co.jp/item/14998,骨瘤,
94,シーザソング,牡,2,サートゥルナーリア,468,2025-11-20,1520000,0,0,0.0,https://auction.keiba.rakuten.co.jp/item/15336,,
731,カリータフェリス,牝,3,ゴールドシップ,418,2025-09-04,1520000,1400000,0,-92.1,https://auction.keiba.rakuten.co.jp/item/14878,裂傷 / 骨折,
532,トウカイディアマン,牝,3,サトノダイヤモンド,452,2025-08-14,1520000,0,2678000,176.2,https://auction.keiba.rakuten.co.jp/item/14670,,
2033,ティリアンパープルの23,牝,1,ビッグアーサー,485,2024-10-24,1520000,0,0,0.0,https://auction.keiba.rakuten.co.jp/item/13200,,
1215,アポストロフィー,牡,3,ダノンレジェンド,464,2025-06-26,1520000,4535000,0,-298.4,https://auction.keiba.rakuten.co.jp/item/14368,,
2245,エンゲルシュピール,牝,2,ロードカナロア,452,2024-11-28,15110000,1100000,0,-7.3,https://auction.keiba.rakuten.co.jp/item/13414,,
2137,アンテナラスト,牝,3,キズナ,474,2024-11-07,1510000,3714000,0,-246.0,https://auction.keiba.rakuten.co.jp/item/13305,,
2351,コスモバラタ,牡,5,ダノンバラード,476,2025-12-25,1510000,23701000,0,-1569.6,https://auction.keiba.rakuten.co.jp/item/15431,裂蹄,
1675,ドレイク,牡,3,マクマホン,444,2025-03-13,1510000,3520000,0,-233.1,https://auction.keiba.rakuten.co.jp/item/13835,,
2040,チークタイム,牝,3,キンシャサノキセキ,476,2024-10-24,1510000,7200000,0,-476.8,https://auction.keiba.rakuten.co.jp/item/13207,筋肉痛 / 骨瘤,
2535,アユツリー,牝,4,キズナ,431,2026-02-05,1510000,6000000,6000000,0.0,https://auction.keiba.rakuten.co.jp/item/15627,,
2563,ケイツークルサード,牡,3,アジアエクスプレス,522,2026-02-12,1510000,0,0,0.0,https://auction.keiba.rakuten.co.jp/item/15650,,
1638,ポジティブガール,牝,6,バトルプラン,462,2025-03-06,1510000,7400000,0,-490.1,https://auction.keiba.rakuten.co.jp/item/13796,疝痛 / 骨折,
2175,ルールシェーバー,牡,7,ストロングリターン,484,2024-11-14,1510000,22280000,0,-1475.5,https://auction.keiba.rakuten.co.jp/item/13343,さく癖,
1806,ジューンノールック,牝,3,リアルスティール,492,2025-04-10,1510000,0,0,0.0,https://auction.keiba.rakuten.co.jp/item/13969,脚部不安 / 骨瘤,
1341,パイアイヤー,牝,5,アジアエクスプレス,474,2025-07-17,1510000,14630000,0,-968.9,https://auction.keiba.rakuten.co.jp/item/14496,脚部不安 / 骨折,
1822,セイルオンセイラー,セ,6,ドレフォン,504,2025-04-10,15000000,67558000,0,-450.4,https://auction.keiba.rakuten.co.jp/item/13986,,
2570,ブルロッソ,牝,4,アドマイヤマーズ,437,2026-02-12,1500000,912000,0,-60.8,https://auction.keiba.rakuten.co.jp/item/15657,,
246,ヴァンガーズハート,セ,6,ハービンジャー,526,2025-12-25,1500000,26200000,0,-1746.7,https://auction.keiba.rakuten.co.jp/item/15397,,
791,ロベルタカリーナ,牝,3,ルヴァンスレーヴ,452,2025-09-11,1500000,550000,0,-36.7,https://auction.keiba.rakuten.co.jp/item/14938,さく癖,
2417,ショウナンラフィネ,牝,3,オルフェーヴル,416,2025-12-25,1500000,8310000,0,-554.0,https://auction.keiba.rakuten.co.jp/item/15516,,
1505,アンジュデュバン,牝,14,ハーツクライ,400,2025-01-23,150000,0,0,0.0,https://auction.keiba.rakuten.co.jp/item/13660,裂蹄,○
1398,フォールロワ,セ,5,ハーツクライ,460,2024-12-26,1490000,5965000,0,-400.3,https://auction.keiba.rakuten.co.jp/item/13553,,
2336,ヴェリタスポルタ,牡,2,シスキン,502,2025-12-25,1490000,0,0,0.0,https://auction.keiba.rakuten.co.jp/item/15417,,
1747,グランドフォレスト,牡,4,リアルインパクト,471,2025-03-27,1490000,1540000,0,-103.4,https://auction.keiba.rakuten.co.jp/item/13909,,
1288,グレアミラージュ,牡,8,ディープブリランテ,458,2025-07-10,1480000,15870000,0,-1072.3,https://auction.keiba.rakuten.co.jp/item/14442,鼻出血,
931,タガノポストマン,牡,3,ヤマカツエース,480,2025-05-08,1480000,0,0,0.0,https://auction.keiba.rakuten.co.jp/item/14079,,
787,メイショウハヤセ,牝,3,ロジャーバローズ,430,2025-09-11,1480000,0,0,0.0,https://auction.keiba.rakuten.co.jp/item/14934,屈腱炎,
319,サンナイアガラ,牝,3,アメリカンペイトリオット,475,2025-09-28,1480000,6700000,0,-452.7,https://auction.keiba.rakuten.co.jp/item/15062,,
1236,プリティパール,牝,3,ルーラーシップ,416,2025-07-03,1480000,560000,0,-37.8,https://auction.keiba.rakuten.co.jp/item/14389,,
630,エピックサイクル,牝,3,マインドユアビスケッツ,438,2025-08-21,1480000,0,0,0.0,https://auction.keiba.rakuten.co.jp/item/14772,,
2361,タキ,牡,4,ハーツクライ,439,2025-12-25,1480000,8500000,0,-574.3,https://auction.keiba.rakuten.co.jp/item/15447,,
1557,タッセル,牡,3,ディーマジェスティ,474,2025-02-13,1480000,1650000,0,-111.5,https://auction.keiba.rakuten.co.jp/item/13713,DDSP,
1982,ウィルマッチ,牝,2,スマートファルコン,430,2024-10-10,1470000,955000,0,-65.0,https://auction.keiba.rakuten.co.jp/item/13148,,
433,シックスレイヴンズ,牝,3,Raven's Pass,448,2025-07-31,1470000,0,0,0.0,https://auction.keiba.rakuten.co.jp/item/14569,,
1094,ダルドワーズ,牝,3,エピカリス,454,2025-06-05,1460000,0,0,0.0,https://auction.keiba.rakuten.co.jp/item/14245,,
308,ウインギャラン,牡,3,アメリカンペイトリオット,496,2025-09-25,1460000,2627000,0,-179.9,https://auction.keiba.rakuten.co.jp/item/15051,DDSP / 喘鳴症,
313,ファルコンソード,牡,6,スマートファルコン,498,2025-09-25,1460000,29010000,0,-1987.0,https://auction.keiba.rakuten.co.jp/item/15056,,
2271,ロコルルハーツ,牡,4,ハーツクライ,478,2024-12-05,1460000,4830000,0,-330.8,https://auction.keiba.rakuten.co.jp/item/13441,疝痛,
1204,ライジンシチー,牡,3,サンダースノー,498,2025-06-26,1460000,0,0,0.0,https://auction.keiba.rakuten.co.jp/item/14357,,
2387,フェアリーブルー,牝,3,リオンディーズ,484,2025-12-25,1460000,10500000,0,-719.2,https://auction.keiba.rakuten.co.jp/item/15481,,
422,ジャスマン,牡,3,ゴールドシップ,480,2025-07-27,1450000,0,0,0.0,https://auction.keiba.rakuten.co.jp/item/14558,,
629,ウインリブルマン,牡,7,エピファネイア,500,2025-08-21,1450000,76148000,0,-5251.6,https://auction.keiba.rakuten.co.jp/item/14770,ゆう癖,
1336,ルクスソレイユ,牡,4,オルフェーヴル,462,2025-07-17,1450000,2371000,0,-163.5,https://auction.keiba.rakuten.co.jp/item/14491,骨折,
131,ガストン,セ,6,シルバーステート,454,2025-10-23,1450000,13640000,0,-940.7,https://auction.keiba.rakuten.co.jp/item/15193,屈腱炎,
2254,マイショウチャン,牡,4,ディスクリートキャット,442,2024-11-28,1450000,19670000,0,-1356.6,https://auction.keiba.rakuten.co.jp/item/13423,,
1723,ピンクリボンの23,牝,2,カレンブラックヒル,415,2025-03-27,1450000,0,0,0.0,https://auction.keiba.rakuten.co.jp/item/13885,裂傷,
733,マジェスティルール,牡,3,ルーラーシップ,408,2025-09-04,1450000,1950000,0,-134.5,https://auction.keiba.rakuten.co.jp/item/14880,皮膚炎,
2433,コナブラック,牡,6,キタサンブラック,524,,1440000,46439000,0,-3224.9,https://auction.keiba.rakuten.co.jp/item/15075,骨折 / 骨片,
2608,ワナカ,牝,4,モーニン,445,2026-02-19,1440000,2860000,0,-198.6,https://auction.keiba.rakuten.co.jp/item/15696,,
1847,ヤルダバオト,牡,3,スクリーンヒーロー,430,2024-09-12,1440000,3330000,0,-231.3,https://auction.keiba.rakuten.co.jp/item/13011,跛行,
1692,カレンヒナタ,牝,2,スマートオーディン,414,2025-03-20,1440000,0,0,0.0,https://auction.keiba.rakuten.co.jp/item/13852,屈腱炎,
609,プリヤンカー,牝,3,マクフィ,464,2025-08-21,1440000,1110000,0,-77.1,https://auction.keiba.rakuten.co.jp/item/14748,,
141,ヒシタイカン,セ,5,モーリス,432,2025-11-27,1440000,17821000,0,-1237.6,https://auction.keiba.rakuten.co.jp/item/15369,ゆう癖 / 跛行,
2419,ダオラダオラ,セ,5,ドレフォン,498,2025-12-25,1440000,5850000,0,-406.3,https://auction.keiba.rakuten.co.jp/item/15518,骨折,
1252,ウインメラナイト,牡,4,ジャスタウェイ,516,2025-07-03,1440000,10180000,0,-706.9,https://auction.keiba.rakuten.co.jp/item/14405,骨折,
388,ドラマツルギー,牝,3,カレンブラックヒル,420,2025-07-24,1430000,0,0,0.0,https://auction.keiba.rakuten.co.jp/item/14524,,
2050,エイシンゴースト,牝,3,ダイワメジャー,474,2024-10-24,1430000,476000,0,-33.3,https://auction.keiba.rakuten.co.jp/item/13217,,
660,ムーンレイデオ,牝,3,レイデオロ,438,2025-08-28,1430000,0,0,0.0,https://auction.keiba.rakuten.co.jp/item/14804,,
910,ラインストライカー,セ,6,コパノリッキー,493,2025-04-24,1430000,7791000,0,-544.8,https://auction.keiba.rakuten.co.jp/item/14058,さく癖 / ゆう癖 / 蟻洞,
1924,アクラシア,牡,4,ホッコータルマエ,494,2024-09-26,1430000,6211000,0,-434.3,https://auction.keiba.rakuten.co.jp/item/13089,,
2571,フクノジョヴァンニ,牝,4,ルヴァンスレーヴ,451,2026-02-12,1430000,2123000,0,-148.5,https://auction.keiba.rakuten.co.jp/item/15658,脚部不安 / 蟻洞 / 跛行,
302,オニムシャ,牡,3,シルバーステート,442,2025-09-25,1430000,3800000,0,-265.7,https://auction.keiba.rakuten.co.jp/item/15045,屈腱炎,
1975,メイショウヒメゴゼ,牝,5,マジェスティックウォリアー,478,2024-10-10,1430000,12600000,0,-881.1,https://auction.keiba.rakuten.co.jp/item/13141,,
1656,アルバスドラコ,セ,6,Camelot,475,2025-03-06,1420000,15440000,0,-1087.3,https://auction.keiba.rakuten.co.jp/item/13816,さく癖,
656,スペースリーガ,牡,3,カリフォルニアクローム,460,2025-08-28,1420000,0,0,0.0,https://auction.keiba.rakuten.co.jp/item/14799,,
463,メイショウトサンコ,牡,3,ホッコータルマエ,446,2025-08-03,1420000,0,0,0.0,https://auction.keiba.rakuten.co.jp/item/14599,,
2080,ブルーウィン,牝,4,ジャスタウェイ,462,2024-10-31,1420000,15514000,0,-1092.5,https://auction.keiba.rakuten.co.jp/item/13247,,
1826,エイミーショコラ,牝,3,サトノアラジン,458,2025-04-17,1420000,0,0,0.0,https://auction.keiba.rakuten.co.jp/item/13990,,
552,ベルアーブル,牝,3,ビッグアーサー,434,2025-08-14,1420000,3460000,0,-243.7,https://auction.keiba.rakuten.co.jp/item/14690,,
2348,ホウオウラムセス,牡,4,エピファネイア,504,2025-12-25,1420000,1850000,0,-130.3,https://auction.keiba.rakuten.co.jp/item/15428,,
2558,ラガマフィンガール,牝,4,イスラボニータ,501,2026-02-08,1420000,5245000,0,-369.4,https://auction.keiba.rakuten.co.jp/item/15645,骨折 / 骨片,
373,ガルヴァナイズ,牡,5,リアルスティール,522,2025-07-20,1410000,19270000,0,-1366.7,https://auction.keiba.rakuten.co.jp/item/14508,,
1841,ミリオーレアルバ,牡,3,ニューイヤーズデイ,500,2024-09-12,1410000,250000,0,-17.7,https://auction.keiba.rakuten.co.jp/item/13005,,
1486,ポケッティーノ,牡,5,ネロ,486,2025-01-23,1410000,1902000,0,-134.9,https://auction.keiba.rakuten.co.jp/item/13641,,
2439,エールヴィリース,牡,3,ワンアンドオンリー,486,,1410000,0,0,0.0,https://auction.keiba.rakuten.co.jp/item/14344,,
726,メイショウボナンザ,牝,3,メイショウサムソン,483,2025-09-04,1410000,70000,0,-5.0,https://auction.keiba.rakuten.co.jp/item/14873,,
80,アポ,牡,6,スズカコーズウェイ,481,2025-11-13,1410000,11300000,0,-801.4,https://auction.keiba.rakuten.co.jp/item/15319,,
1489,テーオールノワール,セ,7,パイロ,514,2025-01-23,1410000,6040000,0,-428.4,https://auction.keiba.rakuten.co.jp/item/13644,,
2391,メズメライザー,セ,6,ディスクリートキャット,532,2025-12-25,14010000,98892000,0,-705.9,https://auction.keiba.rakuten.co.jp/item/15485,,
421,ウエスタンタマヤ,牝,3,サンダースノー,457,2025-07-27,1400000,0,303000,21.6,https://auction.keiba.rakuten.co.jp/item/14557,,
1181,タガノミラクル,牝,3,ルーラーシップ,398,2025-06-22,1400000,0,0,0.0,https://auction.keiba.rakuten.co.jp/item/14334,,
916,ジャスミンガール,牝,3,マジェスティックウォリアー,420,2025-04-27,1400000,0,0,0.0,https://auction.keiba.rakuten.co.jp/item/14064,挫跖 / 跛行,
742,ツインビスケッツ,牝,5,マインドユアビスケッツ,474,2025-09-04,1400000,18700000,0,-1335.7,https://auction.keiba.rakuten.co.jp/item/14889,,
289,クロメヒョウ,牝,3,タリスマニック,464,2025-09-21,1400000,770000,0,-55.0,https://auction.keiba.rakuten.co.jp/item/15031,,
1775,テクニコス,牡,3,ハービンジャー,452,2025-04-03,1400000,0,0,0.0,https://auction.keiba.rakuten.co.jp/item/13937,,
1558,クリノオデッセイ,牡,4,ダノンシャーク,464,2025-02-13,1400000,1620000,0,-115.7,https://auction.keiba.rakuten.co.jp/item/13714,,
37,スマートラスター,牝,2,スマートオーディン,464,2025-11-06,1400000,871000,3671000,200.0,https://auction.keiba.rakuten.co.jp/item/15270,屈腱炎,
243,ベレーザフィン,牝,3,レイデオロ,422,2025-12-25,1400000,870000,0,-62.1,https://auction.keiba.rakuten.co.jp/item/15394,,
1842,プリンセスサクラ,牝,3,カレンブラックヒル,406,2024-09-12,1400000,5,0,-0.0,https://auction.keiba.rakuten.co.jp/item/13006,,
1957,リックブライアン,牝,13,ブライアンズタイム,400,2024-10-03,140000,0,0,0.0,https://auction.keiba.rakuten.co.jp/item/13123,さく癖,○
426,セレニティ,牝,3,ブリックスアンドモルタル,386,2025-07-27,1390000,4580000,0,-329.5,https://auction.keiba.rakuten.co.jp/item/14562,,
1602,カツゲキダイオウ,牡,8,エスポワールシチー,527,2025-02-20,1390000,22103000,0,-1590.1,https://auction.keiba.rakuten.co.jp/item/13758,さく癖 / 跛行,
1059,ショウナンバージ,牝,3,レイデオロ,430,2025-05-29,1390000,1400000,0,-100.7,https://auction.keiba.rakuten.co.jp/item/14209,,
1347,エイブリー,牝,2,マクマホン,508,2024-12-19,1390000,0,0,0.0,https://auction.keiba.rakuten.co.jp/item/13502,,
2156,エピデンドラムの23,牡,1,ウインバリアシオン,423,2024-11-14,1390000,0,0,0.0,https://auction.keiba.rakuten.co.jp/item/13324,屈腱炎,
2082,ディベルティール,セ,6,サウスヴィグラス,504,2024-10-31,1390000,23200000,0,-1669.1,https://auction.keiba.rakuten.co.jp/item/13249,,
1254,ニホンピロカミーノ,牡,3,ジャスタウェイ,478,2025-07-06,1390000,0,0,0.0,https://auction.keiba.rakuten.co.jp/item/14407,,
1999,チーフルガール,牝,3,フサイチセブン,410,2024-10-17,1390000,0,0,0.0,https://auction.keiba.rakuten.co.jp/item/13166,,
927,カルタジローネ,牝,3,リアルスティール,462,2025-05-08,1380000,0,0,0.0,https://auction.keiba.rakuten.co.jp/item/14075,,
1811,フォードスピリット,牡,3,ヘニーヒューズ,514,2025-04-10,1380000,0,0,0.0,https://auction.keiba.rakuten.co.jp/item/13974,骨折,
348,エイシンボーノ,牡,4,マインドユアビスケッツ,501,2025-10-02,1380000,3650000,0,-264.5,https://auction.keiba.rakuten.co.jp/item/15091,,
2241,クリノホノオ,牡,7,メイショウサムソン,489,2024-11-21,1380000,43288000,0,-3136.8,https://auction.keiba.rakuten.co.jp/item/13410,喉鳴り / 骨折,
1102,ヴェロニカペルシカ,牝,3,ダイワメジャー,424,2025-06-05,1380000,1930000,0,-139.9,https://auction.keiba.rakuten.co.jp/item/14253,,
1809,ハヤブサナンデヒメ,牝,3,モズアスコット,450,2025-04-10,1380000,0,0,0.0,https://auction.keiba.rakuten.co.jp/item/13972,,
1776,ファイアリーホット,牡,3,ミッキーアイル,446,2025-04-03,1380000,0,0,0.0,https://auction.keiba.rakuten.co.jp/item/13938,ゆう癖,
384,セージブラッシュ,牡,3,シルバーステート,480,2025-07-24,1380000,0,0,0.0,https://auction.keiba.rakuten.co.jp/item/14520,,
1635,チャーミングドール,牝,3,ファインニードル,430,2025-03-06,1380000,1100000,0,-79.7,https://auction.keiba.rakuten.co.jp/item/13793,,
1814,メイショウオキビ,牡,7,トウケイヘイロー,508,2025-04-10,1380000,41216000,0,-2986.7,https://auction.keiba.rakuten.co.jp/item/13978,跛行 / 飛節炎,
55,ニャンキニーズ,牡,2,エピカリス,440,2025-11-13,1380000,0,0,0.0,https://auction.keiba.rakuten.co.jp/item/15295,,
2167,ヒカルエリザベス,牝,3,ニシケンモノノフ,464,2024-11-14,1370000,2510000,0,-183.2,https://auction.keiba.rakuten.co.jp/item/13335,骨瘤,
260,ポリアンセモス,牝,3,リアルスティール,476,2025-09-18,1370000,2240000,0,-163.5,https://auction.keiba.rakuten.co.jp/item/15001,,
1325,アレグリーニ,牡,3,フィエールマン,458,2025-07-17,1370000,1400000,0,-102.2,https://auction.keiba.rakuten.co.jp/item/14480,,
2380,ユイノサシガネ,牡,2,アルアイン,496,2025-12-25,1370000,0,0,0.0,https://auction.keiba.rakuten.co.jp/item/15474,,
1550,ネクサスエッジ,牝,8,メイショウボーラー,503,2025-02-06,1370000,18460000,0,-1347.4,https://auction.keiba.rakuten.co.jp/item/13705,挫跖,
2001,フユソウビ,牡,3,ロージズインメイ,464,2024-10-17,1370000,9000000,0,-656.9,https://auction.keiba.rakuten.co.jp/item/13168,DDSP / 骨折,
1263,オーセンティアン,牝,3,スワーヴリチャード,468,2025-07-10,1370000,0,0,0.0,https://auction.keiba.rakuten.co.jp/item/14416,,
2111,オーケーイーグル,牡,2,アニマルキングダム,508,2024-11-07,1370000,0,0,0.0,https://auction.keiba.rakuten.co.jp/item/13279,,
1057,コスモリスナー,牡,3,ゴールドシップ,514,2025-05-29,1370000,225000,0,-16.4,https://auction.keiba.rakuten.co.jp/item/14207,打撲 / 裂傷 / 鼻出血,
792,サンダーフレア,牝,3,リアルスティール,468,2025-09-11,1360000,560000,0,-41.2,https://auction.keiba.rakuten.co.jp/item/14939,脚部不安,
2384,ヤマノインパクト,牡,3,カリフォルニアクローム,482,2025-12-25,1360000,5560000,0,-408.8,https://auction.keiba.rakuten.co.jp/item/15478,,
1619,ヴィアドロローサ,牡,6,ロードカナロア,448,2025-02-27,1360000,48501000,0,-3566.3,https://auction.keiba.rakuten.co.jp/item/13775,,
1208,クラリヴィデンシア,牡,3,ハービンジャー,444,2025-06-26,1360000,2900000,0,-213.2,https://auction.keiba.rakuten.co.jp/item/14361,擦過傷 / 旋回癖,
827,メイショウアキカゼ,牝,3,ダノンレジェンド,474,2025-09-14,1350000,3600000,0,-266.7,https://auction.keiba.rakuten.co.jp/item/14974,,
1588,コーラルムーン,牝,4,キタサンブラック,442,2025-02-20,1350000,11830000,0,-876.3,https://auction.keiba.rakuten.co.jp/item/13744,,
142,シルバーニース,牝,5,ルーラーシップ,466,2025-11-27,1350000,17910000,0,-1326.7,https://auction.keiba.rakuten.co.jp/item/15370,,
1525,クリングラー,牝,4,マジェスティックウォリアー,466,2025-01-30,1350000,6050000,0,-448.1,https://auction.keiba.rakuten.co.jp/item/13680,,
664,リライトヒストリー,牡,3,カリフォルニアクローム,470,2025-08-28,1350000,0,0,0.0,https://auction.keiba.rakuten.co.jp/item/14808,,
1877,クラックオブドーン,セ,4,サトノクラウン,474,2024-09-19,1350000,7000000,0,-518.5,https://auction.keiba.rakuten.co.jp/item/13042,脚部不安,
2602,カジカライズ,牡,5,シルバーステート,440,2026-02-19,1340000,3385000,0,-252.6,https://auction.keiba.rakuten.co.jp/item/15690,屈腱炎 / 皮膚炎,
1130,マイネルメドリング,牡,3,マインドユアビスケッツ,440,2025-06-12,1340000,0,0,0.0,https://auction.keiba.rakuten.co.jp/item/14282,,
269,エコロマーベリック,セ,5,ハーツクライ,502,2025-09-18,1340000,12230000,0,-912.7,https://auction.keiba.rakuten.co.jp/item/15010,骨折,
446,ユイノガリクソン,牡,3,ノーブルミッション,418,2025-07-31,1340000,1660000,0,-123.9,https://auction.keiba.rakuten.co.jp/item/14582,,
1013,ズイショウ(IRE),牝,3,Masar,480,2025-05-22,1340000,0,0,0.0,https://auction.keiba.rakuten.co.jp/item/14162,鼻出血,
2557,ジーグフェルド,牡,4,ホッコータルマエ,543,2026-02-08,1340000,5170000,0,-385.8,https://auction.keiba.rakuten.co.jp/item/15644,,
1514,アーベントイアー,牡,4,ロゴタイプ,506,2025-01-30,1340000,0,0,0.0,https://auction.keiba.rakuten.co.jp/item/13669,,
378,アンファング,牡,3,ロジャーバローズ,500,2025-07-24,1340000,0,770000,57.5,https://auction.keiba.rakuten.co.jp/item/14513,,
2584,マルシェ,牡,4,Le Havre,508,2026-02-15,1340000,0,0,0.0,https://auction.keiba.rakuten.co.jp/item/15671,,
1104,アクアマリンブルー,セ,7,オーシャンブルー,430,2025-06-05,1340000,9225000,0,-688.4,https://auction.keiba.rakuten.co.jp/item/14255,,
2249,ベアイミュニティ,牡,2,ドレフォン,472,2024-11-28,1330000,0,0,0.0,https://auction.keiba.rakuten.co.jp/item/13418,,
1459,ディープマインド,牡,5,マインドユアビスケッツ,538,2025-01-16,1330000,10480000,0,-788.0,https://auction.keiba.rakuten.co.jp/item/13614,,
838,サーフギャラクシー,牡,3,ビーチパトロール,478,2025-09-18,1330000,0,0,0.0,https://auction.keiba.rakuten.co.jp/item/14986,蟻洞,
1239,エルモッソペンドロ,牡,3,イスラボニータ,418,2025-07-03,1330000,2200000,0,-165.4,https://auction.keiba.rakuten.co.jp/item/14392,,
2310,メルテミア,牡,6,トゥザグローリー,492,2024-12-12,1330000,25740000,0,-1935.3,https://auction.keiba.rakuten.co.jp/item/13480,さく癖,
1596,パンセ,牡,4,ゴールドアクター,466,2025-02-20,1330000,18250000,0,-1372.2,https://auction.keiba.rakuten.co.jp/item/13752,鼻出血,
479,トリクロマティック,牡,3,サトノアラジン,468,2025-08-07,1330000,0,675000,50.8,https://auction.keiba.rakuten.co.jp/item/14615,,
938,クリノランシャーク,牡,3,ディーマジェスティ,452,2025-05-08,1330000,105000,0,-7.9,https://auction.keiba.rakuten.co.jp/item/14087,,
370,アクアノート,牝,2,タリスマニック,450,2025-07-20,1330000,210000,0,-15.8,https://auction.keiba.rakuten.co.jp/item/14505,,
1850,ソルトロック,牝,3,ドレフォン,440,2024-09-12,1330000,3860000,0,-290.2,https://auction.keiba.rakuten.co.jp/item/13014,,
1280,ミリアドタレント(GB),牝,3,ソットサス,436,2025-07-10,1330000,720000,0,-54.1,https://auction.keiba.rakuten.co.jp/item/14433,,
839,スターライトナイト,牝,3,ルーラーシップ,426,2025-09-18,1330000,0,0,0.0,https://auction.keiba.rakuten.co.jp/item/14987,骨折,
607,メイショウユウモウ,セ,3,ゴールドドリーム,438,2025-08-21,1330000,840000,0,-63.2,https://auction.keiba.rakuten.co.jp/item/14746,,
27,マッスルバック,牡,4,ミュゼスルタン,482,2025-11-06,13210000,25660000,25660000,0.0,https://auction.keiba.rakuten.co.jp/item/15261,骨折,
392,ボンショワ,牝,3,リアルインパクト,486,2025-07-24,1320000,0,0,0.0,https://auction.keiba.rakuten.co.jp/item/14528,,
2642,キングズブレス,牡,5,Kingman,494,2026-03-01,1320000,10400000,0,-787.9,https://auction.keiba.rakuten.co.jp/item/15738,挫跖 / 炎症 / 跛行,
206,サーティファイド,セ,6,マクフィ,460,2025-10-16,1320000,24700000,0,-1871.2,https://auction.keiba.rakuten.co.jp/item/15145,さく癖,
762,ウェカピポ,牡,3,ルーラーシップ,504,2025-09-07,1320000,0,0,0.0,https://auction.keiba.rakuten.co.jp/item/14909,ゆう癖,
1539,プリュムドランジュ,牝,5,ミッキーロケット,458,2025-02-06,1320000,1995000,0,-151.1,https://auction.keiba.rakuten.co.jp/item/13694,骨折 / 骨片,
2311,エクセレントタイム,セ,6,ハーツクライ,506,2024-12-12,1320000,42824000,0,-3244.2,https://auction.keiba.rakuten.co.jp/item/13481,ゆう癖,
888,ロケットバディー,牝,3,リオンディーズ,426,2025-04-24,1310000,550000,0,-42.0,https://auction.keiba.rakuten.co.jp/item/14036,,
2572,ナッシングベター,牝,4,ジャスタウェイ,452,2026-02-12,1310000,2160000,0,-164.9,https://auction.keiba.rakuten.co.jp/item/15659,,
760,ホワイトヘッド,牡,9,ダンカーク,545,2025-09-04,1310000,44335000,0,-3384.4,https://auction.keiba.rakuten.co.jp/item/14907,,
1413,ピースマッチング,セ,6,スウェプトオーヴァーボード,473,2024-12-26,1310000,26530000,0,-2025.2,https://auction.keiba.rakuten.co.jp/item/13568,感冒 / 跛行,
496,ジオパークコハク,牝,3,シニスターミニスター,490,2025-08-07,1310000,2200000,2448000,18.9,https://auction.keiba.rakuten.co.jp/item/14632,蕁麻疹,
2576,ウインデイブレイク,牡,3,ベンバトル,512,2026-02-15,1310000,0,0,0.0,https://auction.keiba.rakuten.co.jp/item/15663,骨瘤,
2292,マティアス,牡,7,サウスヴィグラス,499,2024-12-05,1310000,57205000,0,-4366.8,https://auction.keiba.rakuten.co.jp/item/13462,感冒 / 骨折 / 鼻出血,
977,ザセンチュリー,牡,3,シニスターミニスター,502,2025-05-15,1310000,0,0,0.0,https://auction.keiba.rakuten.co.jp/item/14126,骨折,
1496,ゲンブ,セ,4,モーニン,488,2025-01-23,1310000,3390000,0,-258.8,https://auction.keiba.rakuten.co.jp/item/13651,,
1548,ジャガンナート,牡,5,キタサンブラック,501,2025-02-06,1310000,3438000,0,-262.4,https://auction.keiba.rakuten.co.jp/item/13703,喉鳴り / 旋回癖,
130,リグレイアー,牝,5,タリスマニック,496,2025-10-23,1310000,11950000,0,-912.2,https://auction.keiba.rakuten.co.jp/item/15192,,
2547,シルバークラフト,牝,3,コパノリッキー,510,2026-02-22,1310000,0,0,0.0,https://auction.keiba.rakuten.co.jp/item/15702,骨折,
2418,ビップレーヌ,牝,4,リアルインパクト,478,2025-12-25,1310000,17260000,0,-1317.6,https://auction.keiba.rakuten.co.jp/item/15517,さく癖,
1183,タイニービキニ,牝,3,トーセンラー,416,2025-06-22,1310000,1800000,0,-137.4,https://auction.keiba.rakuten.co.jp/item/14336,,
1807,テリオスミナ,牝,3,サンダースノー,412,2025-04-10,1310000,0,0,0.0,https://auction.keiba.rakuten.co.jp/item/13970,,
1122,ヤサカエトワール,牝,3,イスラボニータ,506,2025-06-12,1300000,0,0,0.0,https://auction.keiba.rakuten.co.jp/item/14274,,
2438,エリオット,牡,7,サウスヴィグラス,542,,1300000,22670000,0,-1743.8,https://auction.keiba.rakuten.co.jp/item/14195,跛行 / 骨折 / 骨片,
634,アトラーレ,牝,3,リアルスティール,424,2025-08-24,1300000,0,800000,61.5,https://auction.keiba.rakuten.co.jp/item/14777,,
2107,ウエスタンイヴ,牝,13,エンパイアメーカー,500,2024-10-31,1300000,0,0,0.0,https://auction.keiba.rakuten.co.jp/item/13275,,○
1160,モズボーン,牝,3,モズアスコット,426,2025-06-19,1300000,0,0,0.0,https://auction.keiba.rakuten.co.jp/item/14312,,
1691,ピンクリボンの22,牝,3,エスポワールシチー,422,2025-03-20,1300000,0,0,0.0,https://auction.keiba.rakuten.co.jp/item/13851,,
480,ヒロニャン,牡,3,ワールドエース,510,2025-08-07,1300000,0,0,0.0,https://auction.keiba.rakuten.co.jp/item/14616,,
1014,ビビデバビデブー,牡,3,サトノダイヤモンド,438,2025-05-22,1300000,0,0,0.0,https://auction.keiba.rakuten.co.jp/item/14163,さく癖,
669,ジーナアクトレス,牝,3,ニューイヤーズデイ,474,2025-08-28,1290000,245000,0,-19.0,https://auction.keiba.rakuten.co.jp/item/14813,炎症 / 鼻出血,
2448,ウールワース,牝,4,ブリックスアンドモルタル,434,2026-01-08,1290000,0,0,0.0,https://auction.keiba.rakuten.co.jp/item/15537,骨折 / 骨片,
2536,ルクスディライト,牝,4,モズアスコット,418,2026-02-05,1290000,6540000,6540000,0.0,https://auction.keiba.rakuten.co.jp/item/15628,,
2566,フーレイ,牝,7,ビッグアーサー,470,2026-02-12,1290000,7927000,0,-614.5,https://auction.keiba.rakuten.co.jp/item/15653,,
1712,チャントアチャーム,牡,5,リアルインパクト,520,2025-03-20,1290000,6435000,0,-498.8,https://auction.keiba.rakuten.co.jp/item/13872,ゆう癖,
1001,リアルシング,牡,8,リアルインパクト,546,2025-05-15,1290000,53985000,0,-4184.9,https://auction.keiba.rakuten.co.jp/item/14150,フレグモーネ / 跛行 / 骨折,
2188,ファインプリンセス,牝,3,ファインニードル,526,2024-11-14,1280000,2060000,0,-160.9,https://auction.keiba.rakuten.co.jp/item/13356,鼻出血,
416,キスウマイ,牡,5,ロードバリオス,495,2025-07-24,1280000,7175000,0,-560.5,https://auction.keiba.rakuten.co.jp/item/14552,,
2219,シロノクミキョク,牝,4,ゴールドシップ,448,2024-11-21,1280000,9920000,0,-775.0,https://auction.keiba.rakuten.co.jp/item/13388,裂傷,
1315,マイネルトラキア,牡,3,ゴールドシップ,456,2025-07-17,1270000,0,0,0.0,https://auction.keiba.rakuten.co.jp/item/14470,,
611,イサゴールド,牝,3,サトノクラウン,414,2025-08-21,1270000,1400000,0,-110.2,https://auction.keiba.rakuten.co.jp/item/14751,,
59,チカポコ,牝,5,ブラックタイド,420,2025-11-13,1270000,11400000,0,-897.6,https://auction.keiba.rakuten.co.jp/item/15323,さく癖 / 屈腱炎,
882,シップウジョー,牡,3,デクラレーションオブウォー,446,2025-04-24,1270000,0,0,0.0,https://auction.keiba.rakuten.co.jp/item/14030,,
427,ウィルトゥーウェル,牝,3,サンダースノー,444,2025-07-27,1270000,4807000,0,-378.5,https://auction.keiba.rakuten.co.jp/item/14563,,
1453,ビップジェシー,牝,3,カリフォルニアクローム,428,2025-01-16,1270000,1950000,0,-153.5,https://auction.keiba.rakuten.co.jp/item/13608,,
727,クリノエドガー,牡,3,アジアエクスプレス,498,2025-09-04,1260000,150000,0,-11.9,https://auction.keiba.rakuten.co.jp/item/14874,,
1323,サバイバルナイン,牝,3,アレスバローズ,476,2025-07-17,1260000,540000,0,-42.9,https://auction.keiba.rakuten.co.jp/item/14478,,
673,メイショウクメハチ,牡,3,メイショウサムソン,492,2025-08-28,1260000,560000,0,-44.4,https://auction.keiba.rakuten.co.jp/item/14818,,
2305,ショウナンマリン,牝,3,シルバーステート,446,2024-12-12,1260000,3600000,0,-285.7,https://auction.keiba.rakuten.co.jp/item/13475,屈腱炎,
296,パラダイスステート,牝,2,シルバーステート,419,2025-09-25,1260000,0,0,0.0,https://auction.keiba.rakuten.co.jp/item/15039,屈腱炎 / 関節炎,
2289,サイレントウルフ,牡,4,リーチザクラウン,520,2024-12-05,1260000,17540000,0,-1392.1,https://auction.keiba.rakuten.co.jp/item/13459,挫跖 / 骨折,
2250,ホーススピリット,牡,2,デクラレーションオブウォー,534,2024-11-28,1260000,0,0,0.0,https://auction.keiba.rakuten.co.jp/item/13419,DDSP,
1876,ピエスダルジャン,牡,3,ハービンジャー,438,2024-09-19,1260000,3060000,0,-242.9,https://auction.keiba.rakuten.co.jp/item/13041,,
104,クアトロフォルトナ,牡,3,バゴ,520,2025-11-20,1260000,652000,0,-51.7,https://auction.keiba.rakuten.co.jp/item/15346,骨折,
836,オルティジア,牡,3,マクフィ,472,2025-09-18,1260000,0,0,0.0,https://auction.keiba.rakuten.co.jp/item/14983,挫跖,
366,オメガセレナーデ,牝,3,ドゥラメンテ,436,2025-07-20,1260000,0,0,0.0,https://auction.keiba.rakuten.co.jp/item/14500,さく癖 / ゆう癖,
989,ワンハート,牝,3,Karakontie,428,2025-05-15,1260000,830000,0,-65.9,https://auction.keiba.rakuten.co.jp/item/14138,,
1270,ファランジリング,牝,3,キタサンブラック,474,2025-07-10,1260000,0,0,0.0,https://auction.keiba.rakuten.co.jp/item/14423,骨折,
484,ハイエストランク,牝,3,ミスターメロディ,466,2025-08-07,1250000,315000,0,-25.2,https://auction.keiba.rakuten.co.jp/item/14620,繋靭帯炎,
844,ヴァルドグラース,牝,3,ドゥラメンテ,426,2025-09-18,1250000,560000,0,-44.8,https://auction.keiba.rakuten.co.jp/item/14992,さく癖 / 骨瘤,
387,トラストユー,牝,3,ノーブルミッション,436,2025-07-24,1250000,0,0,0.0,https://auction.keiba.rakuten.co.jp/item/14523,,
1322,レインチェック,牝,3,Postponed,382,2025-07-17,1250000,0,0,0.0,https://auction.keiba.rakuten.co.jp/item/14477,,
1677,エールヴァーゲ,牝,4,ロゴタイプ,434,2025-03-13,1250000,1700000,0,-136.0,https://auction.keiba.rakuten.co.jp/item/13837,,
539,モルゲンゾンネ,牡,3,レイデオロ,450,2025-08-14,1250000,0,0,0.0,https://auction.keiba.rakuten.co.jp/item/14677,,
618,エイシンイーピン,牝,2,ニホンピロアワーズ,448,2025-08-21,1240000,980000,0,-79.0,https://auction.keiba.rakuten.co.jp/item/14759,,
1772,エニーサンダー,牡,3,ダイシンサンダー,434,2025-04-03,1240000,0,0,0.0,https://auction.keiba.rakuten.co.jp/item/13934,,
842,ブライトノヴァ,牡,3,ウインブライト,474,2025-09-18,1240000,0,0,0.0,https://auction.keiba.rakuten.co.jp/item/14990,跛行,
1606,クァンタムリード,牡,3,リアルインパクト,426,2025-02-27,1240000,0,0,0.0,https://auction.keiba.rakuten.co.jp/item/13762,,
2324,ゴールデンナイト,牡,6,ロードカナロア,484,2024-12-12,1240000,9247000,0,-745.7,https://auction.keiba.rakuten.co.jp/item/13494,さく癖 / 骨折,
585,ヴェルドロ,セ,3,ドゥラメンテ,460,2025-08-21,1240000,0,0,0.0,https://auction.keiba.rakuten.co.jp/item/14724,,
774,コスモマガラニカ,牡,3,ダノンバラード,442,2025-09-07,1240000,5690000,0,-458.9,https://auction.keiba.rakuten.co.jp/item/14921,裂蹄,
1247,スマートヌーメン,牝,4,キズナ,460,2025-07-03,1240000,3295000,0,-265.7,https://auction.keiba.rakuten.co.jp/item/14400,,
1161,ダウントゥアース,牡,3,ジャスタウェイ,480,2025-06-19,1240000,375000,0,-30.2,https://auction.keiba.rakuten.co.jp/item/14313,DDSP / 炎症,
1271,フリットフライ,牡,3,ビッグアーサー,520,2025-07-10,1240000,0,0,0.0,https://auction.keiba.rakuten.co.jp/item/14424,屈腱炎,
1895,カレンタントミールの23,牡,1,サングレーザー,409,2024-09-26,1240000,0,0,0.0,https://auction.keiba.rakuten.co.jp/item/13060,脚部不安,
2432,バレドラパン,牝,3,モーリス,454,,1230000,1400000,0,-113.8,https://auction.keiba.rakuten.co.jp/item/15033,骨折,
2307,ジャンバラヤ,牡,3,シルバーステート,426,2024-12-12,1230000,8140000,0,-661.8,https://auction.keiba.rakuten.co.jp/item/13477,,
1095,チャンピオンリボン,牝,3,サンダースノー,420,2025-06-05,1230000,0,0,0.0,https://auction.keiba.rakuten.co.jp/item/14246,,
1260,コスモカピタン,牡,3,コパノリッキー,462,2025-07-06,1230000,4646000,0,-377.7,https://auction.keiba.rakuten.co.jp/item/14413,,
740,サルーポルティ,牝,3,モーリス,408,2025-09-04,1230000,7050000,0,-573.2,https://auction.keiba.rakuten.co.jp/item/14887,,
404,ラブカマクフィー,牝,3,マクフィ,426,2025-07-24,1230000,2760000,2840000,6.5,https://auction.keiba.rakuten.co.jp/item/14540,跛行,
915,ジークマインド,牝,3,マインドユアビスケッツ,454,2025-04-27,1230000,0,0,0.0,https://auction.keiba.rakuten.co.jp/item/14063,,
1535,ナイトアウェイ,セ,4,ハーツクライ,450,2025-02-06,1230000,1800000,0,-146.3,https://auction.keiba.rakuten.co.jp/item/13690,旋回癖 / 骨折 / 骨片,
2517,ラシッド,牡,3,マクマホン,479,2026-02-01,1230000,980000,0,-79.7,https://auction.keiba.rakuten.co.jp/item/15608,,
547,アデニウム,牝,3,アルアイン,416,2025-08-14,1220000,1280000,0,-104.9,https://auction.keiba.rakuten.co.jp/item/14685,,
561,スマートレイヴ,牝,4,バゴ,427,2025-08-14,1220000,5445000,0,-446.3,https://auction.keiba.rakuten.co.jp/item/14699,,
2300,コスモヴェントゥス,牡,2,ウインブライト,436,2024-12-12,1220000,0,0,0.0,https://auction.keiba.rakuten.co.jp/item/13470,,
1972,エナジーチャイム,牝,4,エピファネイア,442,2024-10-10,1220000,7000000,0,-573.8,https://auction.keiba.rakuten.co.jp/item/13138,ゆう癖 / 骨折,
1690,ハイレリーフ,牝,7,マツリダゴッホ,477,2025-03-16,1220000,12460000,0,-1021.3,https://auction.keiba.rakuten.co.jp/item/13850,,
937,マサムネ,牡,3,サングレーザー,492,2025-05-08,1220000,0,0,0.0,https://auction.keiba.rakuten.co.jp/item/14085,,
677,タッチザシーリング,牝,3,アルアイン,426,2025-08-28,1220000,720000,0,-59.0,https://auction.keiba.rakuten.co.jp/item/14822,,
1435,アウストラリス,牝,4,ロジャーバローズ,422,2025-01-09,1210000,4060000,0,-335.5,https://auction.keiba.rakuten.co.jp/item/13590,,
540,ポンペルモ,牡,3,モーリス,430,2025-08-14,1210000,102000,0,-8.4,https://auction.keiba.rakuten.co.jp/item/14678,,
186,リケアディンブラ,牝,3,ファインニードル,473,2025-10-09,1210000,1185000,1185000,0.0,https://auction.keiba.rakuten.co.jp/item/15125,骨折,
1698,ホリゾンブルー,牝,3,ゴールドシップ,392,2025-03-20,1210000,0,0,0.0,https://auction.keiba.rakuten.co.jp/item/13858,,
1699,リヴァスピナー,牡,3,サトノダイヤモンド,450,2025-03-20,1210000,0,0,0.0,https://auction.keiba.rakuten.co.jp/item/13859,,
890,プレカーサー,牡,4,ロゴタイプ,534,2025-04-24,1210000,105000,0,-8.7,https://auction.keiba.rakuten.co.jp/item/14038,,
315,ルミエールドゥース,牝,4,ハーツクライ,476,2025-09-28,1210000,5750000,0,-475.2,https://auction.keiba.rakuten.co.jp/item/15058,ゆう癖 / 跛行,
1235,ブルーラジカル,牡,3,ロージズインメイ,480,2025-07-03,1210000,0,0,0.0,https://auction.keiba.rakuten.co.jp/item/14388,,
2044,クリノキングボス,牡,7,キングカメハメハ,470,2024-10-24,1210000,15310000,0,-1265.3,https://auction.keiba.rakuten.co.jp/item/13211,,
343,キングズロア,牡,4,Kingman,508,2025-10-02,1210000,388000,0,-32.1,https://auction.keiba.rakuten.co.jp/item/15086,骨折,
1437,アクロスザシーズ,牝,4,ジャスタウェイ,428,2025-01-09,1210000,5060000,0,-418.2,https://auction.keiba.rakuten.co.jp/item/13592,フレグモーネ,
1206,ロジアンドモルタル,牡,3,ブリックスアンドモルタル,480,2025-06-26,1210000,0,0,0.0,https://auction.keiba.rakuten.co.jp/item/14359,挫跖 / 跛行,
973,ウインクレドール,牡,3,モーリス,468,2025-05-15,1210000,0,0,0.0,https://auction.keiba.rakuten.co.jp/item/14122,,
361,イズジョーノヒカリ,牝,4,ミッキーグローリー,503,2025-10-05,1210000,6664000,5875000,-65.2,https://auction.keiba.rakuten.co.jp/item/15104,骨折,
2526,ソヴァージュ,牝,3,タリスマニック,438,2026-02-05,1210000,0,0,0.0,https://auction.keiba.rakuten.co.jp/item/15618,,
928,ケイツーペニー,牝,3,アメリカンペイトリオット,440,2025-05-08,1200000,0,1798000,149.8,https://auction.keiba.rakuten.co.jp/item/14076,,
15258,バジルフレイバー,牝,7,ホッコータルマエ,478,2025-11-02,1200000,14590000,14740000,12.5,https://auction.keiba.rakuten.co.jp/item/15258,鼻出血,
2371,パーフェクトチャンス,牝,20,Unbridled's Song,400,2025-12-25,1200000,0,0,0.0,https://auction.keiba.rakuten.co.jp/item/15459,骨折,○
2407,リヴァイデント,牝,4,ブリックスアンドモルタル,418,2025-12-25,1200000,1400000,0,-116.7,https://auction.keiba.rakuten.co.jp/item/15504,,
721,フランシュフック,牡,3,ヘニーヒューズ,570,2025-09-04,1200000,0,0,0.0,https://auction.keiba.rakuten.co.jp/item/14867,,
1222,ロジピエルフ,牡,3,ロジユニヴァース,480,2025-06-29,1200000,0,0,0.0,https://auction.keiba.rakuten.co.jp/item/14375,,
471,ウインアレース,牡,3,ウインブライト,472,2025-08-07,1200000,0,0,0.0,https://auction.keiba.rakuten.co.jp/item/14607,,
2494,ホワイトソックス,牝,13,Scipion,400,,1200000,0,0,0.0,https://auction.keiba.rakuten.co.jp/item/15247,,○
424,ジューンアレグロ,牡,3,ミッキーアイル,426,2025-07-27,1200000,560000,0,-46.7,https://auction.keiba.rakuten.co.jp/item/14560,,
2081,ナバロン,牡,5,ブラックタイド,514,2024-10-31,1200000,28520000,0,-2376.7,https://auction.keiba.rakuten.co.jp/item/13248,,
101,マルクパージュ,牝,5,ハービンジャー,424,2025-11-20,1200000,15980000,0,-1331.7,https://auction.keiba.rakuten.co.jp/item/15343,,
1439,ミトノシャルマン,牡,5,キンシャサノキセキ,457,2025-01-09,1200000,12520000,0,-1043.3,https://auction.keiba.rakuten.co.jp/item/13594,骨折,
921,ジューンシャトル,牡,5,メイショウボーラー,454,2025-04-27,1200000,7405000,0,-617.1,https://auction.keiba.rakuten.co.jp/item/14069,,
293,フシゼンナガール,牝,2,エスポワールシチー,466,2025-09-21,1190000,525000,688000,13.7,https://auction.keiba.rakuten.co.jp/item/15036,,
719,オメガストリーム,牝,3,アルアイン,476,2025-09-04,1190000,0,0,0.0,https://auction.keiba.rakuten.co.jp/item/14864,さく癖 / 跛行,
1931,マイネルシスネロス,牡,7,キングカメハメハ,478,2024-09-26,1190000,26198000,0,-2201.5,https://auction.keiba.rakuten.co.jp/item/13096,屈腱炎 / 鼻出血,
466,サフラナール,牝,2,マジェスティックウォリアー,454,2025-08-03,1180000,70000,0,-5.9,https://auction.keiba.rakuten.co.jp/item/14602,,
2442,エイシンドップラー,牡,3,エーシントップ,489,,1180000,3375000,0,-286.0,https://auction.keiba.rakuten.co.jp/item/13083,,
1568,フィザリス,牡,3,タリスマニック,464,2025-02-13,1180000,1500000,0,-127.1,https://auction.keiba.rakuten.co.jp/item/13724,,
2047,フラメンタ,牝,2,ディーマジェスティ,430,2024-10-24,1180000,1700000,0,-144.1,https://auction.keiba.rakuten.co.jp/item/13214,,
517,バインドロック,牝,4,エスポワールシチー,468,2025-08-10,1180000,4472000,0,-379.0,https://auction.keiba.rakuten.co.jp/item/14655,骨瘤,
1362,タイガードラゴン,牡,3,ミュゼスルタン,456,2024-12-19,1180000,7200000,0,-610.2,https://auction.keiba.rakuten.co.jp/item/13517,骨折,
1425,ココリホウオウ,セ,7,ワールドエース,468,2025-01-09,1170000,52443000,0,-4482.3,https://auction.keiba.rakuten.co.jp/item/13580,,
926,オーサムシャドウ,牝,3,ドレフォン,416,2025-05-08,1170000,0,0,0.0,https://auction.keiba.rakuten.co.jp/item/14074,,
2253,ナウズザタイム,牝,4,リアルインパクト,470,2024-11-28,1170000,14700000,0,-1256.4,https://auction.keiba.rakuten.co.jp/item/13422,骨折,
1342,エアセイラン,牡,7,Air Force Blue,490,2025-07-17,1170000,23635000,0,-2020.1,https://auction.keiba.rakuten.co.jp/item/14497,骨折 / 骨片,
1600,ビップアクア,牝,6,ディープブリランテ,461,2025-02-20,1170000,26915000,0,-2300.4,https://auction.keiba.rakuten.co.jp/item/13756,疝痛 / 腸捻転,
1275,ルディシャ,牡,3,レイデオロ,460,2025-07-10,1170000,0,0,0.0,https://auction.keiba.rakuten.co.jp/item/14428,,
2115,アパショナード,牡,5,ワールドエース,428,2024-11-07,1160000,13690000,0,-1180.2,https://auction.keiba.rakuten.co.jp/item/13283,,
1097,ファストパスキー,牡,3,モーリス,450,2025-06-05,1160000,0,0,0.0,https://auction.keiba.rakuten.co.jp/item/14248,さく癖,
1273,マイネルゲミュート,牡,3,ウインブライト,436,2025-07-10,1160000,0,0,0.0,https://auction.keiba.rakuten.co.jp/item/14426,打撲 / 裂傷,
639,ベルジャッド,牝,3,ブリックスアンドモルタル,414,2025-08-24,1160000,840000,0,-72.4,https://auction.keiba.rakuten.co.jp/item/14782,,
2447,ジーモンスター,牡,3,モズアスコット,506,2026-01-08,1160000,3270000,0,-281.9,https://auction.keiba.rakuten.co.jp/item/15536,屈腱炎,
399,サンジャシント(IRE),牡,3,Earthlight,484,2025-07-24,1160000,1100000,0,-94.8,https://auction.keiba.rakuten.co.jp/item/14535,DDSP,
2210,チェスター,牡,2,トーセンレーヴ,470,2024-11-21,1160000,0,0,0.0,https://auction.keiba.rakuten.co.jp/item/13379,蟻洞,
500,フクチャンキング,セ,5,マインドユアビスケッツ,535,2025-08-07,1160000,13080000,0,-1127.6,https://auction.keiba.rakuten.co.jp/item/14636,,
2000,デルマプラクリティ,牡,3,ロゴタイプ,464,2024-10-17,1160000,1400000,0,-120.7,https://auction.keiba.rakuten.co.jp/item/13167,,
1212,フラッシュフリーズ,牝,4,ロードカナロア,404,2025-06-26,1160000,7920000,0,-682.8,https://auction.keiba.rakuten.co.jp/item/14365,,
1327,ウインコンパス,牡,3,ファインニードル,442,2025-07-17,1160000,1930000,0,-166.4,https://auction.keiba.rakuten.co.jp/item/14482,鼻出血,
1694,ジャストフォーラン,牡,3,ラブリーデイ,460,2025-03-20,1160000,0,0,0.0,https://auction.keiba.rakuten.co.jp/item/13854,,
1554,ウインソラネル,牡,3,ディーマジェスティ,458,2025-02-13,1160000,0,0,0.0,https://auction.keiba.rakuten.co.jp/item/13710,,
2574,エルロロ,牝,5,アジアエクスプレス,524,2026-02-12,1160000,6260000,0,-539.7,https://auction.keiba.rakuten.co.jp/item/15661,,
475,クロシオカレント,牡,3,ブリックスアンドモルタル,440,2025-08-07,1160000,0,0,0.0,https://auction.keiba.rakuten.co.jp/item/14611,,
268,インファンタ,牝,4,キンシャサノキセキ,484,2025-09-18,1160000,6900000,0,-594.8,https://auction.keiba.rakuten.co.jp/item/15009,,
489,グランツローゼ,牝,3,ゴールドシップ,440,2025-08-07,1160000,1830000,0,-157.8,https://auction.keiba.rakuten.co.jp/item/14625,,
1553,インシーズン,牝,3,ゴールドシップ,432,2025-02-13,1150000,0,0,0.0,https://auction.keiba.rakuten.co.jp/item/13709,,
1126,グレースシャルマン,牝,3,トーセンラー,440,2025-06-12,1150000,0,0,0.0,https://auction.keiba.rakuten.co.jp/item/14278,旋回癖,
1670,レーニス,牝,3,ミッキーアイル,430,2025-03-13,1150000,9566000,0,-831.8,https://auction.keiba.rakuten.co.jp/item/13830,,
203,オーケースマイル,牝,3,スワーヴリチャード,430,2025-10-16,1150000,6600000,0,-573.9,https://auction.keiba.rakuten.co.jp/item/15142,,
1085,モズイロハチャン,牝,3,ロジャーバローズ,506,2025-06-05,1150000,0,0,0.0,https://auction.keiba.rakuten.co.jp/item/14236,,
291,テソリーノ,牡,3,サートゥルナーリア,558,2025-09-21,1150000,1465000,0,-127.4,https://auction.keiba.rakuten.co.jp/item/15034,骨瘤,
2443,スバラシイヒビ,牡,6,ラブリーデイ,485,,1150000,16427000,0,-1428.4,https://auction.keiba.rakuten.co.jp/item/13461,,
1065,テーオーコンドル,セ,6,エピファネイア,480,2025-05-29,1150000,10230000,0,-889.6,https://auction.keiba.rakuten.co.jp/item/14215,,
2416,メリトーリアス,牡,3,オルフェーヴル,536,2025-12-25,1150000,7000000,0,-608.7,https://auction.keiba.rakuten.co.jp/item/15515,喉鳴り / 肺出血,
1930,スマートウィザード,牡,7,スマートファルコン,482,2024-09-26,1150000,25025000,0,-2176.1,https://auction.keiba.rakuten.co.jp/item/13095,,
683,ダンスデュヴァン,牡,3,ルヴァンスレーヴ,480,2025-08-28,1150000,1400000,0,-121.7,https://auction.keiba.rakuten.co.jp/item/14828,OCD,
367,テルバスタ,牝,3,American Pharoah,550,2025-07-20,1150000,0,0,0.0,https://auction.keiba.rakuten.co.jp/item/14502,OCD / 関節炎 / 骨片 / 骨瘤,
1509,サンムーン,牝,3,ビッグアーサー,536,2025-01-30,1140000,0,0,0.0,https://auction.keiba.rakuten.co.jp/item/13664,,
635,キョウエイセレッソ,牝,3,タワーオブロンドン,436,2025-08-24,1140000,0,0,0.0,https://auction.keiba.rakuten.co.jp/item/14778,,
143,アルヴィエンヌ,牝,5,ダイワメジャー,490,2025-11-27,1140000,21230000,0,-1862.3,https://auction.keiba.rakuten.co.jp/item/15371,ゆう癖 / 跛行,
1076,シルバージュエリー,牝,3,シルバーステート,466,2025-05-29,1140000,6200000,0,-543.9,https://auction.keiba.rakuten.co.jp/item/14227,筋肉痛 / 骨折 / 鼻出血,
1258,ニシノプロテア,牡,3,ルーラーシップ,472,2025-07-06,1140000,0,0,0.0,https://auction.keiba.rakuten.co.jp/item/14411,,
1070,ヘニーズネフュー,牡,4,キズナ,468,2025-05-29,1140000,9225000,0,-809.2,https://auction.keiba.rakuten.co.jp/item/14221,,
566,ウインドブロウン,牡,9,サウスヴィグラス,492,2025-08-14,1140000,34935000,0,-3064.5,https://auction.keiba.rakuten.co.jp/item/14704,,
1426,ヘリオス,セ,9,オルフェーヴル,482,2025-01-09,11310000,261807000,0,-2314.8,https://auction.keiba.rakuten.co.jp/item/13581,,
703,ワイドカイゼリン,牝,5,アメリカンペイトリオット,508,2025-08-28,1130000,13323000,0,-1179.0,https://auction.keiba.rakuten.co.jp/item/14848,骨折,
1394,ネオシャクナゲ,牡,2,パドトロワ,492,2024-12-26,1130000,0,0,0.0,https://auction.keiba.rakuten.co.jp/item/13549,,
2282,ファビュラスロード,牡,3,ロードカナロア,454,2024-12-05,1130000,5245000,0,-464.2,https://auction.keiba.rakuten.co.jp/item/13452,,
2261,クラウンパント,牝,3,リーチザクラウン,430,2024-11-28,1130000,3450000,0,-305.3,https://auction.keiba.rakuten.co.jp/item/13430,さく癖,
1741,プラタルス,牡,6,ダンカーク,482,2025-03-27,1130000,5485000,0,-485.4,https://auction.keiba.rakuten.co.jp/item/13903,骨折,
2637,タマリスペクト,牡,3,カリフォルニアクローム,450,2026-03-01,1130000,0,0,0.0,https://auction.keiba.rakuten.co.jp/item/15733,,
1066,マイネルクロンヌ,牡,8,オルフェーヴル,502,2025-05-29,1130000,61067000,0,-5404.2,https://auction.keiba.rakuten.co.jp/item/14216,打撲 / 裂蹄 / 骨折 / 骨瘤,
2026,ジュンハンス,牡,5,クリエイターⅡ,466,2024-10-17,1130000,16130000,0,-1427.4,https://auction.keiba.rakuten.co.jp/item/13193,,
2066,アラスカの23,牝,1,スワーヴリチャード,375,2024-10-31,1120000,0,0,0.0,https://auction.keiba.rakuten.co.jp/item/13233,,
1498,エイシンオキクルミ,牡,4,エイシンヒカリ,490,2025-01-23,1120000,4740000,0,-423.2,https://auction.keiba.rakuten.co.jp/item/13653,,
2142,メタルクラフト,牡,4,バゴ,480,2024-11-07,1120000,1489000,0,-132.9,https://auction.keiba.rakuten.co.jp/item/13310,,
2309,レヴォルタード,セ,4,エピファネイア,506,2024-12-12,1120000,21931000,0,-1958.1,https://auction.keiba.rakuten.co.jp/item/13479,炎症 / 鼻出血,
1926,エイシンクリード,牝,5,ハーツクライ,470,2024-09-26,1120000,7235000,0,-646.0,https://auction.keiba.rakuten.co.jp/item/13091,,
2498,ロイヤルザップ,牡,7,キングカメハメハ,502,2026-01-11,1120000,22253000,0,-1986.9,https://auction.keiba.rakuten.co.jp/item/15563,感冒,
2255,アウゲンブリック,牡,5,ロードカナロア,510,2024-11-28,1120000,5578000,0,-498.0,https://auction.keiba.rakuten.co.jp/item/13424,跛行 / 骨折,
2078,ラスブリサス,牡,4,ジャスタウェイ,529,2024-10-31,1120000,8620000,0,-769.6,https://auction.keiba.rakuten.co.jp/item/13245,ゆう癖 / 球節炎,
871,ランカグア,牝,5,ルーラーシップ,462,2025-04-20,1120000,13134000,0,-1172.7,https://auction.keiba.rakuten.co.jp/item/14019,ゆう癖,
202,ロゼインパルス,牡,2,ストロングリターン,420,2025-10-16,1120000,0,240000,21.4,https://auction.keiba.rakuten.co.jp/item/15141,,
2386,レディエンス,牝,3,ニューイヤーズデイ,448,2025-12-25,1120000,9650000,0,-861.6,https://auction.keiba.rakuten.co.jp/item/15480,,
147,ダイヤノゴトク,牝,3,サトノダイヤモンド,454,2025-11-27,1120000,3326000,0,-297.0,https://auction.keiba.rakuten.co.jp/item/15375,フレグモーネ,
649,イッスンボウシ,牡,2,ダノンプレミアム,420,2025-08-28,1120000,0,0,0.0,https://auction.keiba.rakuten.co.jp/item/14792,,
809,エムティルイス,牡,2,タイセイレジェンド,410,2025-09-11,1120000,0,0,0.0,https://auction.keiba.rakuten.co.jp/item/14956,,
303,オロスコピオ,牝,3,トーセンラー,426,2025-09-25,1120000,7000000,0,-625.0,https://auction.keiba.rakuten.co.jp/item/15046,,
1583,ジャスミン,牝,3,サトノアラジン,454,2025-02-20,1110000,0,0,0.0,https://auction.keiba.rakuten.co.jp/item/13739,,
251,アンエクスプロード,牡,3,ヘニーヒューズ,510,2025-12-25,1110000,5700000,0,-513.5,https://auction.keiba.rakuten.co.jp/item/15402,,
1058,サーリアル,牝,3,ブリックスアンドモルタル,428,2025-05-29,1110000,720000,0,-64.9,https://auction.keiba.rakuten.co.jp/item/14208,挫跖,
1611,ミシュリーヌ,牝,3,エイシンフラッシュ,450,2025-02-27,1110000,0,0,0.0,https://auction.keiba.rakuten.co.jp/item/13767,,
1043,グロリオサ,牡,5,インカンテーション,459,2025-05-25,1110000,21058000,0,-1897.1,https://auction.keiba.rakuten.co.jp/item/14193,感冒 / 跛行 / 鼻出血,
465,ベストファンタジー,牝,3,リオンディーズ,488,2025-08-03,1110000,2200000,2200000,0.0,https://auction.keiba.rakuten.co.jp/item/14601,,
1125,アルクドラ,牝,3,アルアイン,474,2025-06-12,1110000,0,0,0.0,https://auction.keiba.rakuten.co.jp/item/14277,,
1523,ノブトモ,牡,4,ベストウォーリア,496,2025-01-30,1110000,5620000,0,-506.3,https://auction.keiba.rakuten.co.jp/item/13678,,
1798,ロジドレフォン,牡,5,ドレフォン,500,2025-04-06,1110000,6872000,0,-619.1,https://auction.keiba.rakuten.co.jp/item/13961,,
1966,ナムラルナ,牝,2,ダンカーク,478,2024-10-10,1110000,0,0,0.0,https://auction.keiba.rakuten.co.jp/item/13132,,
1952,パルガン,牝,5,ホッコータルマエ,466,2024-10-03,1110000,10290000,0,-927.0,https://auction.keiba.rakuten.co.jp/item/13117,フレグモーネ / 裂傷 / 骨瘤,
1791,トップリーチ,牡,8,ディープブリランテ,475,2025-04-03,1110000,27545000,0,-2481.5,https://auction.keiba.rakuten.co.jp/item/13954,,
485,ジェントルショット,牡,3,ニューイヤーズデイ,482,2025-08-07,1100000,720000,0,-65.5,https://auction.keiba.rakuten.co.jp/item/14621,,
2398,メジャーアピール,牡,3,ダイワメジャー,465,2025-12-25,1100000,1060000,0,-96.4,https://auction.keiba.rakuten.co.jp/item/15492,OCD,
1502,メイショウオーパス,牡,10,メイショウボーラー,520,2025-01-23,1100000,115109000,0,-10464.5,https://auction.keiba.rakuten.co.jp/item/13657,,
525,オメガエクレール,牝,3,イスラボニータ,420,2025-08-14,1100000,0,0,0.0,https://auction.keiba.rakuten.co.jp/item/14663,骨折,
382,ゴールドエンペラー,牡,3,ゴールドドリーム,500,2025-07-24,1100000,0,0,0.0,https://auction.keiba.rakuten.co.jp/item/14518,,
461,マグナドムス,牡,3,American Pharoah,456,2025-07-31,1100000,0,1705000,155.0,https://auction.keiba.rakuten.co.jp/item/14597,骨片,
912,シンキロウ(IRE),牝,3,Too Darn Hot,400,2025-04-24,1100000,0,0,0.0,https://auction.keiba.rakuten.co.jp/item/14060,繋靭帯炎 / 骨折,○
1386,ブライトメッセージ,牝,16,シンボリクリスエス,592,2024-12-19,110000,0,0,0.0,https://auction.keiba.rakuten.co.jp/item/13541,,○
1878,ショッキングブルー,牝,4,バゴ,446,2024-09-19,110000,8000000,0,-7272.7,https://auction.keiba.rakuten.co.jp/item/13043,フレグモーネ / 跛行 / 骨折 / 骨片,
473,カシマスウィープ,牝,3,リアルスティール,480,2025-08-07,1090000,0,0,0.0,https://auction.keiba.rakuten.co.jp/item/14609,,
2552,ボグラーモデル,牡,3,ベンバトル,476,2026-02-08,1090000,0,0,0.0,https://auction.keiba.rakuten.co.jp/item/15639,,
64,リケアリングイネ,牝,2,リアルスティール,400,2025-11-13,1090000,600000,0,-55.0,https://auction.keiba.rakuten.co.jp/item/15303,脚部不安,
1217,ビーナスライズ,牝,4,デクラレーションオブウォー,495,2025-06-26,1090000,8400000,0,-770.6,https://auction.keiba.rakuten.co.jp/item/14370,,
1572,ヴァシロペス,セ,4,サトノクラウン,470,2025-02-13,1090000,8466000,0,-776.7,https://auction.keiba.rakuten.co.jp/item/13728,,
707,トラウムビルト,牝,4,ミッキーアイル,451,2025-08-28,1090000,2365000,0,-217.0,https://auction.keiba.rakuten.co.jp/item/14852,ゆう癖,
2126,ステラマリーナ,牝,3,エピファネイア,483,2024-11-07,1090000,1250000,0,-114.7,https://auction.keiba.rakuten.co.jp/item/13294,ボーンシスト,
1214,ゴールドパン,牝,3,モズアスコット,412,2025-06-26,1090000,3930000,0,-360.6,https://auction.keiba.rakuten.co.jp/item/14367,,
505,ディヒターリーベ,牝,3,サートゥルナーリア,458,2025-08-10,1090000,0,1705000,156.4,https://auction.keiba.rakuten.co.jp/item/14642,,
2519,フェレザ,牝,5,ドレフォン,464,2026-02-01,1090000,10650000,10650000,0.0,https://auction.keiba.rakuten.co.jp/item/15611,跛行 / 骨瘤,
474,ガーンディーヴァ,牝,3,ゴールドシップ,424,2025-08-07,1090000,0,0,0.0,https://auction.keiba.rakuten.co.jp/item/14610,骨折 / 骨片,
655,ショウナンナスカ,牡,3,リアルスティール,474,2025-08-28,1090000,0,0,0.0,https://auction.keiba.rakuten.co.jp/item/14798,跛行,
795,マハーギータ,牝,3,バゴ,414,2025-09-11,1080000,1400000,0,-129.6,https://auction.keiba.rakuten.co.jp/item/14942,,
1110,コスモマルーン,牝,5,ロージズインメイ,469,2025-06-05,1080000,17552000,0,-1625.2,https://auction.keiba.rakuten.co.jp/item/14261,,
1616,ヘキレキイッセン,牡,5,エイシンヒカリ,472,2025-02-27,1080000,2295000,0,-212.5,https://auction.keiba.rakuten.co.jp/item/13772,跛行 / 骨折,
1780,イリバーレ,牡,3,ビーチパトロール,472,2025-04-03,1080000,1185000,0,-109.7,https://auction.keiba.rakuten.co.jp/item/13942,,
2162,クエンカ,牡,2,トーセンレーヴ,468,2024-11-14,1080000,0,0,0.0,https://auction.keiba.rakuten.co.jp/item/13330,,
238,シェラーグボルテン,牡,2,フリオーソ,464,2025-10-23,1080000,0,0,0.0,https://auction.keiba.rakuten.co.jp/item/15178,,
1891,チュイション,牡,6,ディスクリートキャット,496,2024-09-19,1080000,12400000,0,-1148.1,https://auction.keiba.rakuten.co.jp/item/13056,繋靭帯炎,
275,エイカイゴールド,牝,4,ゴールドシップ,422,2025-09-18,1080000,4723000,0,-437.3,https://auction.keiba.rakuten.co.jp/item/15016,,
1781,ステイウィアード,牡,3,シャンハイボビー,587,2025-04-03,1080000,0,0,0.0,https://auction.keiba.rakuten.co.jp/item/13944,繋靭帯炎 / 裂蹄,
515,ディアサクセサー,セ,5,モーリス,518,2025-08-10,1080000,36674000,36890000,20.0,https://auction.keiba.rakuten.co.jp/item/14652,骨折 / 鼻出血,
508,エンブレイスメント,牝,3,サトノクラウン,470,2025-08-10,1070000,0,0,0.0,https://auction.keiba.rakuten.co.jp/item/14645,,
1134,イモータルソウル,牡,7,ルーラーシップ,460,2025-06-12,1070000,13135000,0,-1227.6,https://auction.keiba.rakuten.co.jp/item/14286,,
651,ヴィオラソナタ,牝,3,ヘニーヒューズ,504,2025-08-28,1070000,0,0,0.0,https://auction.keiba.rakuten.co.jp/item/14794,繋靭帯炎,
1118,キャラメルショコラ,牝,4,ニューイヤーズデイ,482,2025-06-08,1070000,2509000,0,-234.5,https://auction.keiba.rakuten.co.jp/item/14270,,
1299,ゴコウサス,牡,5,ラブリーデイ,497,2025-07-10,1070000,14443000,0,-1349.8,https://auction.keiba.rakuten.co.jp/item/14453,,
1476,イクアンロー,牝,3,オルフェーヴル,424,2025-01-23,1070000,0,1101000,102.9,https://auction.keiba.rakuten.co.jp/item/13631,,
2163,クリノチャールズ,牡,2,グレーターロンドン,428,2024-11-14,1070000,0,0,0.0,https://auction.keiba.rakuten.co.jp/item/13331,脚部不安 / 蹄葉炎,
832,フォーマイディア,牝,2,ベンバトル,427,2025-09-14,1070000,1430000,0,-133.6,https://auction.keiba.rakuten.co.jp/item/14979,,
590,シャインチャプチャ,セ,3,サトノクラウン,432,2025-08-21,1070000,0,0,0.0,https://auction.keiba.rakuten.co.jp/item/14729,,
943,エイシンポリシー,牝,4,エイシンヒカリ,470,2025-05-08,1070000,6900000,0,-644.9,https://auction.keiba.rakuten.co.jp/item/14092,ゆう癖,
152,アカザ,牝,6,ミッキーアイル,458,2025-11-27,1070000,32805000,0,-3065.9,https://auction.keiba.rakuten.co.jp/item/15379,,
1202,メイショウオハコ,牝,3,ルヴァンスレーヴ,404,2025-06-26,1060000,0,0,0.0,https://auction.keiba.rakuten.co.jp/item/14355,さく癖 / 骨瘤,
1389,ノーブルスパート,牡,2,フィエールマン,485,2024-12-26,1060000,0,0,0.0,https://auction.keiba.rakuten.co.jp/item/13544,挫跖,
1138,ピュアケミストリー,牝,4,ディスクリートキャット,496,2025-06-12,1060000,3120000,0,-294.3,https://auction.keiba.rakuten.co.jp/item/14290,跛行 / 骨折 / 骨片,
1019,カンナギ,牝,3,ゴールドシップ,414,2025-05-22,1060000,830000,0,-78.3,https://auction.keiba.rakuten.co.jp/item/14168,裂傷,
1004,タガノサダフ,牡,3,ノーブルミッション,468,2025-05-18,1060000,3030000,0,-285.8,https://auction.keiba.rakuten.co.jp/item/14153,,
390,フジュム,セ,3,ドレフォン,508,2025-07-24,1060000,0,0,0.0,https://auction.keiba.rakuten.co.jp/item/14526,,
1697,ゼンブママノセイ,牝,3,ミッキーアイル,384,2025-03-20,1060000,0,0,0.0,https://auction.keiba.rakuten.co.jp/item/13857,,
1901,トゥーザスターズ,牡,2,ウインブライト,464,2024-09-26,1060000,0,0,0.0,https://auction.keiba.rakuten.co.jp/item/13066,,
1951,ワイワイウォリアー,牡,5,マクフィ,483,2024-10-03,1060000,8485000,0,-800.5,https://auction.keiba.rakuten.co.jp/item/13116,挫跖,
1965,ハシリマッセ,牡,2,マジェスティックウォリアー,450,2024-10-10,1060000,0,0,0.0,https://auction.keiba.rakuten.co.jp/item/13131,ゆう癖,
2568,プリンスミノル,牡,7,ベーカバド,480,2026-02-12,10570000,69253000,0,-655.2,https://auction.keiba.rakuten.co.jp/item/15655,ゆう癖 / 感冒,
1967,クリノモルガナイト,牡,3,アスカクリチャン,468,2024-10-10,1050000,2930000,0,-279.0,https://auction.keiba.rakuten.co.jp/item/13133,,
1461,オメガジェットマン,牡,4,ブリックスアンドモルタル,525,2025-01-16,1050000,210000,0,-20.0,https://auction.keiba.rakuten.co.jp/item/13616,跛行 / 蹄葉炎,
1149,アラウズ,セ,3,ナダル,470,2025-06-19,1050000,0,0,0.0,https://auction.keiba.rakuten.co.jp/item/14301,骨折 / 骨瘤,
42,コスタデラルス,牡,3,パイロ,436,2025-11-06,1050000,8700000,8700000,0.0,https://auction.keiba.rakuten.co.jp/item/15275,,
1367,マイネルダグラス,牡,6,スクリーンヒーロー,518,2024-12-19,1050000,42780000,0,-4074.3,https://auction.keiba.rakuten.co.jp/item/13522,ゆう癖,
1713,パーチル,牝,6,ドレフォン,456,2025-03-20,1050000,10710000,0,-1020.0,https://auction.keiba.rakuten.co.jp/item/13873,挫跖,
2611,スマートハンター,牡,6,シャンハイボビー,514,2026-02-19,1050000,30830000,0,-2936.2,https://auction.keiba.rakuten.co.jp/item/15699,鼻出血,
628,メイストーム,牡,7,ディスクリートキャット,479,2025-08-21,1050000,24700000,0,-2352.4,https://auction.keiba.rakuten.co.jp/item/14769,,
2445,ストライプブルー,牡,3,ヴァンゴッホ,450,2026-01-08,1050000,0,0,0.0,https://auction.keiba.rakuten.co.jp/item/15534,,
1589,ウインフランシーズ,牝,5,ドゥラメンテ,470,2025-02-20,1050000,4205000,0,-400.5,https://auction.keiba.rakuten.co.jp/item/13745,ゆう癖,
96,タマコロリン,牝,2,ゴールドドリーム,470,2025-11-20,1050000,0,0,0.0,https://auction.keiba.rakuten.co.jp/item/15338,,
2139,ユメカナウケン,牝,3,トゥザワールド,440,2024-11-07,1050000,12458000,0,-1186.5,https://auction.keiba.rakuten.co.jp/item/13307,屈腱炎,
1551,アナザークイーン,牝,9,アイルハヴアナザー,473,2025-02-06,1050000,22105000,0,-2105.2,https://auction.keiba.rakuten.co.jp/item/13706,感冒,
389,ピュアコレクション,牝,3,スワーヴリチャード,436,2025-07-24,1050000,0,0,0.0,https://auction.keiba.rakuten.co.jp/item/14525,,
1838,ランドシュール,牡,3,ベストウォーリア,492,2024-09-12,1050000,0,2285000,217.6,https://auction.keiba.rakuten.co.jp/item/13002,,
1687,パシフィックハイツ,牝,4,レイデオロ,400,2025-03-13,1050000,0,0,0.0,https://auction.keiba.rakuten.co.jp/item/13847,角膜炎 / 骨折,○
1779,エコロディーナ,牝,3,ブリックスアンドモルタル,444,2025-04-03,1040000,830000,0,-79.8,https://auction.keiba.rakuten.co.jp/item/13941,,
650,アイルフィレール,牝,3,オルフェーヴル,446,2025-08-28,1040000,0,0,0.0,https://auction.keiba.rakuten.co.jp/item/14793,,
2575,レゾンドゥスリール,セ,8,ハーツクライ,488,2026-02-12,1040000,28916000,0,-2780.4,https://auction.keiba.rakuten.co.jp/item/15662,,
178,ペダンクルアーチ,セ,7,ダイワメジャー,499,2025-10-05,1040000,16430000,17316000,85.2,https://auction.keiba.rakuten.co.jp/item/15117,関節炎 / 骨折,
2099,エイシンチェンバー,牡,4,エイシンヒカリ,460,2024-10-31,1040000,5970000,0,-574.0,https://auction.keiba.rakuten.co.jp/item/13266,,
2157,クリノクレオパトラの23,牝,1,アメリカンペイトリオット,402,2024-11-14,1040000,0,0,0.0,https://auction.keiba.rakuten.co.jp/item/13325,,
852,デアパーディタ,牝,4,リオンディーズ,430,2025-04-17,1040000,12100000,0,-1163.5,https://auction.keiba.rakuten.co.jp/item/14000,脚部不安,
898,スティーロポリス,牡,5,リアルスティール,508,2025-04-24,1040000,7420000,0,-713.5,https://auction.keiba.rakuten.co.jp/item/14046,ゆう癖,
1896,ギャスケットの23,牝,1,ダノンレジェンド,371,2024-09-26,1040000,0,0,0.0,https://auction.keiba.rakuten.co.jp/item/13061,,
1063,テリオスルナ,牝,3,ヴァンセンヌ,408,2025-05-29,1040000,7200000,0,-692.3,https://auction.keiba.rakuten.co.jp/item/14213,,
1792,ヒロシゲウェーブ,セ,9,ダイワメジャー,457,2025-04-03,1040000,27994000,0,-2691.7,https://auction.keiba.rakuten.co.jp/item/13955,さく癖,
1230,クロスレート,牡,3,ビッグアーサー,472,2025-07-03,1040000,0,0,0.0,https://auction.keiba.rakuten.co.jp/item/14383,跛行 / 骨折 / 骨片,
2516,タガノナッシュビル,牝,3,アニマルキングダム,504,2026-02-01,1040000,0,0,0.0,https://auction.keiba.rakuten.co.jp/item/15607,,
2345,エバーステイ,牝,3,オルフェーヴル,402,2025-12-25,1040000,800000,0,-76.9,https://auction.keiba.rakuten.co.jp/item/15425,ゆう癖 / 旋回癖,
652,エアザキントス,牡,3,ブリックスアンドモルタル,462,2025-08-28,1040000,0,0,0.0,https://auction.keiba.rakuten.co.jp/item/14795,さく癖 / カケス / 跛行,
1840,クレアツィオーネ,牡,3,リオンディーズ,492,2024-09-12,1030000,180000,0,-17.5,https://auction.keiba.rakuten.co.jp/item/13004,さく癖,
1977,オメガエリタージュ,セ,7,ノヴェリスト,440,2024-10-10,1030000,56610000,0,-5496.1,https://auction.keiba.rakuten.co.jp/item/13143,腸捻転,
2308,カンフーダンス,牝,4,シャンハイボビー,494,2024-12-12,1030000,10800000,0,-1048.5,https://auction.keiba.rakuten.co.jp/item/13478,,
253,セイカフォルゴーレ,牡,6,キングズベスト,530,2025-12-25,1030000,39000000,0,-3786.4,https://auction.keiba.rakuten.co.jp/item/15404,,
401,ルラクソント,牡,3,Protectionist,484,2025-07-24,1030000,1100000,0,-106.8,https://auction.keiba.rakuten.co.jp/item/14537,打撲,
487,メイショウマチルダ,牝,3,カリフォルニアクローム,438,2025-08-07,1030000,1460000,0,-141.7,https://auction.keiba.rakuten.co.jp/item/14623,,
1499,マロンシャンテリー,牡,4,リオンディーズ,463,2025-01-23,1030000,5760000,0,-559.2,https://auction.keiba.rakuten.co.jp/item/13654,さく癖,
1447,サンマイメ,牡,3,タワーオブロンドン,474,2025-01-16,1030000,0,0,0.0,https://auction.keiba.rakuten.co.jp/item/13602,旋回癖,
462,セブンスプリングス,セ,3,ハービンジャー,466,2025-08-03,1030000,0,0,0.0,https://auction.keiba.rakuten.co.jp/item/14598,骨瘤,
2495,コスモグロボーサ,牡,3,ウインブライト,506,2026-01-11,1030000,0,0,0.0,https://auction.keiba.rakuten.co.jp/item/15560,裂蹄,
2595,モナート,牝,3,ウインブライト,424,2026-02-19,1030000,0,0,0.0,https://auction.keiba.rakuten.co.jp/item/15683,,
1873,カイゼルスベルグ,牡,3,キズナ,552,2024-09-19,1030000,0,0,0.0,https://auction.keiba.rakuten.co.jp/item/13038,,
665,ワンチャン,牝,3,レイデオロ,398,2025-08-28,1030000,0,0,0.0,https://auction.keiba.rakuten.co.jp/item/14809,,
2629,スティールソニック,牡,3,ホッコータルマエ,460,2026-02-26,1030000,4150000,0,-402.9,https://auction.keiba.rakuten.co.jp/item/15721,,
744,エイシンジンジャー,牡,2,ダノンレジェンド,452,2025-09-04,1020000,280000,0,-27.5,https://auction.keiba.rakuten.co.jp/item/14891,,
1532,コウバイ,牝,3,マツリダゴッホ,426,2025-02-06,1020000,0,0,0.0,https://auction.keiba.rakuten.co.jp/item/13687,さく癖,
1994,ゴールドクロス,牡,9,エスポワールシチー,510,2024-10-10,1020000,52095000,0,-5107.4,https://auction.keiba.rakuten.co.jp/item/13161,跛行,
966,オーケーサンダー,牡,4,サンダースノー,469,2025-05-11,1020000,3565000,0,-349.5,https://auction.keiba.rakuten.co.jp/item/14115,,
38,ギガントマキア,牡,2,モーニン,521,2025-11-06,1020000,2240000,2240000,0.0,https://auction.keiba.rakuten.co.jp/item/15271,,
1685,デルバイス,牡,6,アイルハヴアナザー,457,2025-03-13,1020000,13550000,0,-1328.4,https://auction.keiba.rakuten.co.jp/item/13845,挫跖,
1116,パープルティアラ,牝,3,ルーラーシップ,432,2025-06-08,1020000,1490000,0,-146.1,https://auction.keiba.rakuten.co.jp/item/14268,さく癖 / 骨折,
1142,アキノスマート,牡,8,スマートファルコン,500,2025-06-12,1020000,24790000,0,-2430.4,https://auction.keiba.rakuten.co.jp/item/14294,屈腱炎 / 骨折,
1751,サザンウィンド,牝,4,パイロ,461,2025-03-27,1020000,6990000,0,-685.3,https://auction.keiba.rakuten.co.jp/item/13913,,
700,エルキャピタン,牝,2,エピカリス,466,2025-08-28,1020000,375000,0,-36.8,https://auction.keiba.rakuten.co.jp/item/14845,跛行,
2322,エコロブレス,牡,3,パドトロワ,475,2024-12-12,1020000,5505000,0,-539.7,https://auction.keiba.rakuten.co.jp/item/13492,骨折,
252,クラウンハート,牡,3,シニスターミニスター,495,2025-12-25,1020000,7900000,0,-774.5,https://auction.keiba.rakuten.co.jp/item/15403,繋靭帯炎,
1265,ケイマノキコウシ,セ,3,イスラボニータ,508,2025-07-10,1020000,0,0,0.0,https://auction.keiba.rakuten.co.jp/item/14418,皮膚炎 / 蟻洞,
2022,メッチャサザン,牡,3,ブラックタイド,459,2024-10-17,1020000,3535000,0,-346.6,https://auction.keiba.rakuten.co.jp/item/13189,フレグモーネ / ボーンシスト,
768,ゴールドサニーデイ,牝,3,トーセンラー,412,2025-09-07,1020000,840000,0,-82.4,https://auction.keiba.rakuten.co.jp/item/14915,裂傷,
666,グランダイト,セ,3,ドレフォン,496,2025-08-28,1020000,85000,0,-8.3,https://auction.keiba.rakuten.co.jp/item/14810,DDSP,
761,アートコレクション,牡,3,パイロ,478,2025-09-04,1020000,7200000,0,-705.9,https://auction.keiba.rakuten.co.jp/item/14908,骨折,
1907,パララヴィクトリア,牝,4,ドレフォン,446,2024-09-26,1020000,1680000,0,-164.7,https://auction.keiba.rakuten.co.jp/item/13072,さく癖 / 擦過傷,
2042,ロッククリーク,セ,4,エピファネイア,490,2024-10-24,1020000,8200000,0,-803.9,https://auction.keiba.rakuten.co.jp/item/13209,,
32,ブロードグリン,牝,4,ルーラーシップ,446,2025-11-06,1020000,7670000,8251000,57.0,https://auction.keiba.rakuten.co.jp/item/15266,OCD,
1232,スイモアマイモ,牝,3,モーリス,416,2025-07-03,1020000,0,0,0.0,https://auction.keiba.rakuten.co.jp/item/14385,,
1569,ピンクノバラ,牝,3,レガルスイ,446,2025-02-13,1020000,2705000,0,-265.2,https://auction.keiba.rakuten.co.jp/item/13725,,
2267,スパイスマン,牡,2,カリフォルニアクローム,438,2024-12-05,1020000,0,0,0.0,https://auction.keiba.rakuten.co.jp/item/13437,,
1607,ステラブローニュ,牝,3,スワーヴリチャード,456,2025-02-27,1020000,0,0,0.0,https://auction.keiba.rakuten.co.jp/item/13763,跛行,
1654,フォートウィリアム,セ,6,モーリス,507,2025-03-06,1010000,11727000,0,-1161.1,https://auction.keiba.rakuten.co.jp/item/13814,,
1879,インクルードダイヤ,牝,4,サトノダイヤモンド,468,2024-09-19,1010000,11900000,0,-1178.2,https://auction.keiba.rakuten.co.jp/item/13044,鼻出血,
1062,ストームレーン,牡,3,オルフェーヴル,426,2025-05-29,1010000,2900000,0,-287.1,https://auction.keiba.rakuten.co.jp/item/14212,旋回癖 / 骨折 / 骨瘤,
2140,デイジーロック,牝,4,ダンカーク,494,2024-11-07,1010000,1166000,0,-115.4,https://auction.keiba.rakuten.co.jp/item/13308,屈腱炎,
2270,シュヴァルツナーガ,牝,4,ビーチパトロール,450,2024-12-05,1010000,2100000,0,-207.9,https://auction.keiba.rakuten.co.jp/item/13440,,
21,ジーティーポライト,牝,4,ハービンジャー,468,2025-10-26,1010000,3500000,0,-346.5,https://auction.keiba.rakuten.co.jp/item/15203,,
1920,ケンスピリタス,牡,3,マジェスティックウォリアー,480,2024-09-26,1010000,4700000,0,-465.3,https://auction.keiba.rakuten.co.jp/item/13085,,
428,スカリーワグ,牡,7,ドゥラメンテ,501,2025-07-27,1010000,25520000,0,-2526.7,https://auction.keiba.rakuten.co.jp/item/14564,DDSP / さく癖 / 骨折 / 骨片 / 骨膜炎,
813,インサイダー,セ,4,イスラボニータ,474,2025-09-11,1010000,8890000,0,-880.2,https://auction.keiba.rakuten.co.jp/item/14960,,
1454,パロサント,牝,4,ロードカナロア,430,2025-01-16,1010000,3860000,0,-382.2,https://auction.keiba.rakuten.co.jp/item/13609,,
1098,マッセダムール,牝,3,レイデオロ,422,2025-06-05,1010000,0,0,0.0,https://auction.keiba.rakuten.co.jp/item/14249,骨瘤,
1289,メイショウコホク,セ,8,ダイワメジャー,480,2025-07-10,1010000,27990000,0,-2771.3,https://auction.keiba.rakuten.co.jp/item/14443,,
699,エイシンチアーズ,牝,2,ホッコータルマエ,440,2025-08-28,1010000,35000,0,-3.5,https://auction.keiba.rakuten.co.jp/item/14844,,
335,エイシンシームレス,牝,2,サトノアレス,451,2025-10-02,1010000,1174000,0,-116.2,https://auction.keiba.rakuten.co.jp/item/15078,,
913,セットリスト,牝,6,キタサンブラック,500,2025-04-24,1010000,0,0,0.0,https://auction.keiba.rakuten.co.jp/item/14061,骨折 / 骨片,○
2373,パルジファル,牡,3,ミッキーロケット,470,2025-12-25,1010000,315000,0,-31.2,https://auction.keiba.rakuten.co.jp/item/15461,,
1495,バエル,牝,4,ホークビル,446,2025-01-23,1010000,3055000,0,-302.5,https://auction.keiba.rakuten.co.jp/item/13650,感冒,
2437,ペルセイズ,牡,4,ダノンレジェンド,527,,1010000,7088000,8558000,145.5,https://auction.keiba.rakuten.co.jp/item/14114,骨折,
1652,フォーサイティド,牝,5,アジアエクスプレス,509,2025-03-06,1010000,12180000,0,-1205.9,https://auction.keiba.rakuten.co.jp/item/13812,脚部不安 / 骨折,
1151,クロライナ,セ,3,アルアイン,486,2025-06-19,1010000,0,0,0.0,https://auction.keiba.rakuten.co.jp/item/14303,DDSP,
1047,エスカラムサ,牝,3,デクラレーションオブウォー,458,2025-05-29,1010000,0,0,0.0,https://auction.keiba.rakuten.co.jp/item/14197,,
1168,グラフ,牝,4,ヘニーヒューズ,471,2025-06-19,1000000,2243000,0,-224.3,https://auction.keiba.rakuten.co.jp/item/14321,,
220,サツキグレイの24,牝,1,ブルドッグボス,470,2025-10-16,1000000,0,0,0.0,https://auction.keiba.rakuten.co.jp/item/15159,,
375,スリーカーニバルの23,牝,2,ダノンスマッシュ,511,2025-07-24,1000000,0,0,0.0,https://auction.keiba.rakuten.co.jp/item/14510,,
256,スーパーノーマル,牝,10,ロードカナロア,400,2025-12-25,1000000,0,0,0.0,https://auction.keiba.rakuten.co.jp/item/15406,,○
1537,センチュリボンド,牡,4,キズナ,474,2025-02-06,1000000,18168000,0,-1816.8,https://auction.keiba.rakuten.co.jp/item/13692,屈腱炎,
156,パールヴァティー,牝,13,タイキシャトル,400,2025-11-27,1000000,0,0,0.0,https://auction.keiba.rakuten.co.jp/item/15383,,○
2024,ハッピースパイラル,牝,5,リオンディーズ,480,2024-10-17,1000000,8360000,0,-836.0,https://auction.keiba.rakuten.co.jp/item/13191,さく癖 / 蟻洞,
1366,スマイルヴィヴァン,牝,6,パイロ,420,2024-12-19,1000000,12215000,0,-1221.5,https://auction.keiba.rakuten.co.jp/item/13521,,
2025,エイシンクレモナ,牡,5,パイロ,528,2024-10-17,1000000,9581000,0,-958.1,https://auction.keiba.rakuten.co.jp/item/13192,骨折 / 骨片,
633,ワールドフォースの24,牝,1,マクマホン,401,2025-08-24,1000000,0,0,0.0,https://auction.keiba.rakuten.co.jp/item/14776,,
2173,ビーストアタック,牝,5,ヘニーヒューズ,480,2024-11-14,1000000,25890000,0,-2589.0,https://auction.keiba.rakuten.co.jp/item/13341,蟻洞 / 跛行 / 骨折,
451,マーゴットメネス,牡,4,レイデオロ,484,2025-07-31,1000000,6050000,0,-605.0,https://auction.keiba.rakuten.co.jp/item/14587,,
2112,グランノーヴ,牡,2,エポカドーロ,424,2024-11-07,1000000,0,0,0.0,https://auction.keiba.rakuten.co.jp/item/13280,,
258,モーニングリズ,牝,21,Acatenango,400,2025-12-25,1000000,0,0,0.0,https://auction.keiba.rakuten.co.jp/item/15408,,○
257,ステラムーン,牝,14,アドマイヤムーン,400,2025-12-25,1000000,0,0,0.0,https://auction.keiba.rakuten.co.jp/item/15407,,○
1249,カード,牝,7,カジノドライヴ,464,2025-07-03,1000000,24160000,0,-2416.0,https://auction.keiba.rakuten.co.jp/item/14402,,
2239,クリノカイザー,牡,6,スマートファルコン,540,2024-11-21,1000000,16995000,0,-1699.5,https://auction.keiba.rakuten.co.jp/item/13408,喉鳴り / 鼻出血,
1533,シャイニーカラーズ,牝,3,レッドファルクス,478,2025-02-06,1000000,0,0,0.0,https://auction.keiba.rakuten.co.jp/item/13688,蟻洞,
254,マホウノランプ,牝,3,サトノアラジン,400,2025-12-25,1000000,0,0,0.0,https://auction.keiba.rakuten.co.jp/item/15405,,○
2252,ベルスバラード,牝,2,マジェスティックウォリアー,422,2024-11-28,1000000,1400000,0,-140.0,https://auction.keiba.rakuten.co.jp/item/13421,,
2034,ドンドンキードンの23,牡,1,アスクピーターパン,385,2024-10-24,1000000,0,0,0.0,https://auction.keiba.rakuten.co.jp/item/13201,,
1527,キョウエイパラスト,牡,8,エスケンデレヤ,545,2025-01-30,1000000,20540000,0,-2054.0,https://auction.keiba.rakuten.co.jp/item/13682,骨折,
1849,ハートライト,牝,3,エピファネイア,468,2024-09-12,1000000,3680000,0,-368.0,https://auction.keiba.rakuten.co.jp/item/13013,,
1802,モンテオブール,牝,3,ブリックスアンドモルタル,431,2025-04-10,1000000,0,0,0.0,https://auction.keiba.rakuten.co.jp/item/13965,さく癖 / ゆう癖 / 旋回癖,
185,ヒロスズラン,牝,3,モーニン,472,2025-10-09,1000000,960000,1640000,68.0,https://auction.keiba.rakuten.co.jp/item/15124,,
1874,リヴィングカラー,牝,3,カリフォルニアクローム,394,2024-09-19,1000000,0,0,0.0,https://auction.keiba.rakuten.co.jp/item/13039,骨瘤,
2413,ナムラパピ,牝,2,キセキ,428,2025-12-25,1000000,0,0,0.0,https://auction.keiba.rakuten.co.jp/item/15511,,
2273,シャドウダッチェス,牝,4,ヘニーヒューズ,488,2024-12-05,1000000,15090000,0,-1509.0,https://auction.keiba.rakuten.co.jp/item/13443,骨折,
219,ウィッシングタイムの24,牡,1,トーセンレーヴ,439,2025-10-16,1000000,0,0,0.0,https://auction.keiba.rakuten.co.jp/item/15158,,
1391,エーオ,牡,2,デクラレーションオブウォー,438,2024-12-26,1000000,0,5467000,546.7,https://auction.keiba.rakuten.co.jp/item/13546,,
969,イントゥザファイア,牡,5,ベルシャザール,482,2025-05-11,1000000,7051000,0,-705.1,https://auction.keiba.rakuten.co.jp/item/14118,裂蹄 / 骨折,
1245,アルジャヒリ,牡,4,アルアイン,455,2025-07-03,1000000,1480000,0,-148.0,https://auction.keiba.rakuten.co.jp/item/14398,感冒 / 跛行,
632,シゲラの24,牝,1,マクマホン,413,2025-08-24,1000000,0,0,0.0,https://auction.keiba.rakuten.co.jp/item/14775,,
623,フルブースト,牝,4,スワーヴリチャード,456,2025-08-21,100000,1193000,0,-1193.0,https://auction.keiba.rakuten.co.jp/item/14764,跛行 / 骨折,
2029,ヌーヴォモンド,牝,11,エンパイアメーカー,480,2024-10-17,100000,0,0,0.0,https://auction.keiba.rakuten.co.jp/item/13196,,○
2106,セレスティーヌ,牝,12,ハーツクライ,400,2024-10-31,100000,0,0,0.0,https://auction.keiba.rakuten.co.jp/item/13274,,○